Year,Round,EventName,EventDate,Circuit,Abbreviation,FullName,TeamName,GridPosition,QualifyingPosition,Position,Points,Status,BestQualiTime,PoleTime,QualifyingGapToPole,QualiGapZScore,DriverFormLast3,TeamFormLast3,DriverDNFRateLast5,DriverCircuitAvg,TeamMomentum,PoleToP2Gap,RaceVsQualiPace,HasGridPenalty,IsStreetCircuit
2022,1,Bahrain Grand Prix,2022-03-20,Sakhir,ALB,Alexander Albon,Williams,14,14,13,0,Finished,92.664,90.558,2.106,0.8832161384,,,,,,0.123,,0,0
2022,2,Saudi Arabian Grand Prix,2022-03-27,Jeddah,ALB,Alexander Albon,Williams,16,17,14,0,Collision damage,90.492,88.2,2.292,1.035653424,13,14.5,0,,,0.025,,0,1
2022,3,Australian Grand Prix,2022-04-10,Melbourne,ALB,Alexander Albon,Williams,20,16,10,1,Finished,80.135,77.868,2.267,0.8567173118,13.5,15.25,0,,,0.286,-2,1,0
2022,4,Emilia Romagna Grand Prix,2022-04-24,Imola,ALB,Alexander Albon,Williams,18,20,11,0,+1 Lap,,78.793,,,12.33333333,14.5,0,,-0.4,0.003,-3.333333333,0,0
2022,5,Miami Grand Prix,2022-05-08,Miami,ALB,Alexander Albon,Williams,18,18,9,2,Finished,91.266,88.796,2.47,1.632424092,11.66666667,14.16666667,0,,-0.3,0.19,-4.75,0,1
2022,6,Spanish Grand Prix,2022-05-22,Barcelona,ALB,Alexander Albon,Williams,18,19,18,0,+2 Laps,81.645,78.75,2.895,1.541892139,10,12.66666667,0,,-0.6,0.323,-5.6,0,0
2022,7,Monaco Grand Prix,2022-05-29,Monaco,ALB,Alexander Albon,Williams,16,16,18,0,Mechanical,73.611,71.376,2.235,0.7857587943,12.66666667,14,0,,0.9,0.225,-5.6,0,1
2022,8,Azerbaijan Grand Prix,2022-06-12,Baku,ALB,Alexander Albon,Williams,17,17,12,0,+1 Lap,104.719,101.359,3.36,0.9811867077,15,15,0.2,,0.2,0.282,-4.6,0,1
2022,9,Canadian Grand Prix,2022-06-19,Montréal,ALB,Alexander Albon,Williams,12,12,13,0,Finished,86.858,81.299,5.559,0.04537912877,16,15.66666667,0.2,,-0.8,0.645,-4.4,0,0
2022,10,British Grand Prix,2022-07-03,Silverstone,ALB,Alexander Albon,Williams,16,16,20,0,Collision,102.078,100.19,1.888,0.6403513307,14.33333333,14.83333333,0.2,,0.3,0,-2.4,0,0
2022,11,Austrian Grand Prix,2022-07-10,Spielberg,ALB,Alexander Albon,Williams,15,11,12,0,+1 Lap,66.23,64.984,1.246,0.223541539,15,14.66666667,0.4,,0.1,0.029,0.2,1,0
2022,12,French Grand Prix,2022-07-24,Le Castellet,ALB,Alexander Albon,Williams,13,15,13,0,Finished,93.307,90.872,2.435,0.7504471295,15,15.33333333,0.4,,-0.2,0.304,0.6,0,0
2022,13,Hungarian Grand Prix,2022-07-31,Budapest,ALB,Alexander Albon,Williams,17,17,17,0,+1 Lap,79.256,77.377,1.879,1.077895758,15,15.5,0.2,,1.1,0.044,-0.2,0,0
2022,14,Belgian Grand Prix,2022-08-28,Spa-Francorchamps,ALB,Alexander Albon,Williams,6,9,10,1,Finished,105.672,103.665,2.007,-0.01948175617,14,16,0.2,,0.2,0.632,0.8,0,0
2022,15,Dutch Grand Prix,2022-09-04,Zandvoort,ALB,Alexander Albon,Williams,15,15,12,0,Finished,71.695,70.342,1.353,0.304637811,13.33333333,15.5,0.2,,-0.5,0.021,0.8,0,0
2022,17,Singapore Grand Prix,2022-10-02,Marina Bay,ALB,Alexander Albon,Williams,18,19,17,0,Collision damage,116.985,109.412,7.573,1.402113005,13,13.66666667,0,,-0.9,0.022,-0.6,0,1
2022,18,Japanese Grand Prix,2022-10-09,Suzuka,ALB,Alexander Albon,Williams,16,16,20,0,Hydraulics,91.311,89.304,2.007,1.071467362,13,15,0.2,,1,0.01,-1.2,0,0
2022,19,United States Grand Prix,2022-10-23,Austin,ALB,Alexander Albon,Williams,8,11,13,0,Finished,96.368,94.356,2.012,0.3866552296,16.33333333,14.83333333,0.4,,-0.9,0.065,0,0,0
2022,20,Mexico City Grand Prix,2022-10-30,Mexico City,ALB,Alexander Albon,Williams,17,19,12,0,+1 Lap,80.859,77.775,3.084,1.556240128,16.66666667,15.83333333,0.4,,-1.1,0.304,0.4,0,0
2022,21,São Paulo Grand Prix,2022-11-13,São Paulo,ALB,Alexander Albon,Williams,19,11,15,0,Finished,71.631,71.41,0.221,-0.527996019,15,14.83333333,0.4,,1.7,0,-1.2,1,0
2022,22,Abu Dhabi Grand Prix,2022-11-20,Yas Island,ALB,Alexander Albon,Williams,19,19,13,0,+1 Lap,86.028,83.824,2.204,1.433754852,13.33333333,15.16666667,0.4,,0.1,0.228,0.2,0,0
2023,1,Bahrain Grand Prix,2023-03-05,Sakhir,ALB,Alexander Albon,Williams,15,15,10,1,Finished,91.461,89.708,1.753,0.5516111772,13.33333333,15.5,0.2,13,0,0.138,-0.6,0,0
2023,2,Saudi Arabian Grand Prix,2023-03-19,Jeddah,ALB,Alexander Albon,Williams,17,17,19,0,Retired,89.994,88.265,1.729,0.1189863911,12.66666667,14.16666667,0,14,-1.1,0.155,-2.4,0,1
2023,3,Australian Grand Prix,2023-04-02,Melbourne,ALB,Alexander Albon,Williams,8,8,19,0,Retired,77.609,76.732,0.877,-0.2320304911,14,14.83333333,0.2,10,0.3,0.236,-2.4,0,0
2023,4,Azerbaijan Grand Prix,2023-04-30,Baku,ALB,Alexander Albon,Williams,12,13,12,0,Finished,101.818,100.203,1.615,-0.18124665,16,15.33333333,0.4,12,0.8,0.188,1.2,0,1
2023,5,Miami Grand Prix,2023-05-07,Miami,ALB,Alexander Albon,Williams,11,11,14,0,Finished,87.795,86.841,0.954,0.0566269039,16.66666667,16.33333333,0.4,9,-0.7,0.256,0.2,0,1
2023,6,Monaco Grand Prix,2023-05-28,Monaco,ALB,Alexander Albon,Williams,13,13,14,0,Lapped,72.527,71.365,1.162,0.2329150643,15,16.16666667,0.4,18,1,0.084,2,0,1
2023,7,Spanish Grand Prix,2023-06-04,Barcelona,ALB,Alexander Albon,Williams,18,18,16,0,Lapped,74.063,72.272,1.791,1.157846197,13.33333333,15.66666667,0.4,18,0.4,0.462,3.2,0,0
2023,8,Canadian Grand Prix,2023-06-18,Montréal,ALB,Alexander Albon,Williams,9,10,7,6,Finished,78.725,79.092,0,-1.31329931,14.66666667,17,0.2,13,0.2,1.213,2.4,0,0
2023,9,Austrian Grand Prix,2023-07-02,Spielberg,ALB,Alexander Albon,Williams,10,10,11,0,Finished,65.387,64.391,0.996,0.2449801908,12.33333333,15.83333333,0,12,-0.5,0.048,-0.4,0,0
2023,10,British Grand Prix,2023-07-09,Silverstone,ALB,Alexander Albon,Williams,8,8,8,4,Finished,87.53,86.72,0.81,-0.6554648959,11.33333333,14.5,0,20,-1,0.241,0,0,0
2023,11,Hungarian Grand Prix,2023-07-23,Budapest,ALB,Alexander Albon,Williams,16,16,11,0,Lapped,78.917,76.609,2.308,1.285859153,8.666666667,11.66666667,0,17,-2.1,0.003,-0.6,0,0
2023,12,Belgian Grand Prix,2023-07-30,Spa-Francorchamps,ALB,Alexander Albon,Williams,15,16,14,0,Finished,120.314,106.168,10,1.164285816,10,12,0,10,1.3,0.82,-1.8,0,0
2023,13,Dutch Grand Prix,2023-08-27,Zandvoort,ALB,Alexander Albon,Williams,4,4,8,4,Finished,71.419,70.567,0.852,-1.089445934,11,13.16666667,0,12,1.5,0.537,-1.8,0,0
2023,14,Italian Grand Prix,2023-09-03,Monza,ALB,Alexander Albon,Williams,6,6,7,6,Finished,80.76,80.294,0.466,-0.809711883,11,14.66666667,0,,-0.2,0.013,-0.4,0,0
2023,15,Singapore Grand Prix,2023-09-17,Marina Bay,ALB,Alexander Albon,Williams,14,14,11,0,Finished,92.668,90.984,1.684,0.7741238549,9.666666667,13.16666667,0,17,-0.9,0.072,-0.4,0,1
2023,16,Japanese Grand Prix,2023-09-24,Suzuka,ALB,Alexander Albon,Williams,13,13,16,0,Retired,90.537,88.877,1.66,0.3712235569,8.666666667,12.16666667,0,20,-0.8,0.581,-1,0,0
2023,17,Qatar Grand Prix,2023-10-08,Lusail,ALB,Alexander Albon,Williams,13,14,13,0,Finished,85.707,83.778,1.929,0.402583592,11.33333333,13,0.2,,1.3,0.441,0.6,0,0
2023,18,United States Grand Prix,2023-10-22,Austin,ALB,Alexander Albon,Williams,15,18,9,2,Finished,96.315,94.723,1.592,1.145231751,13.33333333,14.83333333,0.2,13,0.5,0.13,0.8,0,0
2023,19,Mexico City Grand Prix,2023-10-29,Mexico City,ALB,Alexander Albon,Williams,14,14,9,2,Finished,78.828,77.166,1.662,0.4889536419,12.66666667,13.83333333,0.2,12,-1.8,0.067,-1.8,0,0
2023,20,São Paulo Grand Prix,2023-11-05,São Paulo,ALB,Alexander Albon,Williams,13,15,19,0,Retired,70.621,70.162,0.459,0.315059184,10.33333333,12.5,0.2,15,-0.4,0.141,-3,0,0
2023,21,Las Vegas Grand Prix,2023-11-18,Las Vegas,ALB,Alexander Albon,Williams,5,6,12,0,Finished,93.323,92.726,0.597,-0.6579134361,12.33333333,12.33333333,0.4,,1.2,0.044,-1.6,0,1
2023,22,Abu Dhabi Grand Prix,2023-11-26,Yas Island,ALB,Alexander Albon,Williams,14,14,14,0,Finished,84.298,83.445,0.853,0.1828361868,13.33333333,13.83333333,0.2,13,-0.7,0.139,-1,0,0
2024,1,Bahrain Grand Prix,2024-03-02,Sakhir,ALB,Alexander Albon,Williams,13,13,15,0,Lapped,90.221,89.179,1.042,0.3457640755,15,14.66666667,0.2,11.5,1.2,0,-0.8,0,0
2024,2,Saudi Arabian Grand Prix,2024-03-09,Jeddah,ALB,Alexander Albon,Williams,12,12,11,0,Finished,88.98,87.472,1.508,0.6236901917,13.66666667,15.5,0.2,16.5,0.9,0.319,1.4,0,1
2024,3,Australian Grand Prix,2024-03-24,Melbourne,ALB,Alexander Albon,Williams,12,12,11,0,Lapped,77.13,75.915,1.215,0.1639883337,13.33333333,15,0.2,14.5,-0.8,0.27,2.2,0,0
2024,4,Japanese Grand Prix,2024-04-07,Suzuka,ALB,Alexander Albon,Williams,14,14,20,0,Retired,89.714,88.197,1.517,0.6410690917,12.33333333,13.66666667,0,18,-1.4,0.066,1.2,0,0
2024,5,Chinese Grand Prix,2024-04-21,Shanghai,ALB,Alexander Albon,Williams,14,14,12,0,Finished,95.241,93.66,1.581,0.5772780113,14,14,0.2,,1.8,0.322,1.2,0,0
2024,6,Miami Grand Prix,2024-05-05,Miami,ALB,Alexander Albon,Williams,14,14,18,0,Finished,88.343,87.241,1.102,0.6219148067,14.33333333,14.66666667,0.2,11.5,0.4,0.141,0.8,0,1
2024,7,Emilia Romagna Grand Prix,2024-05-19,Imola,ALB,Alexander Albon,Williams,14,14,20,0,Retired,76.2,74.746,1.454,0.6561633808,16.66666667,17.33333333,0.2,11,1.2,0.074,1.2,0,0
2024,8,Monaco Grand Prix,2024-05-26,Monaco,ALB,Alexander Albon,Williams,9,9,9,2,Lapped,70.948,70.27,0.678,-0.4103164158,16.66666667,17.33333333,0.4,16,0.2,0.154,2.6,0,1
2024,9,Canadian Grand Prix,2024-06-09,Montréal,ALB,Alexander Albon,Williams,10,10,17,0,Retired,72.485,71.742,0.743,-0.3184106618,15.66666667,16.5,0.4,10,-2.1,0.258,2.8,0,0
2024,10,Spanish Grand Prix,2024-06-23,Barcelona,ALB,Alexander Albon,Williams,20,19,18,0,Lapped,73.153,71.383,1.77,1.453179965,15.33333333,16.33333333,0.4,17,1.4,0.02,3,0,0
2024,11,Austrian Grand Prix,2024-06-30,Spielberg,ALB,Alexander Albon,Williams,16,16,15,0,Lapped,65.736,64.314,1.422,0.999502615,14.66666667,16.5,0.4,11.5,1.1,0.404,3.2,0,0
2024,12,British Grand Prix,2024-07-07,Silverstone,ALB,Alexander Albon,Williams,9,9,9,2,Finished,86.64,85.819,0.821,-0.5588809123,16.66666667,18.16666667,0.4,14,-0.5,0.171,2.2,0,0
2024,13,Hungarian Grand Prix,2024-07-21,Budapest,ALB,Alexander Albon,Williams,13,13,14,0,Lapped,76.429,75.227,1.202,-0.06998205998,14,15.33333333,0.2,14,-2.4,0.022,1,0,0
2024,14,Belgian Grand Prix,2024-07-28,Spa-Francorchamps,ALB,Alexander Albon,Williams,10,11,12,0,Finished,114.473,113.159,1.314,-0.3319917183,12.66666667,14.16666667,0.2,12,0.1,0.595,1.2,0,0
2024,15,Dutch Grand Prix,2024-08-25,Zandvoort,ALB,Alexander Albon,Williams,19,10,14,0,Lapped,70.653,69.673,0.98,-0.3764551277,11.66666667,13.33333333,0,10,1,0.356,0,1,0
2024,16,Italian Grand Prix,2024-09-01,Monza,ALB,Alexander Albon,Williams,9,9,9,2,Finished,80.299,79.327,0.972,0.02247560534,13.33333333,15,0,7,0,0.109,1,0,0
2024,17,Azerbaijan Grand Prix,2024-09-15,Baku,ALB,Alexander Albon,Williams,9,10,7,6,Finished,102.84,101.365,1.475,0.06153315617,11.66666667,13.33333333,0,12,-1.5,0.321,1.2,0,1
2024,18,Singapore Grand Prix,2024-09-22,Marina Bay,ALB,Alexander Albon,Williams,11,11,20,0,Retired,90.474,89.525,0.949,0.02741560201,10,11,0,14,-1.8,0.155,0.6,0,1
2024,19,United States Grand Prix,2024-10-20,Austin,ALB,Alexander Albon,Williams,14,16,16,0,Lapped,94.051,92.33,1.721,1.156597044,12,11.16666667,0.2,11,1.1,0.031,2.2,0,0
2024,20,Mexico City Grand Prix,2024-10-27,Mexico City,ALB,Alexander Albon,Williams,9,9,19,0,Retired,76.988,75.946,1.042,-0.02174243994,14.33333333,12,0.2,10.5,0,0.225,2,0,0
2024,21,São Paulo Grand Prix,2024-11-03,São Paulo,ALB,Alexander Albon,Williams,7,7,18,0,Did not start,84.657,83.405,1.252,-0.8910536443,18.33333333,14.66666667,0.4,17,0.5,0.173,3.2,0,0
2024,22,Las Vegas Grand Prix,2024-11-23,Las Vegas,ALB,Alexander Albon,Williams,17,18,19,0,Retired,94.425,92.312,2.113,1.465072023,17.66666667,15.33333333,0.6,12,1.3,0.098,5.4,0,1
2024,23,Qatar Grand Prix,2024-12-01,Lusail,ALB,Alexander Albon,Williams,16,16,15,0,Lapped,82.39,80.52,1.87,1.239097185,18.66666667,16.5,0.8,13,0.5,0.055,6.2,0,0
2024,24,Abu Dhabi Grand Prix,2024-12-08,Yas Island,ALB,Alexander Albon,Williams,18,16,11,0,Lapped,83.821,82.595,1.226,1.070997224,17.33333333,17,0.6,13.5,0,0.209,4.2,0,0
2025,1,Australian Grand Prix,2025-03-16,Melbourne,ALB,Alexander Albon,Williams,6,6,5,10,Finished,75.737,75.096,0.641,-0.5809296336,15,16.16666667,0.6,13.33333333,0.6,0.084,3.2,0,0
2025,2,Chinese Grand Prix,2025-03-23,Shanghai,ALB,Alexander Albon,Williams,10,10,7,6,Finished,91.503,90.641,0.862,0.1411887873,10.33333333,14.5,0.4,12,-0.8,0.082,1,0,0
2025,3,Japanese Grand Prix,2025-04-06,Suzuka,ALB,Alexander Albon,Williams,9,9,9,2,Finished,87.615,86.983,0.632,-0.3741627135,7.666666667,11.66666667,0.2,18.66666667,-1.6,0.012,-1.8,0,0
2025,4,Bahrain Grand Prix,2025-04-13,Sakhir,ALB,Alexander Albon,Williams,15,15,12,0,Finished,92.04,89.841,2.199,1.04201719,7,10.5,0,12.66666667,-0.6,0.168,-2,0,0
2025,5,Saudi Arabian Grand Prix,2025-04-20,Jeddah,ALB,Alexander Albon,Williams,11,11,9,2,Finished,88.109,87.294,0.815,-0.1003469034,9.333333333,11.83333333,0,14.66666667,2.1,0.01,-2.4,0,1
2025,6,Miami Grand Prix,2025-05-04,Miami,ALB,Alexander Albon,Williams,7,7,5,10,Finished,86.682,86.204,0.478,-0.5217521051,10,11.83333333,0,13.66666667,-1.5,0.065,-1.8,0,1
2025,7,Emilia Romagna Grand Prix,2025-05-18,Imola,ALB,Alexander Albon,Williams,7,7,5,10,Finished,75.473,74.67,0.803,-0.3050327226,8.666666667,10.33333333,0,15.5,-2.4,0.034,-2,0,0
2025,8,Monaco Grand Prix,2025-05-25,Monaco,ALB,Alexander Albon,Williams,10,10,9,2,Lapped,70.732,69.954,0.778,-0.6375206696,6.333333333,7.333333333,0,13.66666667,0,0.109,-1.8,0,1
2025,9,Spanish Grand Prix,2025-06-01,Barcelona,ALB,Alexander Albon,Williams,11,11,19,0,Retired,72.641,71.546,1.095,0.2300473771,6.333333333,7.666666667,0,17.33333333,0.6,0.209,-2,0,0
2025,10,Canadian Grand Prix,2025-06-15,Montréal,ALB,Alexander Albon,Williams,9,10,20,0,Retired,71.892,70.899,0.993,-0.03077330226,11,10.83333333,0.2,12.33333333,2.2,0.16,0.2,0,0
2025,11,Austrian Grand Prix,2025-06-29,Spielberg,ALB,Alexander Albon,Williams,12,12,17,0,Retired,65.143,63.971,1.172,0.3617722726,16,13.66666667,0.4,12.66666667,0.1,0.521,2.6,0,0
2025,12,British Grand Prix,2025-07-06,Silverstone,ALB,Alexander Albon,Williams,13,14,8,4,Finished,85.889,84.892,0.997,0.2555692608,18.66666667,16.66666667,0.6,12.33333333,0.9,0.103,4,0,0
2025,13,Belgian Grand Prix,2025-07-27,Spa-Francorchamps,ALB,Alexander Albon,Williams,5,5,6,8,Finished,101.201,100.562,0.639,-0.5358238909,15,14.5,0.6,12,-0.5,0.064,3.2,0,0
2025,14,Hungarian Grand Prix,2025-08-03,Budapest,ALB,Alexander Albon,Williams,19,20,15,0,Lapped,76.223,75.372,0.851,2.049664122,10.33333333,13.5,0.6,14,-0.6,0,3.6,0,0
2025,15,Dutch Grand Prix,2025-08-31,Zandvoort,ALB,Alexander Albon,Williams,15,15,5,10,Finished,69.652,68.662,0.99,0.346649128,9.666666667,12.16666667,0.4,11.33333333,1.3,0.012,1,0,0
2025,16,Italian Grand Prix,2025-09-07,Monza,ALB,Alexander Albon,Williams,14,14,7,6,Finished,79.583,78.792,0.791,0.2837264921,8.666666667,11.83333333,0.2,8,-2,0.077,-3,0,0
2025,17,Azerbaijan Grand Prix,2025-09-21,Baku,ALB,Alexander Albon,Williams,19,19,13,0,Finished,103.778,101.117,2.661,2.438510038,9,10.83333333,0,10.33333333,-0.4,0.478,-5.4,0,1
2025,18,Singapore Grand Prix,2025-10-05,Marina Bay,ALB,Alexander Albon,Williams,20,19,14,0,Lapped,,89.158,,,8.333333333,8.666666667,0,16,-1.4,0.182,-5.4,0,1
2025,19,United States Grand Prix,2025-10-19,Austin,ALB,Alexander Albon,Williams,18,19,14,0,Finished,94.69,92.51,2.18,2.062352462,11.33333333,9.666666667,0,12.66666667,-0.1,0.291,-6.6,0,0
2025,20,Mexico City Grand Prix,2025-10-26,Mexico City,ALB,Alexander Albon,Williams,17,17,12,0,Lapped,77.49,75.586,1.904,1.24979484,13.66666667,12.33333333,0,13.33333333,3.4,0.262,-6.6,0,0
2025,21,São Paulo Grand Prix,2025-11-09,São Paulo,ALB,Alexander Albon,Williams,12,12,11,0,Finished,70.053,69.511,0.542,0.05654219426,13.33333333,14.5,0,17.33333333,1.2,0.174,-5.6,0,0
2025,22,Las Vegas Grand Prix,2025-11-22,Las Vegas,ALB,Alexander Albon,Williams,16,16,16,0,Retired,116.22,107.934,8.286,1.286177743,12.33333333,14.5,0,15.5,-1.5,0.323,-4.4,0,1
2025,23,Qatar Grand Prix,2025-11-30,Lusail,ALB,Alexander Albon,Williams,14,15,11,0,Finished,80.629,79.387,1.242,0.6059975193,13,12.33333333,0.2,14,-1.9,0.108,-3.2,0,0
2025,24,Abu Dhabi Grand Prix,2025-12-07,Yas Island,ALB,Alexander Albon,Williams,17,17,16,0,Finished,83.416,82.207,1.209,1.043628413,12.66666667,9.833333333,0.2,12.66666667,-2.5,0.201,-3,0,0
2026,1,Australian Grand Prix,2026-03-08,Melbourne,ALB,Alexander Albon,Williams,15,15,12,0,Lapped,80.941,78.518,2.423,0.5012477723,14.33333333,10.66666667,0.2,11.25,2.1,0.293,-2.2,0,0
2026,2,Chinese Grand Prix,2026-03-15,Shanghai,ALB,Alexander Albon,Williams,22,18,22,0,Did not start,94.772,92.064,2.708,0.8634512738,13,11.66666667,0.2,9.5,2,0.222,-1.8,1,0
2026,3,Japanese Grand Prix,2026-03-29,Suzuka,ALB,Alexander Albon,Williams,17,17,20,0,Lapped,91.088,88.778,2.31,0.5241714242,16.66666667,14.5,0.4,16.25,0.2,0.298,-0.8,0,0
2026,4,Miami Grand Prix,2026-05-03,Miami,ALB,Alexander Albon,Williams,15,15,10,1,Finished,89.72,87.798,1.922,0.07866390466,18,15.5,0.2,11.5,-0.2,0.166,-0.2,0,1
2026,5,Canadian Grand Prix,2026-05-24,Montréal,ALB,Alexander Albon,Williams,18,18,21,0,Retired,74.851,72.578,2.273,0.7885594134,17.33333333,14.16666667,0.2,14.25,-1,0.068,-0.4,0,0
2026,6,Monaco Grand Prix,2026-06-07,Monaco,ALB,Alexander Albon,Williams,11,11,8,4,Finished,73.787,72.051,1.736,0.084346656,17,14,0.4,12.5,-0.1,0.043,0.4,0,1
2026,7,Barcelona Grand Prix,2026-06-14,Barcelona,ALB,Alexander Albon,Williams,18,18,18,0,Lapped,77.424,74.679,2.745,0.9821336144,13,12.16666667,0.4,17.75,0.1,0.064,0.4,0,0
2026,8,Austrian Grand Prix,2026-06-28,Spielberg,ALB,Alexander Albon,Williams,18,18,17,0,Lapped,68.509,66.113,2.396,0.8086375927,15.66666667,14,0.4,13.75,1.6,0.236,-0.4,0,0
2026,9,British Grand Prix,2026-07-05,Silverstone,ALB,Alexander Albon,Williams,16,16,21,0,Retired,90.638,88.111,2.527,0.4905594977,14.33333333,15.16666667,0.4,11.25,0.7,0.175,-1.2,0,0
2026,10,Belgian Grand Prix,2026-07-19,Spa-Francorchamps,ALB,Alexander Albon,Williams,15,17,15,0,Finished,107.12,104.361,2.759,0.4627867118,18.66666667,17.5,0.6,10.5,1.4,0.317,0.8,0,0
2026,11,Hungarian Grand Prix,2026-07-26,Budapest,ALB,Alexander Albon,Williams,19,19,17,0,Lapped,80.658,77.207,3.451,1.272508378,17.66666667,17.66666667,0.4,14.25,-1.4,0.012,-0.2,0,0
2026,12,Dutch Grand Prix,2026-08-23,Zandvoort,ALB,Alexander Albon,Williams,16,16,17,0,Retired,73.182,71.163,2.019,0.5594048957,17.66666667,17.33333333,0.4,9.75,0.4,0.102,0,0,0
2026,13,Italian Grand Prix,2026-09-06,Monza,ALB,Alexander Albon,Williams,20,18,17,0,Lapped,84.356,81.786,2.57,1.219554207,16.33333333,16.5,0.2,7.666666667,0,0.06,0.2,0,0
2026,14,Spanish Grand Prix,2026-09-13,Madrid,ALB,Alexander Albon,Williams,16,16,15,0,Lapped,95.307,91.824,3.483,1.056046937,17,16.33333333,0.2,,-1,0.011,0.2,0,1
2026,15,Azerbaijan Grand Prix,2026-09-26,Baku,ALB,Alexander Albon,Williams,12,13,20,0,Retired,105.001,102.526,2.475,0.05972300812,16.33333333,16.16666667,0,11,0.4,0.837,-1,0,1
2026,16,Bahrain Grand Prix,2026-10-04,Kuala Lumpur,ALB,Alexander Albon,Williams,18,20,21,0,Retired,98.6,95.13,3.47,1.38295087,17.33333333,15.66666667,0.2,,-0.1,0.298,0.8,0,0
2022,1,Bahrain Grand Prix,2022-03-20,Sakhir,ALO,Fernando Alonso,Alpine,8,8,9,2,Finished,91.621,90.558,1.063,-0.2848488237,,,,,,0.123,,0,0
2022,2,Saudi Arabian Grand Prix,2022-03-27,Jeddah,ALO,Fernando Alonso,Alpine,7,7,16,0,Water pump,89.147,88.2,0.947,-0.4230173902,9,8,0,,,0.025,,0,1
2022,3,Australian Grand Prix,2022-04-10,Melbourne,ALO,Fernando Alonso,Alpine,10,10,17,0,+1 Lap,78.815,77.868,0.947,-0.5170979171,12.5,9.5,0.5,,,0.286,5,0,0
2022,4,Emilia Romagna Grand Prix,2022-04-24,Imola,ALO,Fernando Alonso,Alpine,9,5,19,0,Collision damage,79.595,78.793,0.802,-0.5247648911,14,10.33333333,0.3333333333,,0.1,0.003,5.666666667,1,0
2022,5,Miami Grand Prix,2022-05-08,Miami,ALO,Fernando Alonso,Alpine,11,11,11,0,Finished,90.16,88.796,1.364,0.2047069459,17.33333333,13.16666667,0.5,,1.8,0.19,7.75,0,1
2022,6,Spanish Grand Prix,2022-05-22,Barcelona,ALO,Fernando Alonso,Alpine,20,17,9,2,+1 Lap,81.043,78.75,2.293,0.8722538838,15.66666667,12.66666667,0.4,,-0.6,0.323,6.2,1,0
2022,7,Monaco Grand Prix,2022-05-29,Monaco,ALO,Fernando Alonso,Alpine,7,7,7,6,Finished,72.247,71.376,0.871,-0.520566997,13,11.33333333,0.4,,-1.6,0.225,4.4,0,1
2022,8,Azerbaijan Grand Prix,2022-06-12,Baku,ALO,Fernando Alonso,Alpine,10,10,7,6,Finished,103.173,101.359,1.814,-0.2129521966,9,9,0.2,,0.6,0.282,2.6,0,1
2022,9,Canadian Grand Prix,2022-06-19,Montréal,ALO,Fernando Alonso,Alpine,2,2,9,2,Finished,81.944,81.299,0.645,-1.156415745,7.666666667,8.666666667,0.2,,0.6,0.645,0.6,0,0
2022,10,British Grand Prix,2022-07-03,Silverstone,ALO,Fernando Alonso,Alpine,7,7,5,10,Finished,101.598,100.19,1.408,0.1395878267,7.666666667,8.5,0,,-1,0,-0.8,0,0
2022,11,Austrian Grand Prix,2022-07-10,Spielberg,ALO,Fernando Alonso,Alpine,19,8,10,1,+1 Lap,66.016,64.984,1.032,-0.1055805067,7,8.666666667,0,,0.6,0.029,-1.2,1,0
2022,12,French Grand Prix,2022-07-24,Le Castellet,ALO,Fernando Alonso,Alpine,7,7,6,8,Finished,92.552,90.872,1.68,-0.05134666201,8,8.333333333,0,,0.3,0.304,0.8,0,0
2022,13,Hungarian Grand Prix,2022-07-31,Budapest,ALO,Fernando Alonso,Alpine,6,6,8,4,+1 Lap,77.904,77.377,0.527,-0.7563585713,7,8.166666667,0,,-1.8,0.044,0.6,0,0
2022,14,Belgian Grand Prix,2022-08-28,Spa-Francorchamps,ALO,Fernando Alonso,Alpine,3,6,5,10,Finished,105.368,103.665,1.703,-0.3345058985,8,7.666666667,0,,1,0.632,1.6,0,0
2022,15,Dutch Grand Prix,2022-09-04,Zandvoort,ALO,Fernando Alonso,Alpine,13,13,6,8,Finished,71.613,70.342,1.271,0.1960041928,6.333333333,7.166666667,0,,-0.5,0.021,0,0,0
2022,16,Italian Grand Prix,2022-09-11,Monza,ALO,Fernando Alonso,Alpine,6,10,19,0,Water pressure,81.861,80.161,1.7,-6.032844513e-05,6.333333333,7.333333333,0,,0.1,0.145,-1,0,0
2022,17,Singapore Grand Prix,2022-10-02,Marina Bay,ALO,Fernando Alonso,Alpine,5,5,18,0,Engine,109.966,109.412,0.554,-1.071167682,10,9.5,0.2,,2.1,0.022,0.4,0,1
2022,18,Japanese Grand Prix,2022-10-09,Suzuka,ALO,Fernando Alonso,Alpine,7,7,7,6,Finished,90.322,89.304,1.018,-0.3200121482,14.33333333,13.16666667,0.4,,1.3,0.01,3.2,0,0
2022,19,United States Grand Prix,2022-10-23,Austin,ALO,Fernando Alonso,Alpine,14,9,7,6,Finished,95.876,94.356,1.52,-0.09820362848,14.66666667,12.5,0.4,,-2.5,0.065,2.8,1,0
2022,20,Mexico City Grand Prix,2022-10-30,Mexico City,ALO,Fernando Alonso,Alpine,9,9,19,0,Engine,78.939,77.775,1.164,-0.3195719416,10.66666667,10.5,0.4,,-1,0.304,2.6,0,0
2022,21,São Paulo Grand Prix,2022-11-13,São Paulo,ALO,Fernando Alonso,Alpine,17,7,5,10,Finished,71.394,71.41,0,-0.64725313,11,9.333333333,0.4,,2,0,6,1,0
2022,22,Abu Dhabi Grand Prix,2022-11-20,Yas Island,ALO,Fernando Alonso,Alpine,10,11,20,0,Water leak,85.096,83.824,1.272,0.08071766886,10.33333333,9.666666667,0.2,,-2,0.228,3.8,0,0
2023,1,Bahrain Grand Prix,2023-03-05,Sakhir,ALO,Fernando Alonso,Aston Martin,5,5,3,15,Finished,90.336,89.708,0.628,-0.8606841672,14.66666667,11.33333333,0.2,9,-1,0.138,3,0,0
2023,2,Saudi Arabian Grand Prix,2023-03-19,Jeddah,ALO,Fernando Alonso,Aston Martin,2,3,3,15,Finished,88.73,88.265,0.465,-0.48660571,9.333333333,8,0.2,16,-1.5,0.155,2.6,0,1
2023,3,Australian Grand Prix,2023-04-02,Melbourne,ALO,Fernando Alonso,Aston Martin,4,4,3,15,Finished,77.139,76.732,0.407,-1.001730449,8.666666667,8.333333333,0.2,17,2,0.236,3,0,0
2023,4,Azerbaijan Grand Prix,2023-04-30,Baku,ALO,Fernando Alonso,Aston Martin,6,6,4,12,Finished,101.253,100.203,1.05,-0.442049801,3,6.5,0.2,7,-0.4,0.188,0.8,0,1
2023,5,Miami Grand Prix,2023-05-07,Miami,ALO,Fernando Alonso,Aston Martin,2,2,3,15,Finished,87.097,86.841,0.256,-1.153957443,3.333333333,6.833333333,0.2,11,-2.5,0.256,0.8,0,1
2023,6,Monaco Grand Prix,2023-05-28,Monaco,ALO,Fernando Alonso,Aston Martin,2,2,2,18,Finished,71.449,71.365,0.084,-1.209672924,3.333333333,5.5,0,7,1.5,0.084,-0.8,0,1
2023,7,Spanish Grand Prix,2023-06-04,Barcelona,ALO,Fernando Alonso,Aston Martin,8,9,7,6,Finished,73.098,72.272,0.826,-0.4407253463,3,8,0,9,2.5,0.462,-0.4,0,0
2023,8,Canadian Grand Prix,2023-06-18,Montréal,ALO,Fernando Alonso,Aston Martin,2,3,2,18,Finished,79.776,79.092,0.684,-0.8432575918,4,8.333333333,0,9,-0.7,1.213,-0.8,0,0
2023,9,Austrian Grand Prix,2023-07-02,Spielberg,ALO,Fernando Alonso,Aston Martin,7,7,5,10,Finished,64.911,64.391,0.52,-0.6649735416,3.666666667,7.666666667,0,10,-2.7,0.048,-0.8,0,0
2023,10,British Grand Prix,2023-07-09,Silverstone,ALO,Fernando Alonso,Aston Martin,9,9,7,6,Finished,87.659,86.72,0.939,-0.5722578781,4.666666667,6.333333333,0,5,0.9,0.241,-0.8,0,0
2023,11,Hungarian Grand Prix,2023-07-23,Budapest,ALO,Fernando Alonso,Aston Martin,8,8,9,2,Finished,77.035,76.609,0.426,-0.7280275244,4.666666667,7.666666667,0,8,1.2,0.003,-1.4,0,0
2023,12,Belgian Grand Prix,2023-07-30,Spa-Francorchamps,ALO,Fernando Alonso,Aston Martin,9,9,5,10,Finished,107.843,106.168,1.675,-0.840073218,7,9,0,5,0.4,0.82,-1.2,0,0
2023,13,Dutch Grand Prix,2023-08-27,Zandvoort,ALO,Fernando Alonso,Aston Martin,5,5,2,19,Finished,71.506,70.567,0.939,-1.069742827,7,9,0,6,-1.4,0.537,-1.6,0,0
2023,14,Italian Grand Prix,2023-09-03,Monza,ALO,Fernando Alonso,Aston Martin,10,10,9,2,Finished,81.417,80.294,1.123,-0.03956246985,5.333333333,7.666666667,0,19,-0.1,0.013,-2,0,0
2023,15,Singapore Grand Prix,2023-09-17,Marina Bay,ALO,Fernando Alonso,Aston Martin,7,7,15,0,Finished,91.615,90.984,0.631,-0.6025902461,5.333333333,8.666666667,0,18,2.1,0.072,-1.8,0,1
2023,16,Japanese Grand Prix,2023-09-24,Suzuka,ALO,Fernando Alonso,Aston Martin,10,10,8,4,Finished,90.465,88.877,1.588,0.2673295663,8.666666667,11.33333333,0,7,,0.581,0.2,0,0
2023,17,Qatar Grand Prix,2023-10-08,Lusail,ALO,Fernando Alonso,Aston Martin,4,4,6,8,Finished,84.369,83.778,0.591,-0.9116944269,10.66666667,13.5,0,,,0.441,-0.4,0,0
2023,18,United States Grand Prix,2023-10-22,Austin,ALO,Fernando Alonso,Aston Martin,19,17,16,0,Retired,96.268,94.723,1.545,1.071527941,9.666666667,12.16666667,0,7,,0.13,0.8,0,0
2023,19,Mexico City Grand Prix,2023-10-29,Mexico City,ALO,Fernando Alonso,Aston Martin,13,13,18,0,Withdrew,78.738,77.166,1.572,0.4047022586,10,11,0.2,19,-1.2,0.067,1.2,0,0
2023,20,São Paulo Grand Prix,2023-11-05,São Paulo,ALO,Fernando Alonso,Aston Martin,4,4,3,15,Finished,70.237,70.162,0.075,-0.8804223047,13.33333333,12.5,0.4,5,1.4,0.141,2.4,0,0
2023,21,Las Vegas Grand Prix,2023-11-18,Las Vegas,ALO,Fernando Alonso,Aston Martin,9,10,9,2,Finished,93.555,92.726,0.829,-0.3993180661,12.33333333,11,0.4,,-1.9,0.044,0.6,0,1
2023,22,Abu Dhabi Grand Prix,2023-11-26,Yas Island,ALO,Fernando Alonso,Aston Martin,7,7,7,6,Finished,84.084,83.445,0.639,-0.2970940492,10,9.5,0.4,20,-1.8,0.139,0.8,0,0
2024,1,Bahrain Grand Prix,2024-03-02,Sakhir,ALO,Fernando Alonso,Aston Martin,6,6,9,2,Finished,89.542,89.179,0.363,-0.8319324746,6.333333333,6.5,0.4,6,0.8,0,0.4,0,0
2024,2,Saudi Arabian Grand Prix,2024-03-09,Jeddah,ALO,Fernando Alonso,Aston Martin,4,4,5,10,Finished,87.846,87.472,0.374,-1.161145626,8.333333333,8.333333333,0.2,9.5,1.2,0.319,1.2,0,1
2024,3,Australian Grand Prix,2024-03-24,Melbourne,ALO,Fernando Alonso,Aston Martin,10,10,8,4,Finished,76.71,75.915,0.795,-0.4313833238,7,10,0,10,1.4,0.27,0.4,0,0
2024,4,Japanese Grand Prix,2024-04-07,Suzuka,ALO,Fernando Alonso,Aston Martin,5,5,6,8,Finished,88.686,88.197,0.489,-0.8933174653,7.333333333,9.5,0,7.5,-0.5,0.066,0.2,0,0
2024,5,Chinese Grand Prix,2024-04-21,Shanghai,ALO,Fernando Alonso,Aston Martin,3,3,7,7,Finished,94.148,93.66,0.488,-0.9839365534,6.333333333,9.333333333,0,,-1.6,0.322,0.6,0,0
2024,6,Miami Grand Prix,2024-05-05,Miami,ALO,Fernando Alonso,Aston Martin,15,15,9,2,Finished,88.427,87.241,1.186,0.8010058034,7,9,0,7,1.9,0.141,1.4,0,1
2024,7,Emilia Romagna Grand Prix,2024-05-19,Imola,ALO,Fernando Alonso,Aston Martin,20,19,19,0,Lapped,76.917,74.746,2.171,1.671372209,7.333333333,11,0,19,1.2,0.074,-0.4,0,0
2024,8,Monaco Grand Prix,2024-05-26,Monaco,ALO,Fernando Alonso,Aston Martin,14,14,11,0,Lapped,72.019,70.27,1.749,0.9713810573,11.66666667,12.66666667,0,4.5,-0.2,0.154,-0.6,0,1
2024,9,Canadian Grand Prix,2024-06-09,Montréal,ALO,Fernando Alonso,Aston Martin,6,6,6,8,Finished,72.228,71.742,0.486,-0.689865678,13,13.16666667,0,5.5,-1.4,0.258,-0.8,0,0
2024,10,Spanish Grand Prix,2024-06-23,Barcelona,ALO,Fernando Alonso,Aston Martin,10,11,12,0,Lapped,72.128,71.383,0.745,-0.2075508457,12,11,0,8,-0.9,0.02,-1,0,0
2024,11,Austrian Grand Prix,2024-06-30,Spielberg,ALO,Fernando Alonso,Aston Martin,15,15,18,0,Lapped,65.639,64.314,1.325,0.7830199676,9.666666667,10.66666667,0,7.5,0.6,0.404,-1.6,0,0
2024,12,British Grand Prix,2024-07-07,Silverstone,ALO,Fernando Alonso,Aston Martin,10,10,8,4,Finished,86.73,85.819,0.911,-0.5331977026,12,11.66666667,0,6,1.8,0.171,0.2,0,0
2024,13,Hungarian Grand Prix,2024-07-21,Budapest,ALO,Fernando Alonso,Aston Martin,7,7,11,0,Finished,76.043,75.227,0.816,-0.4620441087,12.66666667,12,0,8.5,-2.4,0.022,-0.2,0,0
2024,14,Belgian Grand Prix,2024-07-28,Spa-Francorchamps,ALO,Fernando Alonso,Aston Martin,8,9,8,4,Finished,114.258,113.159,1.099,-0.4967994288,12.33333333,11.16666667,0,5,-0.3,0.595,1.2,0,0
2024,15,Dutch Grand Prix,2024-08-25,Zandvoort,ALO,Fernando Alonso,Aston Martin,7,7,10,1,Lapped,70.633,69.673,0.96,-0.3996591745,9,9.166666667,0,4,0.5,0.356,1,0,0
2024,16,Italian Grand Prix,2024-09-01,Monza,ALO,Fernando Alonso,Aston Martin,11,11,11,0,Finished,80.421,79.327,1.094,0.1999528772,9.666666667,10.5,0,14,0.8,0.109,1.4,0,0
2024,17,Azerbaijan Grand Prix,2024-09-15,Baku,ALO,Fernando Alonso,Aston Martin,7,8,6,8,Finished,102.369,101.365,1.004,-0.4722074802,9.666666667,12,0,5.5,1.7,0.321,0.8,0,1
2024,18,Singapore Grand Prix,2024-09-22,Marina Bay,ALO,Fernando Alonso,Aston Martin,7,7,8,4,Lapped,90.214,89.525,0.689,-0.3467605934,9,13,0,16.5,0.7,0.155,0.8,0,1
2024,19,United States Grand Prix,2024-10-20,Austin,ALO,Fernando Alonso,Aston Martin,7,8,13,0,Lapped,93.309,92.33,0.979,-0.08716383524,8.333333333,12.83333333,0,11.5,-0.8,0.031,0.2,0,0
2024,20,Mexico City Grand Prix,2024-10-27,Mexico City,ALO,Fernando Alonso,Aston Martin,13,13,18,0,Retired,77.168,75.946,1.222,0.2901013201,9,12.5,0,18.5,-0.3,0.225,1.4,0,0
2024,21,São Paulo Grand Prix,2024-11-03,São Paulo,ALO,Fernando Alonso,Aston Martin,9,9,14,0,Finished,88.998,83.405,5.593,0.5187190646,13,13.16666667,0.2,4,-0.1,0.173,1.8,0,0
2024,22,Las Vegas Grand Prix,2024-11-23,Las Vegas,ALO,Fernando Alonso,Aston Martin,16,17,11,0,Finished,94.258,92.312,1.946,1.23398156,15,15,0.2,9,0.4,0.098,2.8,0,1
2024,23,Qatar Grand Prix,2024-12-01,Lusail,ALO,Fernando Alonso,Aston Martin,8,8,7,6,Finished,81.208,80.52,0.688,-0.456252824,14.33333333,14.66666667,0.2,6,0.5,0.055,2,0,0
2024,24,Abu Dhabi Grand Prix,2024-12-08,Yas Island,ALO,Fernando Alonso,Aston Martin,8,8,9,2,Finished,83.196,82.595,0.601,-0.349122146,10.66666667,14,0.2,13.5,-0.6,0.209,1.6,0,0
2025,1,Australian Grand Prix,2025-03-16,Melbourne,ALO,Fernando Alonso,Aston Martin,12,12,17,0,Retired,76.288,75.096,1.192,0.3844278797,9,12.33333333,0.2,9.333333333,0,0.084,0.8,0,0
2025,2,Chinese Grand Prix,2025-03-23,Shanghai,ALO,Fernando Alonso,Aston Martin,13,13,17,0,Retired,91.688,90.641,1.047,0.4994868072,11,11.83333333,0.2,7,-1.6,0.082,0.8,0,0
2025,3,Japanese Grand Prix,2025-04-06,Suzuka,ALO,Fernando Alonso,Aston Martin,12,13,11,0,Finished,87.897,86.983,0.914,0.0613052403,14.33333333,12,0.4,7,-1,0.012,0.6,0,0
2025,4,Bahrain Grand Prix,2025-04-13,Sakhir,ALO,Fernando Alonso,Aston Martin,13,13,15,0,Finished,91.634,89.841,1.793,0.5750131285,15,13.33333333,0.4,7,2.2,0.168,1.4,0,0
2025,5,Saudi Arabian Grand Prix,2025-04-20,Jeddah,ALO,Fernando Alonso,Aston Martin,13,13,11,0,Finished,88.303,87.294,1.009,0.2262856344,14.33333333,14.83333333,0.4,8,2,0.01,2,0,1
2025,6,Miami Grand Prix,2025-05-04,Miami,ALO,Fernando Alonso,Aston Martin,17,17,15,0,Lapped,87.604,86.204,1.4,1.125980181,12.33333333,15,0.4,7.666666667,-1.2,0.065,1.4,0,1
2025,7,Emilia Romagna Grand Prix,2025-05-18,Imola,ALO,Fernando Alonso,Aston Martin,5,5,11,0,Finished,75.431,74.67,0.761,-0.3681756831,13.66666667,15,0.2,19,0.2,0.034,0,0,0
2025,8,Monaco Grand Prix,2025-05-25,Monaco,ALO,Fernando Alonso,Aston Martin,6,7,19,0,Retired,70.924,69.954,0.97,-0.3927616843,12.33333333,14,0,6.666666667,-0.6,0.109,0.4,0,1
2025,9,Spanish Grand Prix,2025-06-01,Barcelona,ALO,Fernando Alonso,Aston Martin,10,10,9,2,Finished,72.284,71.546,0.738,-0.3671249762,15,15.16666667,0.2,9.333333333,0.6,0.209,3.2,0,0
2025,10,Canadian Grand Prix,2025-06-15,Montréal,ALO,Fernando Alonso,Aston Martin,6,6,7,6,Finished,71.586,70.899,0.687,-0.6049580884,13,13,0.2,5.666666667,-0.4,0.16,2.6,0,0
2025,11,Austrian Grand Prix,2025-06-29,Spielberg,ALO,Fernando Alonso,Aston Martin,11,11,7,6,Lapped,65.128,63.971,1.157,0.3245017775,11.66666667,12.66666667,0.2,11,-1.2,0.521,3.2,0,0
2025,12,British Grand Prix,2025-07-06,Silverstone,ALO,Fernando Alonso,Aston Martin,7,9,9,2,Finished,85.593,84.892,0.701,-0.2170861668,7.666666667,10.5,0.2,6.666666667,1,0.103,2.8,0,0
2025,13,Belgian Grand Prix,2025-07-27,Spa-Francorchamps,ALO,Fernando Alonso,Aston Martin,20,19,17,0,Finished,102.385,100.562,1.823,1.672759179,7.666666667,10.16666667,0.2,6,-1.8,0.064,1.6,0,0
2025,14,Hungarian Grand Prix,2025-08-03,Budapest,ALO,Fernando Alonso,Aston Martin,5,5,5,10,Finished,75.281,75.372,0,-1.093437361,11,11.33333333,0,9.333333333,0.8,0,-1.2,0,0
2025,15,Dutch Grand Prix,2025-08-31,Zandvoort,ALO,Fernando Alonso,Aston Martin,10,10,8,4,Finished,69.366,68.662,0.704,-0.2621716094,10.33333333,9.833333333,0,6,-1.2,0.012,-1,0,0
2025,16,Italian Grand Prix,2025-09-07,Monza,ALO,Fernando Alonso,Aston Martin,8,9,19,0,Retired,79.362,78.792,0.57,-0.2366349582,10,9.666666667,0,13,-1.1,0.077,-1.6,0,0
2025,17,Azerbaijan Grand Prix,2025-09-21,Baku,ALO,Fernando Alonso,Aston Martin,11,11,15,0,Finished,101.857,101.117,0.74,-0.206379501,10.66666667,10.66666667,0.2,5.666666667,3.3,0.478,1.2,0,1
2025,18,Singapore Grand Prix,2025-10-05,Marina Bay,ALO,Fernando Alonso,Aston Martin,10,10,7,6,Finished,89.955,89.158,0.797,-0.2511075447,14,14,0.2,13.66666667,1.6,0.182,2,0,1
2025,19,United States Grand Prix,2025-10-19,Austin,ALO,Fernando Alonso,Aston Martin,10,10,10,1,Finished,93.16,92.51,0.65,-0.3933117499,13.66666667,14.83333333,0.2,12,-1.8,0.291,1.8,0,0
2025,20,Mexico City Grand Prix,2025-10-26,Mexico City,ALO,Fernando Alonso,Aston Martin,14,14,18,0,Retired,77.103,75.586,1.517,0.6702362717,10.66666667,12.33333333,0.2,18.33333333,-0.7,0.262,1.8,0,0
2025,21,São Paulo Grand Prix,2025-11-09,São Paulo,ALO,Fernando Alonso,Aston Martin,11,11,14,0,Finished,70.001,69.511,0.49,-0.108734989,11.66666667,12.33333333,0.4,7.333333333,1,0.174,3,0,0
2025,22,Las Vegas Grand Prix,2025-11-22,Las Vegas,ALO,Fernando Alonso,Aston Martin,7,7,11,0,Finished,109.466,107.934,1.532,-0.7787016771,14,14,0.2,10,0.4,0.323,1.6,0,1
2025,23,Qatar Grand Prix,2025-11-30,Lusail,ALO,Fernando Alonso,Aston Martin,8,8,7,6,Finished,80.219,79.387,0.832,-0.1988582724,14.33333333,15.16666667,0.2,6.5,0.5,0.108,1.6,0,0
2025,24,Abu Dhabi Grand Prix,2025-12-07,Yas Island,ALO,Fernando Alonso,Aston Martin,6,6,6,8,Finished,82.861,82.207,0.654,-0.3281034266,10.66666667,13.83333333,0.2,12,-0.2,0.201,2,0,0
2026,1,Australian Grand Prix,2026-03-08,Melbourne,ALO,Fernando Alonso,Aston Martin,17,17,18,0,Retired,81.969,78.518,3.451,1.328416705,8,11.5,0.2,11.25,-1.7,0.293,2,0,0
2026,2,Chinese Grand Prix,2026-03-15,Shanghai,ALO,Fernando Alonso,Aston Martin,18,19,17,0,Retired,95.203,92.064,3.139,1.198116291,10.33333333,12.5,0.2,12,1.2,0.222,1.4,0,0
2026,3,Japanese Grand Prix,2026-03-29,Suzuka,ALO,Fernando Alonso,Aston Martin,21,21,18,0,Lapped,92.646,88.778,3.868,1.840880822,13.66666667,14.33333333,0.4,8,1.5,0.298,0.4,0,0
2026,4,Miami Grand Prix,2026-05-03,Miami,ALO,Fernando Alonso,Aston Martin,17,17,15,0,Lapped,91.098,87.798,3.3,0.9630368934,17.66666667,18.16666667,0.4,9.5,0.9,0.166,-1,0,1
2026,5,Canadian Grand Prix,2026-05-24,Montréal,ALO,Fernando Alonso,Aston Martin,19,19,20,0,Retired,75.196,72.578,2.618,1.090733693,16.66666667,17.66666667,0.4,6,-0.5,0.068,-1.2,0,0
2026,6,Monaco Grand Prix,2026-06-07,Monaco,ALO,Fernando Alonso,Aston Martin,21,21,10,1,Finished,75.349,72.051,3.298,1.385868204,17.66666667,17.66666667,0.6,9.75,-0.7,0.043,-1,0,1
2026,7,Barcelona Grand Prix,2026-06-14,Barcelona,ALO,Fernando Alonso,Aston Martin,22,22,19,0,Retired,78.815,74.679,4.136,2.089141087,15,15.83333333,0.4,9.25,-0.8,0.064,-3.4,0,0
2026,8,Austrian Grand Prix,2026-06-28,Spielberg,ALO,Fernando Alonso,Aston Martin,21,21,18,0,Lapped,69.942,66.113,3.829,1.998236694,16.33333333,17.33333333,0.4,10,2.3,0.236,-3.6,0,0
2026,9,British Grand Prix,2026-07-05,Silverstone,ALO,Fernando Alonso,Aston Martin,21,22,18,0,Lapped,93.025,88.111,4.914,2.183595871,15.66666667,17.66666667,0.4,7.25,0.1,0.175,-3.6,0,0
2026,10,Belgian Grand Prix,2026-07-19,Spa-Francorchamps,ALO,Fernando Alonso,Aston Martin,22,21,19,0,Lapped,110.002,104.361,5.641,2.233716078,18.33333333,19.16666667,0.4,8.75,-0.6,0.317,-4,0,0
2026,11,Hungarian Grand Prix,2026-07-26,Budapest,ALO,Fernando Alonso,Aston Martin,16,16,14,0,Lapped,79.808,77.207,2.601,0.6388801881,18.33333333,18.83333333,0.2,8.25,0.3,0.012,-4.6,0,0
2026,12,Dutch Grand Prix,2026-08-23,Zandvoort,ALO,Fernando Alonso,Aston Martin,18,18,9,2,Lapped,73.65,71.163,2.487,0.9921346331,17,17.16666667,0.2,6.5,-1.7,0.102,-2.8,0,0
2026,13,Italian Grand Prix,2026-09-06,Monza,ALO,Fernando Alonso,Aston Martin,21,21,21,0,Retired,85.15,81.786,3.364,1.918660694,14,15.83333333,0,14.5,-0.5,0.06,-4,0,0
2026,14,Spanish Grand Prix,2026-09-13,Madrid,ALO,Fernando Alonso,Aston Martin,17,18,17,0,Lapped,95.388,91.824,3.564,1.103920119,14.66666667,16.16666667,0.2,,2.6,0.011,-3.4,0,1
2026,15,Azerbaijan Grand Prix,2026-09-26,Baku,ALO,Fernando Alonso,Aston Martin,21,19,21,0,Retired,106.593,102.526,4.067,1.173534849,15.66666667,18,0.2,8,-0.2,0.837,-2.8,0,1
2026,16,Bahrain Grand Prix,2026-10-04,Kuala Lumpur,ALO,Fernando Alonso,Aston Martin,12,12,8,4,Finished,97.22,95.13,2.09,0.23099772,19.66666667,20.33333333,0.4,,0.8,0.298,-2,0,0
2025,1,Australian Grand Prix,2025-03-16,Melbourne,ANT,Kimi Antonelli,Mercedes,16,16,4,12,Finished,76.525,75.096,1.429,0.7996542512,,4.666666667,,,0,0.084,,0,0
2025,2,Chinese Grand Prix,2025-03-23,Shanghai,ANT,Kimi Antonelli,Mercedes,8,8,6,8,Finished,91.103,90.641,0.462,-0.6335096341,4,5.333333333,0,,-0.2,0.082,,0,0
2025,3,Japanese Grand Prix,2025-04-06,Suzuka,ANT,Kimi Antonelli,Mercedes,6,6,6,8,Finished,87.555,86.983,0.572,-0.4668154696,5,4.166666667,0,,-0.2,0.012,-7,0,0
2025,4,Bahrain Grand Prix,2025-04-13,Sakhir,ANT,Kimi Antonelli,Mercedes,5,4,11,0,Finished,90.213,89.841,0.372,-1.059501086,5.333333333,4.5,0,,0.4,0.168,-4.666666667,0,0
2025,5,Saudi Arabian Grand Prix,2025-04-20,Jeddah,ANT,Kimi Antonelli,Mercedes,5,5,6,8,Finished,87.798,87.294,0.504,-0.6239691676,7.666666667,5.5,0,,0.3,0.01,-1.75,0,1
2025,6,Miami Grand Prix,2025-05-04,Miami,ANT,Kimi Antonelli,Mercedes,3,3,6,8,Finished,86.271,86.204,0.067,-1.256261833,7.666666667,5.833333333,0,,-0.5,0.065,-1.2,0,1
2025,7,Emilia Romagna Grand Prix,2025-05-18,Imola,ANT,Kimi Antonelli,Mercedes,13,13,19,0,Retired,75.772,74.67,1.102,0.1444850198,7.666666667,5.5,0,,0.2,0.034,1.8,0,0
2025,8,Monaco Grand Prix,2025-05-25,Monaco,ANT,Kimi Antonelli,Mercedes,15,15,18,0,Lapped,71.88,69.954,1.926,0.8259340969,10.33333333,7.666666667,0.2,,1.7,0.109,3.4,0,1
2025,9,Spanish Grand Prix,2025-06-01,Barcelona,ANT,Kimi Antonelli,Mercedes,6,6,18,0,Retired,72.111,71.546,0.565,-0.6565110185,14.33333333,10.66666667,0.2,,1.5,0.209,4,0,0
2025,10,Canadian Grand Prix,2025-06-15,Montréal,ANT,Kimi Antonelli,Mercedes,4,4,3,15,Finished,71.391,70.899,0.492,-0.970860158,18.33333333,12.83333333,0.4,,-0.6,0.16,5,0,0
2025,11,Austrian Grand Prix,2025-06-29,Spielberg,ANT,Kimi Antonelli,Mercedes,9,9,19,0,Retired,65.052,63.971,1.081,0.1356646022,13,9.166666667,0.4,,-3.5,0.521,4.6,0,0
2025,12,British Grand Prix,2025-07-06,Silverstone,ANT,Kimi Antonelli,Mercedes,10,7,16,0,Retired,85.374,84.892,0.482,-0.5667873109,13.33333333,8.333333333,0.6,,1.8,0.103,6,1,0
2025,13,Belgian Grand Prix,2025-07-27,Spa-Francorchamps,ANT,Kimi Antonelli,Mercedes,19,18,16,0,Finished,102.139,100.562,1.577,1.213881278,12.66666667,9,0.6,,1.5,0.064,6.6,0,0
2025,14,Hungarian Grand Prix,2025-08-03,Budapest,ANT,Kimi Antonelli,Mercedes,15,15,10,1,Lapped,75.782,75.372,0.41,0.4208653513,17,11.83333333,0.6,,0,0,5.6,0,0
2025,15,Dutch Grand Prix,2025-08-31,Zandvoort,ANT,Kimi Antonelli,Mercedes,11,11,16,0,Finished,69.493,68.662,0.831,0.008178857899,14,10,0.4,,-2,0.012,2.2,0,0
2025,16,Italian Grand Prix,2025-09-07,Monza,ANT,Kimi Antonelli,Mercedes,6,7,9,2,Finished,79.2,78.792,0.408,-0.6180763832,14,9,0.4,,0.4,0.077,3.4,0,0
2025,17,Azerbaijan Grand Prix,2025-09-21,Baku,ANT,Kimi Antonelli,Mercedes,4,4,4,12,Finished,101.464,101.117,0.347,-0.7474735087,11.66666667,7.833333333,0.2,,-0.3,0.478,1.8,0,1
2025,18,Singapore Grand Prix,2025-10-05,Marina Bay,ANT,Kimi Antonelli,Mercedes,4,4,5,10,Finished,89.537,89.158,0.379,-0.9001398932,9.666666667,6.666666667,0,,-0.9,0.182,0,0,1
2025,19,United States Grand Prix,2025-10-19,Austin,ANT,Kimi Antonelli,Mercedes,7,7,13,0,Finished,93.044,92.51,0.534,-0.5794928274,6,4.333333333,0,,-0.7,0.291,0.6,0,0
2025,20,Mexico City Grand Prix,2025-10-26,Mexico City,ANT,Kimi Antonelli,Mercedes,6,6,6,8,Finished,76.118,75.586,0.532,-0.8048675773,7.333333333,5.166666667,0,,1.6,0.262,2.8,0,0
2025,21,São Paulo Grand Prix,2025-11-09,São Paulo,ANT,Kimi Antonelli,Mercedes,2,2,2,18,Finished,69.685,69.511,0.174,-1.113111718,8,6.333333333,0,,0.5,0.174,1.8,0,0
2025,22,Las Vegas Grand Prix,2025-11-22,Las Vegas,ANT,Kimi Antonelli,Mercedes,17,17,3,15,Finished,116.314,107.934,8.38,1.314916071,7,6.333333333,0,,-0.8,0.323,1.4,0,1
2025,23,Qatar Grand Prix,2025-11-30,Lusail,ANT,Kimi Antonelli,Mercedes,5,5,5,10,Finished,79.846,79.387,0.459,-0.9310807366,3.666666667,4,0,,-0.9,0.108,-1.4,0,0
2025,24,Abu Dhabi Grand Prix,2025-12-07,Yas Island,ANT,Kimi Antonelli,Mercedes,14,14,15,0,Finished,82.894,82.207,0.687,-0.2465409929,3.333333333,3.666666667,0,,0.6,0.201,-1.6,0,0
2026,1,Australian Grand Prix,2026-03-08,Melbourne,ANT,Kimi Antonelli,Mercedes,2,2,2,18,Finished,78.811,78.518,0.293,-1.212633382,7.666666667,6,0,4,1.6,0.293,-2.6,0,0
2026,2,Chinese Grand Prix,2026-03-15,Shanghai,ANT,Kimi Antonelli,Mercedes,1,1,1,25,Finished,92.064,92.064,0,-1.239269994,7.333333333,5.666666667,0,6,-2.3,0.222,-2.6,0,0
2026,3,Japanese Grand Prix,2026-03-29,Suzuka,ANT,Kimi Antonelli,Mercedes,1,1,1,25,Finished,88.778,88.778,0,-1.428074217,6,4.333333333,0,6,-0.7,0.298,-2.6,0,0
2026,4,Miami Grand Prix,2026-05-03,Miami,ANT,Kimi Antonelli,Mercedes,1,1,1,25,Finished,87.798,87.798,0,-1.154837463,1.333333333,1.833333333,0,6,0.6,0.166,0.2,0,1
2026,5,Canadian Grand Prix,2026-05-24,Montréal,ANT,Kimi Antonelli,Mercedes,2,2,1,25,Finished,72.646,72.578,0.068,-1.142728371,1,2.166666667,0,3,0.4,0.068,0.2,0,0
2026,6,Monaco Grand Prix,2026-06-07,Monaco,ANT,Kimi Antonelli,Mercedes,1,1,1,25,Finished,72.051,72.051,0,-1.362158726,1,5,0,18,3,0.043,-0.2,0,1
2026,7,Barcelona Grand Prix,2026-06-14,Barcelona,ANT,Kimi Antonelli,Mercedes,3,3,16,0,Retired,74.998,74.679,0.319,-0.9485638172,1,6.333333333,0,18,1.6,0.064,-0.2,0,0
2026,8,Austrian Grand Prix,2026-06-28,Spielberg,ANT,Kimi Antonelli,Mercedes,4,4,3,15,Finished,66.414,66.113,0.301,-0.9305181072,6,8.5,0,19,-1.9,0.236,2.4,0,0
2026,9,British Grand Prix,2026-07-05,Silverstone,ANT,Kimi Antonelli,Mercedes,1,1,15,0,Finished,88.111,88.111,0,-1.301775197,6.666666667,5.833333333,0,16,-3.5,0.175,2.2,0,0
2026,10,Belgian Grand Prix,2026-07-19,Spa-Francorchamps,ANT,Kimi Antonelli,Mercedes,1,1,1,25,Finished,104.361,104.361,0,-1.2325617,11.33333333,6.5,0,16,1.2,0.317,5,0,0
2026,11,Hungarian Grand Prix,2026-07-26,Budapest,ANT,Kimi Antonelli,Mercedes,7,4,3,15,Finished,77.479,77.207,0.272,-1.097261052,6.333333333,7.333333333,0,10,2.8,0.012,5.2,1,0
2026,12,Dutch Grand Prix,2026-08-23,Zandvoort,ANT,Kimi Antonelli,Mercedes,3,3,2,18,Finished,71.296,71.163,0.133,-1.184458961,6.333333333,8.333333333,0,16,1.2,0.102,5,0,0
2026,13,Italian Grand Prix,2026-09-06,Monza,ANT,Kimi Antonelli,Mercedes,19,7,1,25,Finished,81.882,81.786,0.096,-0.9587700374,2,6.333333333,0,9,-3.9,0.06,2.2,1,0
2026,14,Spanish Grand Prix,2026-09-13,Madrid,ANT,Kimi Antonelli,Mercedes,2,2,1,25,Finished,91.835,91.824,0.011,-0.9959986,2,3,0,,-1.1,0.011,1.2,0,1
2026,15,Azerbaijan Grand Prix,2026-09-26,Baku,ANT,Kimi Antonelli,Mercedes,16,16,5,10,Finished,105.504,102.526,2.978,0.4116371763,1.333333333,2.333333333,0,4,0.4,0.837,-1.8,0,1
2026,16,Bahrain Grand Prix,2026-10-04,Kuala Lumpur,ANT,Kimi Antonelli,Mercedes,3,4,2,18,Finished,95.631,95.13,0.501,-1.0954179,2.333333333,2.5,0,,0.2,0.298,-4,0,0
2024,2,Saudi Arabian Grand Prix,2024-03-09,Jeddah,BEA,Oliver Bearman,Ferrari,11,11,7,6,Finished,88.642,87.472,1.17,0.09170209087,,5.833333333,,,-0.4,0.319,,0,1
2024,17,Azerbaijan Grand Prix,2024-09-15,Baku,BEA,Oliver Bearman,Haas,10,11,10,1,Finished,102.968,101.365,1.603,0.20658369,7,14.66666667,0,,-0.2,0.321,,0,1
2024,21,São Paulo Grand Prix,2024-11-03,São Paulo,BEA,Oliver Bearman,Haas,15,17,12,0,Finished,91.229,83.405,7.824,1.243253253,8.5,10.5,0,,-2.3,0.173,-2.5,0,0
2025,1,Australian Grand Prix,2025-03-16,Melbourne,BEA,Oliver Bearman,Haas,20,20,14,0,Finished,,75.096,,,9.666666667,11.5,0,,0,0.084,-3.333333333,0,0
2025,2,Chinese Grand Prix,2025-03-23,Shanghai,BEA,Oliver Bearman,Haas,17,17,8,4,Finished,92.018,90.641,1.377,1.138613005,12,12.66666667,0,,1.4,0.082,-4,0,0
2025,3,Japanese Grand Prix,2025-04-06,Suzuka,BEA,Oliver Bearman,Haas,10,10,10,1,Finished,87.711,86.983,0.728,-0.2259183037,11.33333333,10.66666667,0,,-2.8,0.012,-5,0,0
2025,4,Bahrain Grand Prix,2025-04-13,Sakhir,BEA,Oliver Bearman,Haas,20,20,10,1,Finished,92.373,89.841,2.532,1.42505254,10.66666667,11.33333333,0,,1.2,0.168,-4.2,0,0
2025,5,Saudi Arabian Grand Prix,2025-04-20,Jeddah,BEA,Oliver Bearman,Haas,15,15,13,0,Finished,88.536,87.294,1.242,0.6185814144,9.333333333,9.833333333,0,7,0.6,0.01,-6,0,1
2025,6,Miami Grand Prix,2025-05-04,Miami,BEA,Oliver Bearman,Haas,19,20,19,0,Retired,87.999,86.204,1.795,1.831895857,11,12.16666667,0,,-0.5,0.065,-5.4,0,1
2025,7,Emilia Romagna Grand Prix,2025-05-18,Imola,BEA,Oliver Bearman,Haas,19,19,17,0,Finished,76.918,74.67,2.248,1.867385798,14,12.66666667,0.2,,1.4,0.034,-4.4,0,0
2025,8,Monaco Grand Prix,2025-05-25,Monaco,BEA,Oliver Bearman,Haas,20,17,12,0,Lapped,71.979,69.954,2.025,0.9521379487,16.33333333,15.83333333,0.2,,1,0.109,-3,1,1
2025,9,Spanish Grand Prix,2025-06-01,Barcelona,BEA,Oliver Bearman,Haas,14,15,17,0,Finished,73.074,71.546,1.528,0.9543488589,16,14.5,0.2,,-1.5,0.209,-4,0,0
2025,10,Canadian Grand Prix,2025-06-15,Montréal,BEA,Oliver Bearman,Haas,13,14,11,0,Lapped,72.306,70.899,1.407,0.7460649378,15.33333333,14.83333333,0.2,,-0.3,0.16,-1.6,0,0
2025,11,Austrian Grand Prix,2025-06-29,Spielberg,BEA,Oliver Bearman,Haas,15,15,11,0,Lapped,65.218,63.971,1.247,0.5481247481,13.33333333,12,0.2,,-0.2,0.521,-1.8,0,0
2025,12,British Grand Prix,2025-07-06,Silverstone,BEA,Oliver Bearman,Haas,18,8,11,0,Finished,85.471,84.892,0.579,-0.4118968498,13,12.33333333,0,,-1.2,0.103,-2.4,1,0
2025,13,Belgian Grand Prix,2025-07-27,Spa-Francorchamps,BEA,Oliver Bearman,Haas,12,12,11,0,Finished,101.617,100.562,1.055,0.2401647553,11,10.83333333,0,,0.8,0.064,-1.4,0,0
2025,14,Hungarian Grand Prix,2025-08-03,Budapest,BEA,Oliver Bearman,Haas,11,11,20,0,Retired,75.694,75.372,0.322,0.0958442814,11,11.83333333,0,,1,0,-0.6,0,0
2025,15,Dutch Grand Prix,2025-08-31,Zandvoort,BEA,Oliver Bearman,Haas,20,19,6,8,Finished,70.262,68.662,1.6,1.645182868,14,14.33333333,0.2,,1.5,0.012,0.8,0,0
2025,16,Italian Grand Prix,2025-09-07,Monza,BEA,Oliver Bearman,Haas,11,11,12,0,Finished,79.446,78.792,0.654,-0.03885051552,12.33333333,13,0.2,,-2.4,0.077,-1.2,0,0
2025,17,Azerbaijan Grand Prix,2025-09-21,Baku,BEA,Oliver Bearman,Haas,15,15,12,0,Finished,102.666,101.117,1.549,0.9074755937,12.66666667,13.16666667,0.2,10,0.4,0.478,-0.2,0,1
2025,18,Singapore Grand Prix,2025-10-05,Marina Bay,BEA,Oliver Bearman,Haas,9,9,9,2,Finished,89.868,89.158,0.71,-0.3861932249,10,11.5,0.2,,0.8,0.182,-1.4,0,1
2025,19,United States Grand Prix,2025-10-19,Austin,BEA,Oliver Bearman,Haas,8,8,9,2,Finished,93.139,92.51,0.629,-0.427016945,11,13.33333333,0.2,,0.3,0.291,-1.2,0,0
2025,20,Mexico City Grand Prix,2025-10-26,Mexico City,BEA,Oliver Bearman,Haas,9,10,4,12,Finished,76.46,75.586,0.874,-0.2926995404,10,12.83333333,0,,0.2,0.262,-2.8,0,0
2025,21,São Paulo Grand Prix,2025-11-09,São Paulo,BEA,Oliver Bearman,Haas,8,8,6,8,Finished,69.755,69.511,0.244,-0.8906232019,7.333333333,10.66666667,0,12,-2.3,0.174,-1.4,0,0
2025,22,Las Vegas Grand Prix,2025-11-22,Las Vegas,BEA,Oliver Bearman,Haas,14,14,10,1,Finished,113.094,107.934,5.16,0.3304754825,6.333333333,9.166666667,0,,-0.4,0.323,-2,0,1
2025,23,Qatar Grand Prix,2025-11-30,Lusail,BEA,Oliver Bearman,Haas,13,13,19,0,Retired,80.438,79.387,1.051,0.2310525041,6.666666667,8.333333333,0,,0.4,0.108,-2.2,0,0
2025,24,Abu Dhabi Grand Prix,2025-12-07,Yas Island,BEA,Oliver Bearman,Haas,11,11,12,0,Finished,83.041,82.207,0.834,0.1167825756,11.66666667,11.83333333,0.2,,1.5,0.201,-1,0,0
2026,1,Australian Grand Prix,2026-03-08,Melbourne,BEA,Oliver Bearman,Haas,12,12,7,6,Lapped,80.311,78.518,1.793,-0.005674822701,13.66666667,12,0.2,14,-1.1,0.293,-1,0,0
2026,2,Chinese Grand Prix,2026-03-15,Shanghai,BEA,Oliver Bearman,Haas,10,10,5,10,Finished,93.197,92.064,1.133,-0.3595125358,12.66666667,11.83333333,0.2,8,-1.3,0.222,-0.8,0,0
2026,3,Japanese Grand Prix,2026-03-29,Suzuka,BEA,Oliver Bearman,Haas,18,18,22,0,Retired,91.09,88.778,2.312,0.5258616802,8,9.333333333,0.2,10,1.2,0.298,-1.4,0,0
2026,4,Miami Grand Prix,2026-05-03,Miami,BEA,Oliver Bearman,Haas,12,12,11,0,Lapped,89.34,87.798,1.542,-0.1652125364,11.33333333,11.5,0.4,19,1.5,0.166,0.2,0,1
2026,5,Canadian Grand Prix,2026-05-24,Montréal,BEA,Oliver Bearman,Haas,16,16,10,1,Lapped,74.416,72.578,1.838,0.4075570614,12.66666667,12.5,0.2,11,-1.3,0.068,-1.2,0,0
2026,6,Monaco Grand Prix,2026-06-07,Monaco,BEA,Oliver Bearman,Haas,19,19,20,0,Retired,74.814,72.051,2.763,0.940084575,14.33333333,13.33333333,0.2,12,0.7,0.043,-2.6,0,1
2026,7,Barcelona Grand Prix,2026-06-14,Barcelona,BEA,Oliver Bearman,Haas,15,15,17,0,Retired,76.389,74.679,1.71,0.1584436549,13.66666667,12.83333333,0.4,17,0.2,0.064,-1.4,0,0
2026,8,Austrian Grand Prix,2026-06-28,Spielberg,BEA,Oliver Bearman,Haas,13,13,14,0,Lapped,67.523,66.113,1.41,-0.009886283215,15.66666667,13.83333333,0.4,11,-0.5,0.236,0,0,0
2026,9,British Grand Prix,2026-07-05,Silverstone,BEA,Oliver Bearman,Haas,13,14,12,0,Finished,90.501,88.111,2.39,0.3933889978,17,14.83333333,0.2,11,1.1,0.175,-0.6,0,0
2026,10,Belgian Grand Prix,2026-07-19,Spa-Francorchamps,BEA,Oliver Bearman,Haas,14,16,14,0,Finished,106.779,104.361,2.418,0.2532492677,14.33333333,14.16666667,0.2,11,-0.2,0.317,-0.8,0,0
2026,11,Hungarian Grand Prix,2026-07-26,Budapest,BEA,Oliver Bearman,Haas,17,17,19,0,Lapped,80.233,77.207,3.026,0.9556942829,13.33333333,14.33333333,0.2,20,0.4,0.012,0,0,0
2026,12,Dutch Grand Prix,2026-08-23,Zandvoort,BEA,Oliver Bearman,Haas,20,20,21,0,Retired,73.826,71.163,2.663,1.154870603,15,15.16666667,0,6,1.1,0.102,0.2,0,0
2026,13,Italian Grand Prix,2026-09-06,Monza,BEA,Oliver Bearman,Haas,11,12,15,0,Finished,82.756,81.786,0.97,-0.1892246092,18,17.66666667,0.2,12,0.6,0.06,0,0,0
2026,14,Spanish Grand Prix,2026-09-13,Madrid,BEA,Oliver Bearman,Haas,22,,16,0,Lapped,,91.824,,,18.33333333,17.66666667,0.2,,-0.6,0.011,0.4,0,1
2026,15,Azerbaijan Grand Prix,2026-09-26,Baku,BEA,Oliver Bearman,Haas,10,11,9,2,Finished,104.775,102.526,2.249,-0.09839349688,17.33333333,16.33333333,0.2,11,-1.5,0.837,1,0,1
2026,16,Bahrain Grand Prix,2026-10-04,Kuala Lumpur,BEA,Oliver Bearman,Haas,16,18,14,0,Finished,97.98,95.13,2.85,0.8654067014,13.33333333,12.5,0.2,,-2.3,0.298,1,0,0
2025,1,Australian Grand Prix,2025-03-16,Melbourne,BOR,Gabriel Bortoleto,Kick Sauber,15,15,16,0,Retired,76.516,75.096,1.42,0.7838861611,,13.5,,,0.7,0.084,,0,0
2025,2,Chinese Grand Prix,2025-03-23,Shanghai,BOR,Gabriel Bortoleto,Kick Sauber,19,19,14,0,Lapped,92.141,90.641,1.5,1.376832769,16,12.16666667,1,,-0.4,0.082,,0,0
2025,3,Japanese Grand Prix,2025-04-06,Suzuka,BOR,Gabriel Bortoleto,Kick Sauber,17,17,19,0,Finished,88.622,86.983,1.639,1.180859377,15,13.83333333,0.5,,0.2,0.012,-2,0,0
2025,4,Bahrain Grand Prix,2025-04-13,Sakhir,BOR,Gabriel Bortoleto,Kick Sauber,18,18,18,0,Finished,92.186,89.841,2.345,1.209954611,16.33333333,14.5,0.3333333333,,2.3,0.168,-0.6666666667,0,0
2025,5,Saudi Arabian Grand Prix,2025-04-20,Jeddah,BOR,Gabriel Bortoleto,Kick Sauber,20,20,18,0,Lapped,89.462,87.294,2.168,2.177662497,17,17,0.25,,0.9,0.01,-0.5,0,1
2025,6,Miami Grand Prix,2025-05-04,Miami,BOR,Gabriel Bortoleto,Kick Sauber,13,13,18,0,Retired,87.151,86.204,0.947,0.3164110642,18.33333333,17.66666667,0.2,,-0.2,0.065,-0.8,0,1
2025,7,Emilia Romagna Grand Prix,2025-05-18,Imola,BOR,Gabriel Bortoleto,Kick Sauber,14,14,18,0,Finished,76.26,74.67,1.59,0.8781460844,18,17.16666667,0.2,,-1.2,0.034,0,0,0
2025,8,Monaco Grand Prix,2025-05-25,Monaco,BOR,Gabriel Bortoleto,Kick Sauber,16,16,14,0,Lapped,71.902,69.954,1.948,0.8539793973,18,15.83333333,0.2,,-0.6,0.109,1.8,0,1
2025,9,Spanish Grand Prix,2025-06-01,Barcelona,BOR,Gabriel Bortoleto,Kick Sauber,12,12,12,0,Finished,72.756,71.546,1.21,0.4224138215,16.66666667,15.33333333,0.2,,0,0.209,1,0,0
2025,10,Canadian Grand Prix,2025-06-15,Montréal,BOR,Gabriel Bortoleto,Kick Sauber,15,16,14,0,Lapped,72.385,70.899,1.486,0.8943021865,14.66666667,12.83333333,0.2,,-1.6,0.16,1,0,0
2025,11,Austrian Grand Prix,2025-06-29,Spielberg,BOR,Gabriel Bortoleto,Kick Sauber,8,8,8,4,Lapped,64.846,63.971,0.875,-0.3761835307,13.33333333,11.5,0.2,,-1.4,0.521,1,0,0
2025,12,British Grand Prix,2025-07-06,Silverstone,BOR,Gabriel Bortoleto,Kick Sauber,16,17,18,0,Retired,86.446,84.892,1.554,1.144991805,11.33333333,9.333333333,0,,0.2,0.103,0,0,0
2025,13,Belgian Grand Prix,2025-07-27,Spa-Francorchamps,BOR,Gabriel Bortoleto,Kick Sauber,10,10,9,2,Finished,101.336,100.562,0.774,-0.2840006523,13.33333333,10,0.2,,0,0.064,-0.6,0,0
2025,14,Hungarian Grand Prix,2025-08-03,Budapest,BOR,Gabriel Bortoleto,Kick Sauber,7,7,6,8,Finished,75.586,75.372,0.214,-0.3030452134,11.66666667,9.833333333,0.2,,-0.3,0,-0.4,0,0
2025,15,Dutch Grand Prix,2025-08-31,Zandvoort,BOR,Gabriel Bortoleto,Kick Sauber,13,13,15,0,Finished,69.622,68.662,0.96,0.2827868129,11,10.16666667,0.2,,1.7,0.012,-0.6,0,0
2025,16,Italian Grand Prix,2025-09-07,Monza,BOR,Gabriel Bortoleto,Kick Sauber,7,8,8,4,Finished,79.323,78.792,0.531,-0.3284634494,10,11.5,0.2,,1.3,0.077,0.2,0,0
2025,17,Azerbaijan Grand Prix,2025-09-21,Baku,BOR,Gabriel Bortoleto,Kick Sauber,13,13,11,0,Finished,102.277,101.117,1.16,0.3718889042,9.666666667,12.66666667,0.2,,0.7,0.478,0.2,0,1
2025,18,Singapore Grand Prix,2025-10-05,Marina Bay,BOR,Gabriel Bortoleto,Kick Sauber,14,14,17,0,Lapped,90.82,89.158,1.662,1.091985712,11.33333333,14,0,,0.7,0.182,-0.4,0,1
2025,19,United States Grand Prix,2025-10-19,Austin,BOR,Gabriel Bortoleto,Kick Sauber,16,16,18,0,Lapped,94.125,92.51,1.615,1.155522214,12,15.33333333,0,,0.6,0.291,0.4,0,0
2025,20,Mexico City Grand Prix,2025-10-26,Mexico City,BOR,Gabriel Bortoleto,Kick Sauber,16,16,10,1,Finished,77.412,75.586,1.826,1.132984586,15.33333333,15,0,,-1.5,0.262,1,0,0
2025,21,São Paulo Grand Prix,2025-11-09,São Paulo,BOR,Gabriel Bortoleto,Kick Sauber,18,,20,0,Retired,,69.511,,,15,15.33333333,0,,-1,0.174,-0.6,0,0
2025,22,Las Vegas Grand Prix,2025-11-22,Las Vegas,BOR,Gabriel Bortoleto,Kick Sauber,18,18,17,0,Retired,116.674,107.934,8.74,1.424977751,16,14,0.2,,1.2,0.323,-0.75,0,1
2025,23,Qatar Grand Prix,2025-11-30,Lusail,BOR,Gabriel Bortoleto,Kick Sauber,19,14,13,0,Finished,80.534,79.387,1.147,0.4195065432,15.66666667,13.66666667,0.4,,-2.7,0.108,-0.5,1,0
2025,24,Abu Dhabi Grand Prix,2025-12-07,Yas Island,BOR,Gabriel Bortoleto,Kick Sauber,7,7,11,0,Finished,82.874,82.207,0.667,-0.2959727709,16.66666667,14.33333333,0.4,,1.8,0.201,-1.5,0,0
2026,1,Australian Grand Prix,2026-03-08,Melbourne,BOR,Gabriel Bortoleto,Audi,10,10,9,2,Lapped,80.221,78.518,1.703,-0.07809233627,13.66666667,12.83333333,0.4,16,,0.293,-1,0,0
2026,2,Chinese Grand Prix,2026-03-15,Shanghai,BOR,Gabriel Bortoleto,Audi,16,16,21,0,Did not start,93.549,92.064,1.485,-0.08618983039,11,14,0.4,14,,0.222,0.25,0,0
2026,3,Japanese Grand Prix,2026-03-29,Suzuka,BOR,Gabriel Bortoleto,Audi,9,9,13,0,Finished,89.99,88.778,1.212,-0.4037791015,13.66666667,13.83333333,0.4,19,,0.298,1.2,0,0
2026,4,Miami Grand Prix,2026-05-03,Miami,BOR,Gabriel Bortoleto,Audi,21,21,12,0,Lapped,93.737,87.798,5.939,2.656694598,14.33333333,14.5,0.2,18,-3,0.166,2.2,0,1
2026,5,Canadian Grand Prix,2026-05-24,Montréal,BOR,Gabriel Bortoleto,Audi,13,13,13,0,Lapped,74.071,72.578,1.493,0.1053827822,15.33333333,14.5,0.2,14,1.5,0.068,0.6,0,0
2026,6,Monaco Grand Prix,2026-06-07,Monaco,BOR,Gabriel Bortoleto,Audi,16,16,11,0,Finished,74.683,72.051,2.632,0.830930079,12.66666667,13.33333333,0.2,14,0.3,0.043,-0.2,0,1
2026,7,Barcelona Grand Prix,2026-06-14,Barcelona,BOR,Gabriel Bortoleto,Audi,12,12,11,0,Lapped,76.001,74.679,1.322,-0.1503406004,12,13.33333333,0.2,12,-1.4,0.064,-1,0,0
2026,8,Austrian Grand Prix,2026-06-28,Spielberg,BOR,Gabriel Bortoleto,Audi,12,12,11,0,Lapped,67.293,66.113,1.18,-0.2008198445,11.66666667,13.33333333,0,8,1.6,0.236,-2.2,0,0
2026,9,British Grand Prix,2026-07-05,Silverstone,BOR,Gabriel Bortoleto,Audi,11,11,8,4,Finished,89.461,88.111,1.35,-0.3442556727,11,13,0,18,-0.2,0.175,-3.2,0,0
2026,10,Belgian Grand Prix,2026-07-19,Spa-Francorchamps,BOR,Gabriel Bortoleto,Audi,8,9,8,4,Finished,105.628,104.361,1.267,-0.4540164162,10,14,0,9,0.1,0.317,-2,0,0
2026,11,Hungarian Grand Prix,2026-07-26,Budapest,BOR,Gabriel Bortoleto,Audi,14,14,11,0,Lapped,79.069,77.207,1.862,0.08799638549,9,12.33333333,0,6,0.2,0.012,-2.2,0,0
2026,12,Dutch Grand Prix,2026-08-23,Zandvoort,BOR,Gabriel Bortoleto,Audi,9,9,13,0,Lapped,72.079,71.163,0.916,-0.4604688232,9,11.83333333,0,15,-2.3,0.102,-1.8,0,0
2026,13,Italian Grand Prix,2026-09-06,Monza,BOR,Gabriel Bortoleto,Audi,10,11,11,0,Finished,82.517,81.786,0.731,-0.3996609448,10.66666667,10.33333333,0,8,-0.8,0.06,-0.8,0,0
2026,14,Spanish Grand Prix,2026-09-13,Madrid,BOR,Gabriel Bortoleto,Audi,12,12,13,0,Lapped,93.388,91.824,1.564,-0.07813376152,11.66666667,10.66666667,0,,0.4,0.011,-0.6,0,1
2026,15,Azerbaijan Grand Prix,2026-09-26,Baku,BOR,Gabriel Bortoleto,Audi,17,17,15,0,Finished,105.799,102.526,3.273,0.6180281895,12.33333333,11.16666667,0,11,0.6,0.837,0.2,0,1
2026,16,Bahrain Grand Prix,2026-10-04,Kuala Lumpur,BOR,Gabriel Bortoleto,Audi,10,10,18,0,Finished,96.814,95.13,1.684,-0.1079102358,13,12,0,,0,0.298,0,0,0
2022,1,Bahrain Grand Prix,2022-03-20,Sakhir,BOT,Valtteri Bottas,Alfa Romeo,6,6,6,8,Finished,91.56,90.558,1.002,-0.3531632654,,,,,,0.123,,0,0
2022,2,Saudi Arabian Grand Prix,2022-03-27,Jeddah,BOT,Valtteri Bottas,Alfa Romeo,8,8,15,0,Cooling system,89.183,88.2,0.983,-0.3839749,6,8,0,,,0.025,,0,1
2022,3,Australian Grand Prix,2022-04-10,Melbourne,BOT,Valtteri Bottas,Alfa Romeo,12,12,8,4,Finished,79.251,77.868,1.383,-0.06332258392,10.5,10.5,0.5,,,0.286,3.5,0,0
2022,4,Emilia Romagna Grand Prix,2022-04-24,Imola,BOT,Valtteri Bottas,Alfa Romeo,7,8,5,10,Finished,80.192,78.793,1.399,0.1117201559,9.666666667,10.16666667,0.3333333333,,-0.5,0.003,1,0,0
2022,5,Miami Grand Prix,2022-05-08,Miami,BOT,Valtteri Bottas,Alfa Romeo,5,5,7,6,Finished,89.475,88.796,0.679,-0.6795482485,9.333333333,10.83333333,0.25,,0.5,0.19,0,0,1
2022,6,Spanish Grand Prix,2022-05-22,Barcelona,BOT,Valtteri Bottas,Alfa Romeo,7,7,6,8,Finished,79.608,78.75,0.858,-0.7239768415,6.666666667,11,0.2,,2,0.323,0.4,0,0
2022,7,Monaco Grand Prix,2022-05-29,Monaco,BOT,Valtteri Bottas,Alfa Romeo,12,12,9,2,Finished,72.909,71.376,1.533,0.1134415616,6,12,0.2,,0.7,0.225,0.2,0,1
2022,8,Azerbaijan Grand Prix,2022-06-12,Baku,BOT,Valtteri Bottas,Alfa Romeo,15,15,11,0,+1 Lap,104.444,101.359,3.085,0.768775195,7.333333333,12.83333333,0,,-0.5,0.282,-1.8,0,1
2022,9,Canadian Grand Prix,2022-06-19,Montréal,BOT,Valtteri Bottas,Alfa Romeo,11,11,7,6,Finished,86.788,81.299,5.489,0.02825954368,8.666666667,13.16666667,0,,0,0.645,-1.8,0,0
2022,10,British Grand Prix,2022-07-03,Silverstone,BOT,Valtteri Bottas,Alfa Romeo,12,12,17,0,Gearbox,101.396,100.19,1.206,-0.07115014786,9,11.5,0,,-2,0,-2,0,0
2022,11,Austrian Grand Prix,2022-07-10,Spielberg,BOT,Valtteri Bottas,Alfa Romeo,20,12,11,0,+1 Lap,66.319,64.984,1.335,0.3604193991,11.66666667,13.33333333,0.2,,1.2,0.029,-1.4,1,0
2022,12,French Grand Prix,2022-07-24,Le Castellet,BOT,Valtteri Bottas,Alfa Romeo,11,13,14,0,Finished,93.034,90.872,2.162,0.4605269903,11.66666667,12.66666667,0.2,,0.6,0.304,-1.4,0,0
2022,13,Hungarian Grand Prix,2022-07-31,Budapest,BOT,Valtteri Bottas,Alfa Romeo,8,8,20,0,Power Unit,78.157,77.377,0.78,-0.4131142331,14,15.16666667,0.2,,-0.3,0.044,-0.6,0,0
2022,14,Belgian Grand Prix,2022-08-28,Spa-Francorchamps,BOT,Valtteri Bottas,Alfa Romeo,13,20,19,0,Accident,107.866,103.665,4.201,2.254080639,15,14.66666667,0.2,,0.4,0.632,2.6,0,0
2022,15,Dutch Grand Prix,2022-09-04,Zandvoort,BOT,Valtteri Bottas,Alfa Romeo,16,16,19,0,Engine,71.961,70.342,1.619,0.6570346701,17.66666667,16,0.4,,-0.5,0.021,3.2,0,0
2022,16,Italian Grand Prix,2022-09-11,Monza,BOT,Valtteri Bottas,Alfa Romeo,15,12,13,0,+1 Lap,82.235,80.161,2.074,0.4511964411,19.33333333,16.83333333,0.4,,0.6,0.145,2.8,1,0
2022,17,Singapore Grand Prix,2022-10-02,Marina Bay,BOT,Valtteri Bottas,Alfa Romeo,15,16,11,0,Finished,116.083,109.412,6.671,1.084275823,17,15.16666667,0.4,,-1.4,0.022,3.2,0,1
2022,18,Japanese Grand Prix,2022-10-09,Suzuka,BOT,Valtteri Bottas,Alfa Romeo,12,12,15,0,Finished,90.709,89.304,1.405,0.224479834,14.33333333,14.83333333,0.4,,0.6,0.01,2,0,0
2022,19,United States Grand Prix,2022-10-23,Austin,BOT,Valtteri Bottas,Alfa Romeo,7,10,19,0,Spun off,96.319,94.356,1.963,0.3383664409,13,14.16666667,0.4,,1.6,0.065,0.2,0,0
2022,20,Mexico City Grand Prix,2022-10-30,Mexico City,BOT,Valtteri Bottas,Alfa Romeo,6,6,10,1,+1 Lap,78.401,77.775,0.626,-0.8451901153,15,15.5,0.4,,-1.2,0.304,2.2,0,0
2022,21,São Paulo Grand Prix,2022-11-13,São Paulo,BOT,Valtteri Bottas,Alfa Romeo,14,18,9,2,Finished,75.486,71.41,4.076,1.552258111,14.66666667,14.16666667,0.2,,-1.5,0,2.4,0,0
2022,22,Abu Dhabi Grand Prix,2022-11-20,Yas Island,BOT,Valtteri Bottas,Alfa Romeo,18,18,15,0,+1 Lap,85.892,83.824,2.068,1.23631595,12.66666667,12.5,0.2,,-0.1,0.228,0.4,0,0
2023,1,Bahrain Grand Prix,2023-03-05,Sakhir,BOT,Valtteri Bottas,Alfa Romeo,12,12,8,4,Finished,91.443,89.708,1.735,0.5290144517,11.33333333,11.83333333,0.2,6,0.4,0.138,0.8,0,0
2023,2,Saudi Arabian Grand Prix,2023-03-19,Jeddah,BOT,Valtteri Bottas,Alfa Romeo,14,14,18,0,Lapped,89.668,88.265,1.403,-0.03720271095,10.66666667,12,0.2,15,0.1,0.155,-0.6,0,1
2023,3,Australian Grand Prix,2023-04-02,Melbourne,BOT,Valtteri Bottas,Alfa Romeo,19,19,11,0,Finished,78.714,76.732,1.982,1.577583239,13.66666667,13.66666667,0,8,1.2,0.236,-1.6,0,0
2023,4,Azerbaijan Grand Prix,2023-04-30,Baku,BOT,Valtteri Bottas,Alfa Romeo,13,14,18,0,Lapped,102.259,100.203,2.056,0.02231828735,12.33333333,12.5,0,11,-2.1,0.188,-4,0,1
2023,5,Miami Grand Prix,2023-05-07,Miami,BOT,Valtteri Bottas,Alfa Romeo,10,10,13,0,Finished,87.564,86.841,0.723,-0.3440106091,15.66666667,14.66666667,0,7,1.9,0.256,-1.4,0,1
2023,6,Monaco Grand Prix,2023-05-28,Monaco,BOT,Valtteri Bottas,Alfa Romeo,15,15,11,0,Lapped,72.625,71.365,1.26,0.3640594268,14,14.33333333,0,9,0.9,0.084,-0.2,0,1
2023,7,Spanish Grand Prix,2023-06-04,Barcelona,BOT,Valtteri Bottas,Alfa Romeo,16,16,19,0,Lapped,73.977,72.272,1.705,1.015382826,14,15,0,6,-1.4,0.462,-0.2,0,0
2023,8,Canadian Grand Prix,2023-06-18,Montréal,BOT,Valtteri Bottas,Alfa Romeo,14,15,10,1,Finished,81.821,79.092,2.729,0.5620571953,14.33333333,13.5,0,7,-0.6,1.213,-0.4,0,0
2023,9,Austrian Grand Prix,2023-07-02,Spielberg,BOT,Valtteri Bottas,Alfa Romeo,14,14,15,0,Lapped,65.68,64.391,1.289,0.8050987698,13.33333333,13,0,11,-0.3,0.048,0.2,0,0
2023,10,British Grand Prix,2023-07-09,Silverstone,BOT,Valtteri Bottas,Alfa Romeo,20,15,12,0,Finished,89.798,86.72,3.078,0.8074305813,14.66666667,13.5,0,17,1.1,0.241,-0.4,1,0
2023,11,Hungarian Grand Prix,2023-07-23,Budapest,BOT,Valtteri Bottas,Alfa Romeo,7,7,12,0,Lapped,77.034,76.609,0.425,-0.7290976023,12.33333333,13.33333333,0,20,-0.5,0.003,-1.6,0,0
2023,12,Belgian Grand Prix,2023-07-30,Spa-Francorchamps,BOT,Valtteri Bottas,Alfa Romeo,13,14,12,0,Finished,114.694,106.168,8.526,0.8093999038,13,13.66666667,0,19,0.8,0.82,0.2,0,0
2023,13,Dutch Grand Prix,2023-08-27,Zandvoort,BOT,Valtteri Bottas,Alfa Romeo,18,19,14,0,Finished,82.26,70.567,10,0.9823244444,12,13.33333333,0,19,-0.4,0.537,-0.8,0,0
2023,14,Italian Grand Prix,2023-09-03,Monza,BOT,Valtteri Bottas,Alfa Romeo,14,14,10,1,Finished,81.94,80.294,1.646,0.5735092852,12.66666667,14.16666667,0,13,0.6,0.013,-0.8,0,0
2023,15,Singapore Grand Prix,2023-09-17,Marina Bay,BOT,Valtteri Bottas,Alfa Romeo,16,16,17,0,Retired,92.809,90.984,1.825,0.9584701875,12,13.5,0,11,-0.2,0.072,-1.8,0,1
2023,16,Japanese Grand Prix,2023-09-24,Suzuka,BOT,Valtteri Bottas,Alfa Romeo,16,16,20,0,Retired,91.049,88.877,2.172,1.110025267,13.66666667,14.16666667,0.2,15,-0.5,0.581,-1,0,0
2023,17,Qatar Grand Prix,2023-10-08,Lusail,BOT,Valtteri Bottas,Alfa Romeo,9,9,8,4,Finished,85.058,83.778,1.28,-0.2349100061,15.66666667,14.33333333,0.4,,0.1,0.441,-1.2,0,0
2023,18,United States Grand Prix,2023-10-22,Austin,BOT,Valtteri Bottas,Alfa Romeo,13,13,12,0,Finished,95.858,94.723,1.135,0.428579813,15,13.16666667,0.4,19,-1.8,0.13,-1,0,0
2023,19,Mexico City Grand Prix,2023-10-29,Mexico City,BOT,Valtteri Bottas,Alfa Romeo,9,9,15,0,Finished,78.016,77.166,0.85,-0.2711810606,13.33333333,12.5,0.4,10,0.4,0.067,-0.2,0,0
2023,20,São Paulo Grand Prix,2023-11-05,São Paulo,BOT,Valtteri Bottas,Alfa Romeo,18,18,16,0,Retired,70.955,70.162,0.793,1.354879021,11.66666667,11.83333333,0.4,9,1.3,0.141,1.8,0,0
2023,21,Las Vegas Grand Prix,2023-11-18,Las Vegas,BOT,Valtteri Bottas,Alfa Romeo,7,8,17,0,Finished,93.525,92.726,0.799,-0.4327571225,14.33333333,14.5,0.4,,0.9,0.044,1.2,0,1
2023,22,Abu Dhabi Grand Prix,2023-11-26,Yas Island,BOT,Valtteri Bottas,Alfa Romeo,18,18,19,0,Lapped,84.788,83.445,1.343,1.281741867,16,15.66666667,0.2,15,0.3,0.139,2.2,0,0
2024,1,Bahrain Grand Prix,2024-03-02,Sakhir,BOT,Valtteri Bottas,Kick Sauber,16,16,19,0,Lapped,90.756,89.179,1.577,1.273698765,17.33333333,16.83333333,0.2,7,,0,2.6,0,0
2024,2,Saudi Arabian Grand Prix,2024-03-09,Jeddah,BOT,Valtteri Bottas,Kick Sauber,16,16,17,0,Lapped,89.179,87.472,1.707,0.9369021209,18.33333333,16.33333333,0.2,16.5,,0.319,3.4,0,1
2024,3,Australian Grand Prix,2024-03-24,Melbourne,BOT,Valtteri Bottas,Kick Sauber,13,13,14,0,Lapped,77.34,75.915,1.425,0.4616741625,18.33333333,16.83333333,0.2,9.5,,0.27,2.4,0,0
2024,4,Japanese Grand Prix,2024-04-07,Suzuka,BOT,Valtteri Bottas,Kick Sauber,13,13,14,0,Lapped,89.593,88.197,1.396,0.4604652265,16.66666667,15.66666667,0,17.5,0.5,0.066,3,0,0
2024,5,Chinese Grand Prix,2024-04-21,Shanghai,BOT,Valtteri Bottas,Kick Sauber,10,10,20,0,Retired,94.665,93.66,1.005,-0.2454663522,15,16,0,,0,0.322,1.4,0,0
2024,6,Miami Grand Prix,2024-05-05,Miami,BOT,Valtteri Bottas,Kick Sauber,16,16,16,0,Finished,88.463,87.241,1.222,0.8777590878,16,15.83333333,0.2,10,0.4,0.141,3.2,0,1
2024,7,Emilia Romagna Grand Prix,2024-05-19,Imola,BOT,Valtteri Bottas,Kick Sauber,16,16,18,0,Lapped,76.626,74.746,1.88,1.259341848,16.66666667,16,0.2,5,-1.2,0.074,2.6,0,0
2024,8,Monaco Grand Prix,2024-05-26,Monaco,BOT,Valtteri Bottas,Kick Sauber,17,17,13,0,Lapped,72.512,70.27,2.242,1.607400529,18,16.16666667,0.2,10,0.4,0.154,2.8,0,1
2024,9,Canadian Grand Prix,2024-06-09,Montréal,BOT,Valtteri Bottas,Kick Sauber,19,17,13,0,Finished,73.366,71.742,1.624,0.9549429153,15.66666667,15.33333333,0.2,8.5,-0.1,0.258,1.8,0,0
2024,10,Spanish Grand Prix,2024-06-23,Barcelona,BOT,Valtteri Bottas,Kick Sauber,12,12,16,0,Lapped,72.227,71.383,0.844,-0.04714855276,14.66666667,15,0.2,12.5,0,0.02,0.8,0,0
2024,11,Austrian Grand Prix,2024-06-30,Spielberg,BOT,Valtteri Bottas,Kick Sauber,18,18,16,0,Lapped,65.847,64.314,1.533,1.247230181,14,14.33333333,0,13,-0.3,0.404,-0.4,0,0
2024,12,British Grand Prix,2024-07-07,Silverstone,BOT,Valtteri Bottas,Kick Sauber,16,16,15,0,Lapped,92.431,85.819,6.612,1.09369095,15,15,0,14.5,0.4,0.171,-0.8,0,0
2024,13,Hungarian Grand Prix,2024-07-21,Budapest,BOT,Valtteri Bottas,Kick Sauber,12,12,16,0,Lapped,76.384,75.227,1.157,-0.1156887755,15.66666667,15.83333333,0,16,0.9,0.022,-1.4,0,0
2024,14,Belgian Grand Prix,2024-07-28,Spa-Francorchamps,BOT,Valtteri Bottas,Kick Sauber,14,14,15,0,Finished,114.764,113.159,1.605,-0.1089263984,15.66666667,16.83333333,0,15.5,0.5,0.595,0.2,0,0
2024,15,Dutch Grand Prix,2024-08-25,Zandvoort,BOT,Valtteri Bottas,Kick Sauber,16,17,19,0,Lapped,72.168,69.673,2.495,1.381251418,15.33333333,17,0,16.5,0.1,0.356,1.2,0,0
2024,16,Italian Grand Prix,2024-09-01,Monza,BOT,Valtteri Bottas,Kick Sauber,19,19,16,0,Lapped,81.101,79.327,1.774,1.189170458,16.66666667,18,0,11.5,0.6,0.109,0.8,0,0
2024,17,Azerbaijan Grand Prix,2024-09-15,Baku,BOT,Valtteri Bottas,Kick Sauber,16,17,16,0,Lapped,103.618,101.365,2.253,0.9431684324,16.66666667,17.83333333,0,14.5,-0.5,0.321,0.6,0,1
2024,18,Singapore Grand Prix,2024-09-22,Marina Bay,BOT,Valtteri Bottas,Kick Sauber,19,19,16,0,Lapped,91.572,89.525,2.047,1.607590458,17,17.16666667,0,14,-1.2,0.155,0.6,0,1
2024,19,United States Grand Prix,2024-10-20,Austin,BOT,Valtteri Bottas,Kick Sauber,16,18,17,0,Lapped,94.152,92.33,1.822,1.325896032,16,15.83333333,0,15.5,-0.6,0.031,-0.8,0,0
2024,20,Mexico City Grand Prix,2024-10-27,Mexico City,BOT,Valtteri Bottas,Kick Sauber,15,15,14,0,Lapped,77.393,75.946,1.447,0.6799060201,16.33333333,16.16666667,0,12.5,1.1,0.225,-1.2,0,0
2024,21,São Paulo Grand Prix,2024-11-03,São Paulo,BOT,Valtteri Bottas,Kick Sauber,11,11,13,0,Finished,86.472,83.405,3.067,-0.301618614,15.66666667,16,0,12.5,-0.3,0.173,-1.8,0,0
2024,22,Las Vegas Grand Prix,2024-11-23,Las Vegas,BOT,Valtteri Bottas,Kick Sauber,19,19,18,0,Lapped,94.43,92.312,2.118,1.471990899,14.66666667,15.5,0,17,-0.9,0.098,-0.8,0,1
2024,23,Qatar Grand Prix,2024-12-01,Lusail,BOT,Valtteri Bottas,Kick Sauber,13,13,11,0,Finished,81.731,80.52,1.211,0.2938893544,15,14.66666667,0,8,0.1,0.055,-0.8,0,0
2024,24,Abu Dhabi Grand Prix,2024-12-08,Yas Island,BOT,Valtteri Bottas,Kick Sauber,9,9,18,0,Retired,83.204,82.595,0.609,-0.330944618,14,13,0,17,-2.1,0.209,-0.6,0,0
2026,1,Australian Grand Prix,2026-03-08,Melbourne,BOT,Valtteri Bottas,Cadillac,19,19,19,0,Retired,83.244,78.518,4.726,2.354331481,15.66666667,,0.2,11,,0.293,1.4,0,0
2026,2,Chinese Grand Prix,2026-03-15,Shanghai,BOT,Valtteri Bottas,Cadillac,19,20,13,0,Lapped,95.436,92.064,3.372,1.379037286,16,17.5,0.4,20,,0.222,1.6,0,0
2026,3,Japanese Grand Prix,2026-03-29,Suzuka,BOT,Valtteri Bottas,Cadillac,20,20,19,0,Lapped,92.33,88.778,3.552,1.57382038,16.66666667,15.75,0.4,16.33333333,,0.298,-0.2,0,0
2026,4,Miami Grand Prix,2026-05-03,Miami,BOT,Valtteri Bottas,Cadillac,19,19,18,0,Lapped,91.629,87.798,3.831,1.303822131,17,16.5,0.4,12,0.8,0.166,-0.2,0,1
2026,5,Canadian Grand Prix,2026-05-24,Montréal,BOT,Valtteri Bottas,Cadillac,21,22,16,0,Lapped,76.272,72.578,3.694,2.033167097,16.66666667,16.33333333,0.4,10,0.1,0.068,0,0,0
2026,6,Monaco Grand Prix,2026-06-07,Monaco,BOT,Valtteri Bottas,Cadillac,20,20,21,0,Retired,75.283,72.051,3.232,1.330874335,17.66666667,17.16666667,0.2,11,-0.2,0.043,-3,0,1
2026,7,Barcelona Grand Prix,2026-06-14,Barcelona,BOT,Valtteri Bottas,Cadillac,20,20,21,0,Retired,77.757,74.679,3.078,1.247146906,18.33333333,17.16666667,0.2,13.66666667,0.3,0.064,-2.8,0,0
2026,8,Austrian Grand Prix,2026-06-28,Spielberg,BOT,Valtteri Bottas,Cadillac,20,20,22,0,Retired,69.03,66.113,2.917,1.241143616,19.33333333,17.33333333,0.4,14,-0.6,0.236,-1.2,0,0
2026,9,British Grand Prix,2026-07-05,Silverstone,BOT,Valtteri Bottas,Cadillac,18,18,16,0,Finished,91.227,88.111,3.116,0.9083217197,21.33333333,19,0.6,14.66666667,1.3,0.175,-0.6,0,0
2026,10,Belgian Grand Prix,2026-07-19,Spa-Francorchamps,BOT,Valtteri Bottas,Cadillac,17,19,18,0,Lapped,107.823,104.361,3.462,0.8947656655,19.66666667,18,0.6,15.33333333,-0.6,0.317,-0.8,0,0
2026,11,Hungarian Grand Prix,2026-07-26,Budapest,BOT,Valtteri Bottas,Cadillac,21,21,22,0,Retired,80.886,77.207,3.679,1.442469822,18.66666667,18.66666667,0.6,16,0.2,0.012,0.2,0,0
2026,12,Dutch Grand Prix,2026-08-23,Zandvoort,BOT,Valtteri Bottas,Cadillac,21,21,18,0,Retired,74.371,71.163,3.208,1.658797327,18.66666667,18.66666667,0.6,17.33333333,1.8,0.102,0.2,0,0
2026,13,Italian Grand Prix,2026-09-06,Monza,BOT,Valtteri Bottas,Cadillac,16,19,19,0,Lapped,84.364,81.786,2.578,1.226598101,19.33333333,19.16666667,0.6,13,-1.6,0.06,-0.6,0,0
2026,14,Spanish Grand Prix,2026-09-13,Madrid,BOT,Valtteri Bottas,Cadillac,19,20,18,0,Lapped,98.011,91.824,6.187,2.654183784,19.66666667,18.83333333,0.4,,-0.5,0.011,-1,0,1
2026,15,Azerbaijan Grand Prix,2026-09-26,Baku,BOT,Valtteri Bottas,Cadillac,19,22,16,0,Retired,108.29,102.526,5.764,2.360807897,18.33333333,18,0.4,15,0.9,0.837,-1,0,1
2026,16,Bahrain Grand Prix,2026-10-04,Kuala Lumpur,BOT,Valtteri Bottas,Cadillac,19,21,22,0,Retired,98.611,95.13,3.481,1.392133106,17.66666667,17.5,0.4,,-1,0.298,-2,0,0
2024,16,Italian Grand Prix,2024-09-01,Monza,COL,Franco Colapinto,Williams,18,18,12,0,Finished,81.061,79.327,1.734,1.130981189,,15,,,-0.7,0.109,,0,0
2024,17,Azerbaijan Grand Prix,2024-09-15,Baku,COL,Franco Colapinto,Williams,8,9,8,4,Finished,102.473,101.365,1.108,-0.3543539214,12,13.33333333,0,,-1.8,0.321,,0,1
2024,18,Singapore Grand Prix,2024-09-22,Marina Bay,COL,Franco Colapinto,Williams,12,12,11,0,Lapped,90.481,89.525,0.956,0.03748957651,10,11,0,,1.8,0.155,-3.5,0,1
2024,19,United States Grand Prix,2024-10-20,Austin,COL,Franco Colapinto,Williams,15,17,10,1,Finished,94.062,92.33,1.732,1.175035548,10.33333333,11.16666667,0,,2.1,0.031,-2.666666667,0,0
2024,20,Mexico City Grand Prix,2024-10-27,Mexico City,COL,Franco Colapinto,Williams,16,16,12,0,Lapped,77.558,75.946,1.612,0.9657628002,9.666666667,12,0,,-0.3,0.225,-3.75,0,0
2024,21,São Paulo Grand Prix,2024-11-03,São Paulo,COL,Franco Colapinto,Williams,16,18,17,0,Retired,91.27,83.405,7.865,1.256568315,11,14.66666667,0,,0.6,0.173,-3.8,0,0
2024,22,Las Vegas Grand Prix,2024-11-23,Las Vegas,COL,Franco Colapinto,Williams,20,14,14,0,Finished,93.746,92.312,1.434,0.525488643,13,15.33333333,0.2,,0.5,0.098,-2.8,1,1
2024,23,Qatar Grand Prix,2024-12-01,Lusail,COL,Franco Colapinto,Williams,19,19,19,0,Retired,82.594,80.52,2.074,1.531695664,14.33333333,16.5,0.2,,-0.9,0.055,-2.6,0,0
2024,24,Abu Dhabi Grand Prix,2024-12-08,Yas Island,COL,Franco Colapinto,Williams,20,19,19,0,Retired,83.912,82.595,1.317,1.277766605,16.66666667,17,0.4,,-1.1,0.209,-2.4,0,0
2025,7,Emilia Romagna Grand Prix,2025-05-18,Imola,COL,Franco Colapinto,Alpine,16,15,16,0,Finished,76.256,74.67,1.586,0.8721324691,17.33333333,15.16666667,0.6,,1.5,0.034,-1,0,0
2025,8,Monaco Grand Prix,2025-05-25,Monaco,COL,Franco Colapinto,Alpine,18,20,13,0,Lapped,72.597,69.954,2.643,1.739955933,18,16.5,0.6,,-1.8,0.109,0,0,1
2025,9,Spanish Grand Prix,2025-06-01,Barcelona,COL,Franco Colapinto,Alpine,18,19,15,0,Finished,73.334,71.546,1.788,1.389264298,16,15.83333333,0.4,,1.1,0.209,-1.2,0,0
2025,10,Canadian Grand Prix,2025-06-15,Montréal,COL,Franco Colapinto,Alpine,10,12,13,0,Lapped,72.142,70.899,1.243,0.4383319152,14.66666667,14.16666667,0.4,,-0.8,0.16,-2,0,0
2025,11,Austrian Grand Prix,2025-06-29,Spielberg,COL,Franco Colapinto,Alpine,14,14,15,0,Lapped,65.278,63.971,1.307,0.6972067286,13.66666667,14,0.2,,-1.2,0.521,-1.8,0,0
2025,12,British Grand Prix,2025-07-06,Silverstone,COL,Franco Colapinto,Alpine,20,20,20,0,Did not start,87.06,84.892,2.168,2.125432456,14.33333333,13.16666667,0,,1.2,0.103,-1.6,0,0
2025,13,Belgian Grand Prix,2025-07-27,Spa-Francorchamps,COL,Franco Colapinto,Alpine,15,17,19,0,Finished,102.022,100.562,1.46,0.9956344709,16,13.66666667,0.2,,-1.3,0.064,-1.8,0,0
2025,14,Hungarian Grand Prix,2025-08-03,Budapest,COL,Franco Colapinto,Alpine,14,14,18,0,Lapped,75.875,75.372,0.503,0.7643535274,18,13.83333333,0.2,,-0.7,0,0,0,0
2025,15,Dutch Grand Prix,2025-08-31,Zandvoort,COL,Franco Colapinto,Alpine,16,16,11,0,Finished,70.104,68.662,1.442,1.308841342,19,15.33333333,0.2,,2.5,0.012,1.6,0,0
2025,16,Italian Grand Prix,2025-09-07,Monza,COL,Franco Colapinto,Alpine,17,18,17,0,Lapped,79.992,78.792,1.2,1.246748362,16,15.66666667,0.2,12,0.7,0.077,0.4,0,0
2025,17,Azerbaijan Grand Prix,2025-09-21,Baku,COL,Franco Colapinto,Alpine,16,16,19,0,Lapped,102.779,101.117,1.662,1.063057331,15.33333333,16.33333333,0.2,8,0,0.478,0,0,1
2025,18,Singapore Grand Prix,2025-10-05,Marina Bay,COL,Franco Colapinto,Alpine,16,16,16,0,Lapped,90.982,89.158,1.824,1.343524565,15.66666667,16.33333333,0,11,0.4,0.182,0.6,0,1
2025,19,United States Grand Prix,2025-10-19,Austin,COL,Franco Colapinto,Alpine,15,15,17,0,Lapped,94.039,92.51,1.529,1.017491415,17.33333333,17.5,0,10,0.3,0.291,0.2,0,0
2025,20,Mexico City Grand Prix,2025-10-26,Mexico City,COL,Franco Colapinto,Alpine,20,20,16,0,Lapped,77.67,75.586,2.084,1.519356964,17.33333333,18,0,12,0.3,0.262,-0.2,0,0
2025,21,São Paulo Grand Prix,2025-11-09,São Paulo,COL,Franco Colapinto,Alpine,16,18,15,0,Finished,70.632,69.511,1.121,1.896840061,16.33333333,17,0,17,-0.9,0.174,0,0,0
2025,22,Las Vegas Grand Prix,2025-11-22,Las Vegas,COL,Franco Colapinto,Alpine,15,15,15,0,Lapped,113.683,107.934,5.749,0.5105486212,16,15.33333333,0,14,-1.9,0.323,-0.4,0,1
2025,23,Qatar Grand Prix,2025-11-30,Lusail,COL,Franco Colapinto,Alpine,20,20,14,0,Lapped,81.137,79.387,1.75,1.603233476,15.33333333,14,0,19,-0.4,0.108,-1,0,0
2025,24,Abu Dhabi Grand Prix,2025-12-07,Yas Island,COL,Franco Colapinto,Alpine,20,20,20,0,Lapped,83.89,82.207,1.683,2.215161552,14.66666667,13.83333333,0,19,1.1,0.201,-2.2,0,0
2026,1,Australian Grand Prix,2026-03-08,Melbourne,COL,Franco Colapinto,Alpine,16,16,14,0,Lapped,81.2,78.518,2.682,0.7096492835,16.33333333,16.16666667,0,,1.8,0.293,-2.6,0,0
2026,2,Chinese Grand Prix,2026-03-15,Shanghai,COL,Franco Colapinto,Alpine,12,12,10,1,Lapped,93.357,92.064,1.293,-0.2352749424,16,15.5,0,,-1.8,0.222,-2.2,0,0
2026,3,Japanese Grand Prix,2026-03-29,Suzuka,COL,Franco Colapinto,Alpine,15,15,16,0,Finished,90.627,88.778,1.849,0.1345674239,14.66666667,13.16666667,0,,-3,0.298,-2,0,0
2026,4,Miami Grand Prix,2026-05-03,Miami,COL,Franco Colapinto,Alpine,8,8,7,6,Finished,88.762,87.798,0.964,-0.5361614387,13.33333333,10.5,0,,0,0.166,-1.8,0,1
2026,5,Canadian Grand Prix,2026-05-24,Montréal,COL,Franco Colapinto,Alpine,10,10,6,8,Lapped,73.697,72.578,1.119,-0.2221916538,11,11.16666667,0,13,2.1,0.068,-0.8,0,0
2026,6,Monaco Grand Prix,2026-06-07,Monaco,COL,Franco Colapinto,Alpine,14,14,14,0,Finished,73.995,72.051,1.944,0.2576606649,9.666666667,10.83333333,0,13,0.1,0.043,-1.6,0,1
2026,7,Barcelona Grand Prix,2026-06-14,Barcelona,COL,Franco Colapinto,Alpine,13,13,10,1,Lapped,76.191,74.679,1.512,0.0008681844105,9,10.5,0,15,-2,0.064,-1.2,0,0
2026,8,Austrian Grand Prix,2026-06-28,Spielberg,COL,Franco Colapinto,Alpine,16,16,15,0,Lapped,67.894,66.113,1.781,0.2980978527,10,8.666666667,0,15,-0.6,0.236,-1.4,0,0
2026,9,British Grand Prix,2026-07-05,Silverstone,COL,Franco Colapinto,Alpine,19,19,9,2,Finished,91.321,88.111,3.21,0.9749934495,13,11,0,20,1.7,0.175,-1.8,0,0
2026,10,Belgian Grand Prix,2026-07-19,Spa-Francorchamps,COL,Franco Colapinto,Alpine,11,13,10,1,Finished,106.392,104.361,2.031,0.01544577534,11.33333333,10.66666667,0,19,0,0.317,-3.6,0,0
2026,11,Hungarian Grand Prix,2026-07-26,Budapest,COL,Franco Colapinto,Alpine,13,13,15,0,Lapped,79.027,77.207,1.82,0.05668769847,11.33333333,11.33333333,0,18,-0.3,0.012,-3.4,0,0
2026,12,Dutch Grand Prix,2026-08-23,Zandvoort,COL,Franco Colapinto,Alpine,14,14,14,0,Lapped,72.8,71.163,1.637,0.2061938706,11.33333333,11.16666667,0,11,0.9,0.102,-3,0,0
2026,13,Italian Grand Prix,2026-09-06,Monza,COL,Franco Colapinto,Alpine,7,8,9,2,Finished,82.22,81.786,0.434,-0.6611655125,13,12,0,14.5,-0.3,0.06,-2.4,0,0
2026,14,Spanish Grand Prix,2026-09-13,Madrid,COL,Franco Colapinto,Alpine,9,9,7,6,Finished,92.903,91.824,1.079,-0.3647818276,12.66666667,11.16666667,0,,-1.5,0.011,-2,0,1
2026,15,Azerbaijan Grand Prix,2026-09-26,Baku,COL,Franco Colapinto,Alpine,9,10,17,0,Retired,104.683,102.526,2.157,-0.1627595078,10,9.833333333,0,13.5,0.2,0.837,-0.4,0,1
2026,16,Bahrain Grand Prix,2026-10-04,Kuala Lumpur,COL,Franco Colapinto,Alpine,21,15,13,0,Finished,97.179,95.13,2.049,0.196773025,11,11.66666667,0.2,,3.2,0.298,1.6,1,0
2022,16,Italian Grand Prix,2022-09-11,Monza,DEV,Nyck De Vries,Williams,8,13,9,2,Finished,82.471,80.161,2.31,0.7359467022,,15.5,,,0.2,0.145,,0,0
2023,1,Bahrain Grand Prix,2023-03-05,Sakhir,DEV,Nyck De Vries,AlphaTauri,19,19,14,0,Lapped,92.121,89.708,2.413,1.380157779,9,14.5,0,,-1.8,0.138,,0,0
2023,2,Saudi Arabian Grand Prix,2023-03-19,Jeddah,DEV,Nyck De Vries,AlphaTauri,18,18,14,0,Finished,90.244,88.265,1.979,0.2387633098,11.5,13.5,0,,-1.2,0.155,-4.5,0,1
2023,3,Australian Grand Prix,2023-04-02,Melbourne,DEV,Nyck De Vries,AlphaTauri,15,15,15,0,Retired,78.335,76.732,1.603,0.9569102944,12.33333333,12.5,0,,0,0.236,-4.333333333,0,0
2023,4,Azerbaijan Grand Prix,2023-04-30,Baku,DEV,Nyck De Vries,AlphaTauri,18,20,20,0,Retired,115.282,100.203,10,3.689256751,14.33333333,12.5,0,,-0.1,0.188,-3.25,0,1
2023,5,Miami Grand Prix,2023-05-07,Miami,DEV,Nyck De Vries,AlphaTauri,15,15,18,0,Finished,88.325,86.841,1.484,0.9758385139,16.33333333,13.33333333,0.2,,0.3,0.256,-2.6,0,1
2023,6,Monaco Grand Prix,2023-05-28,Monaco,DEV,Nyck De Vries,AlphaTauri,12,12,12,0,Lapped,72.428,71.365,1.063,0.100432494,17.66666667,14,0.2,,0,0.084,-1.2,0,1
2023,7,Spanish Grand Prix,2023-06-04,Barcelona,DEV,Nyck De Vries,AlphaTauri,14,14,14,0,Lapped,73.581,72.272,1.309,0.3593887009,16.66666667,14.33333333,0.2,,0.4,0.462,-0.2,0,0
2023,8,Canadian Grand Prix,2023-06-18,Montréal,DEV,Nyck De Vries,AlphaTauri,17,18,18,0,Lapped,83.137,79.092,4.045,1.466406467,14.66666667,13.66666667,0.2,,0.4,1.213,0.6,0,0
2023,9,Austrian Grand Prix,2023-07-02,Spielberg,DEV,Nyck De Vries,AlphaTauri,20,20,17,0,Lapped,65.974,64.391,1.583,1.367129016,14.66666667,14.16666667,0.2,,0.2,0.048,0.6,0,0
2023,10,British Grand Prix,2023-07-09,Silverstone,DEV,Nyck De Vries,AlphaTauri,18,18,17,0,Finished,90.513,86.72,3.793,1.268616766,16.33333333,15.66666667,0,,1.3,0.241,0,0,0
2024,24,Abu Dhabi Grand Prix,2024-12-08,Yas Island,DOO,Jack Doohan,Alpine,17,20,15,0,Lapped,84.105,82.595,1.51,1.716299466,,11.16666667,,,2.1,0.209,,0,0
2025,1,Australian Grand Prix,2025-03-16,Melbourne,DOO,Jack Doohan,Alpine,14,14,19,0,Retired,76.315,75.096,1.219,0.4317321499,15,14,0,,-1,0.084,,0,0
2025,2,Chinese Grand Prix,2025-03-23,Shanghai,DOO,Jack Doohan,Alpine,18,18,13,0,Finished,92.092,90.641,1.451,1.281932213,17,12.83333333,0.5,,-1.4,0.082,0,0,0
2025,3,Japanese Grand Prix,2025-04-06,Suzuka,DOO,Jack Doohan,Alpine,19,19,15,0,Finished,88.877,86.983,1.894,1.57463359,15.66666667,14.16666667,0.3333333333,,2,0.012,-1.666666667,0,0
2025,4,Bahrain Grand Prix,2025-04-13,Sakhir,DOO,Jack Doohan,Alpine,11,11,14,0,Finished,91.245,89.841,1.404,0.1275634246,15.66666667,15.16666667,0.25,,0.6,0.168,-2.25,0,0
2025,5,Saudi Arabian Grand Prix,2025-04-20,Jeddah,DOO,Jack Doohan,Alpine,17,17,17,0,Lapped,88.739,87.294,1.445,0.9603670081,14,13.66666667,0.2,,-2.7,0.01,-1.2,0,1
2025,6,Miami Grand Prix,2025-05-04,Miami,DOO,Jack Doohan,Alpine,14,14,20,0,Retired,87.186,86.204,0.982,0.3789605545,15.33333333,14.33333333,0.2,,1.7,0.065,-0.2,0,1
2022,1,Bahrain Grand Prix,2022-03-20,Sakhir,GAS,Pierre Gasly,AlphaTauri,10,10,20,0,Power Unit,91.635,90.558,1.077,-0.2691700994,,,,,,0.123,,0,0
2022,2,Saudi Arabian Grand Prix,2022-03-27,Jeddah,GAS,Pierre Gasly,AlphaTauri,9,9,8,4,Finished,89.254,88.2,1.054,-0.3069744332,20,14,1,,,0.025,,0,1
2022,3,Australian Grand Prix,2022-04-10,Melbourne,GAS,Pierre Gasly,AlphaTauri,11,11,9,2,Finished,79.226,77.868,1.358,-0.08934181174,14,13.75,0.5,,,0.286,4.5,0,0
2022,4,Emilia Romagna Grand Prix,2022-04-24,Imola,GAS,Pierre Gasly,AlphaTauri,17,17,12,0,+1 Lap,80.732,78.793,1.939,0.6874352738,12.33333333,13.16666667,0.3333333333,,1.5,0.003,2.333333333,0,0
2022,5,Miami Grand Prix,2022-05-08,Miami,GAS,Pierre Gasly,AlphaTauri,7,7,18,0,Suspension,89.69,88.796,0.894,-0.402008297,9.666666667,11.66666667,0.25,,-2.1,0.19,0.5,0,1
2022,6,Spanish Grand Prix,2022-05-22,Barcelona,GAS,Pierre Gasly,AlphaTauri,14,14,13,0,+1 Lap,80.719,78.75,1.969,0.5118505702,13,12.16666667,0.4,,0,0.323,2.6,0,0
2022,7,Monaco Grand Prix,2022-05-29,Monaco,GAS,Pierre Gasly,AlphaTauri,17,17,11,0,Finished,73.66,71.376,2.284,0.8326869203,14.33333333,12,0.2,,0.1,0.225,0.4,0,1
2022,8,Azerbaijan Grand Prix,2022-06-12,Baku,GAS,Pierre Gasly,AlphaTauri,6,6,5,10,Finished,102.845,101.359,1.486,-0.4663012009,14,13.5,0.2,,0.8,0.282,-0.6,0,1
2022,9,Canadian Grand Prix,2022-06-19,Montréal,GAS,Pierre Gasly,AlphaTauri,15,16,14,0,Finished,94.492,81.299,10,1.13149452,9.666666667,11.5,0.2,,0,0.645,-0.4,0,0
2022,10,British Grand Prix,2022-07-03,Silverstone,GAS,Pierre Gasly,AlphaTauri,11,11,16,0,Collision damage,101.68,100.19,1.49,0.2251349253,10,13,0.2,,1.1,0,0.2,0,0
2022,11,Austrian Grand Prix,2022-07-10,Spielberg,GAS,Pierre Gasly,AlphaTauri,14,10,15,0,+1 Lap,66.16,64.984,1.176,0.1158847951,11.66666667,13.33333333,0.2,,0.4,0.029,-1,1,0
2022,12,French Grand Prix,2022-07-24,Le Castellet,GAS,Pierre Gasly,AlphaTauri,14,16,12,0,Finished,93.439,90.872,2.567,0.8906282957,15,15.5,0.2,,-0.5,0.304,0.2,0,0
2022,13,Hungarian Grand Prix,2022-07-31,Budapest,GAS,Pierre Gasly,AlphaTauri,20,19,12,0,+1 Lap,79.527,77.377,2.15,1.445560642,14.33333333,15.5,0.2,,0.9,0.044,0.6,0,0
2022,14,Belgian Grand Prix,2022-08-28,Spa-Francorchamps,GAS,Pierre Gasly,AlphaTauri,20,12,9,2,Finished,105.827,103.665,2.162,0.1411391059,13,15.66666667,0.2,,0.6,0.632,-0.6,1,0
2022,15,Dutch Grand Prix,2022-09-04,Zandvoort,GAS,Pierre Gasly,AlphaTauri,11,11,11,0,Finished,71.512,70.342,1.17,0.06219937042,11,14.16666667,0.2,,-1.7,0.021,-0.8,0,0
2022,16,Italian Grand Prix,2022-09-11,Monza,GAS,Pierre Gasly,AlphaTauri,5,9,8,4,Finished,82.01,80.161,1.849,0.179718438,10.66666667,14,0,,0.4,0.145,-1.8,0,0
2022,17,Singapore Grand Prix,2022-10-02,Marina Bay,GAS,Pierre Gasly,AlphaTauri,7,7,10,1,Finished,111.211,109.412,1.799,-0.6324678023,9.333333333,12.5,0,,-0.1,0.022,-3,0,1
2022,18,Japanese Grand Prix,2022-10-09,Suzuka,GAS,Pierre Gasly,AlphaTauri,17,17,18,0,Finished,91.322,89.304,2.018,1.086943878,9.666666667,13,0,,-0.8,0.01,-1.6,0,0
2022,19,United States Grand Prix,2022-10-23,Austin,GAS,Pierre Gasly,AlphaTauri,11,13,14,0,Finished,96.577,94.356,2.221,0.5926216958,12,13,0,,0.6,0.065,0,0,0
2022,20,Mexico City Grand Prix,2022-10-30,Mexico City,GAS,Pierre Gasly,AlphaTauri,14,14,11,0,+1 Lap,79.672,77.775,1.897,0.3965583953,14,13.33333333,0,,-1.4,0.304,0.8,0,0
2022,21,São Paulo Grand Prix,2022-11-13,São Paulo,GAS,Pierre Gasly,AlphaTauri,10,12,14,0,Finished,71.675,71.41,0.265,-0.5042525218,14.33333333,14.33333333,0,,1.1,0,0.2,0,0
2022,22,Abu Dhabi Grand Prix,2022-11-20,Yas Island,GAS,Pierre Gasly,AlphaTauri,17,17,14,0,+1 Lap,85.859,83.824,2.035,1.188407981,13,14.33333333,0,,1.7,0.228,0.8,0,0
2023,1,Bahrain Grand Prix,2023-03-05,Sakhir,GAS,Pierre Gasly,Alpine,20,20,9,2,Finished,92.181,89.708,2.473,1.455480198,13,11.16666667,0,20,1.3,0.138,-0.4,0,0
2023,2,Saudi Arabian Grand Prix,2023-03-19,Jeddah,GAS,Pierre Gasly,Alpine,9,10,9,2,Finished,89.357,88.265,1.092,-0.1862051978,12.33333333,11.16666667,0,8,0.9,0.155,-2.8,0,1
2023,3,Australian Grand Prix,2023-04-02,Melbourne,GAS,Pierre Gasly,Alpine,9,9,13,0,Retired,77.574,76.732,0.842,-0.2893485731,10.66666667,11.83333333,0,9,0.2,0.236,-3.2,0,0
2023,4,Azerbaijan Grand Prix,2023-04-30,Baku,GAS,Pierre Gasly,Alpine,17,19,14,0,Finished,104.853,100.203,4.65,1.21970479,10.33333333,11.83333333,0,5,-0.4,0.188,-1.8,0,1
2023,5,Miami Grand Prix,2023-05-07,Miami,GAS,Pierre Gasly,Alpine,5,5,8,4,Finished,87.612,86.841,0.771,-0.2607612558,12,12.16666667,0,18,1.5,0.256,-3.2,0,1
2023,6,Monaco Grand Prix,2023-05-28,Monaco,GAS,Pierre Gasly,Alpine,7,7,7,6,Finished,71.933,71.365,0.568,-0.5619803577,11.66666667,12.16666667,0,11,-1.6,0.084,-2,0,1
2023,7,Spanish Grand Prix,2023-06-04,Barcelona,GAS,Pierre Gasly,Alpine,10,4,10,1,Finished,72.816,72.272,0.544,-0.9078726781,9.666666667,9.333333333,0,13,-2.5,0.462,0.2,1,0
2023,8,Canadian Grand Prix,2023-06-18,Montréal,GAS,Pierre Gasly,Alpine,15,17,12,0,Finished,82.886,79.092,3.794,1.293920397,8.333333333,7.5,0,14,0.1,1.213,1.6,0,0
2023,9,Austrian Grand Prix,2023-07-02,Spielberg,GAS,Pierre Gasly,Alpine,9,9,10,1,Finished,65.17,64.391,0.779,-0.1698516578,9.666666667,8,0,15,1.2,0.048,-0.2,0,0
2023,10,British Grand Prix,2023-07-09,Silverstone,GAS,Pierre Gasly,Alpine,10,10,18,0,Retired,87.689,86.72,0.969,-0.5529074088,10.66666667,10.33333333,0,16,1,0.241,1,0,0
2023,11,Hungarian Grand Prix,2023-07-23,Budapest,GAS,Pierre Gasly,Alpine,15,15,20,0,Retired,78.217,76.609,1.608,0.5368045971,13.33333333,13.66666667,0,12,3.2,0.003,2,0,0
2023,12,Belgian Grand Prix,2023-07-30,Spa-Francorchamps,GAS,Pierre Gasly,Alpine,12,12,11,0,Finished,113.671,106.168,7.503,0.5630984874,16,16.83333333,0.2,9,1.2,0.82,3,0,0
2023,13,Dutch Grand Prix,2023-08-27,Zandvoort,GAS,Pierre Gasly,Alpine,12,12,3,15,Finished,80.128,70.567,9.561,0.8829030193,16.33333333,16,0.2,11,-3.3,0.537,1.6,0,0
2023,14,Italian Grand Prix,2023-09-03,Monza,GAS,Pierre Gasly,Alpine,17,17,15,0,Finished,82.545,80.294,2.251,1.282703189,11.33333333,11.83333333,0.2,8,-2.6,0.013,0.8,0,0
2023,15,Singapore Grand Prix,2023-09-17,Marina Bay,GAS,Pierre Gasly,Alpine,12,12,6,8,Finished,92.274,90.984,1.29,0.2590000602,9.666666667,11,0.2,10,3.4,0.072,0.2,0,1
2023,16,Japanese Grand Prix,2023-09-24,Suzuka,GAS,Pierre Gasly,Alpine,12,12,10,1,Finished,90.509,88.877,1.632,0.3308203383,8,11.83333333,0.2,18,0.7,0.581,-2.6,0,0
2023,17,Qatar Grand Prix,2023-10-08,Lusail,GAS,Pierre Gasly,Alpine,7,7,12,0,Finished,84.553,83.778,0.775,-0.7309566426,10.33333333,12.83333333,0,,-1.6,0.441,-4,0,0
2023,18,United States Grand Prix,2023-10-22,Austin,GAS,Pierre Gasly,Alpine,7,7,6,8,Finished,95.089,94.723,0.366,-0.7773399681,9.333333333,10.33333333,0,14,-2,0.13,-2.8,0,0
2023,19,Mexico City Grand Prix,2023-10-29,Mexico City,GAS,Pierre Gasly,Alpine,11,11,11,0,Finished,78.521,77.166,1.355,0.2015628123,9.333333333,10.33333333,0,11,1.2,0.067,-1.2,0,0
2023,20,São Paulo Grand Prix,2023-11-05,São Paulo,GAS,Pierre Gasly,Alpine,15,13,7,6,Finished,70.567,70.162,0.405,0.1469445997,9.666666667,10.66666667,0,14,1.1,0.141,-0.8,0,0
2023,21,Las Vegas Grand Prix,2023-11-18,Las Vegas,GAS,Pierre Gasly,Alpine,4,5,11,0,Finished,93.239,92.726,0.513,-0.7515427942,8,10.33333333,0,,-2,0.044,-0.8,0,1
2023,22,Abu Dhabi Grand Prix,2023-11-26,Yas Island,GAS,Pierre Gasly,Alpine,10,10,13,0,Finished,84.078,83.445,0.633,-0.3105500371,9.666666667,8.833333333,0,14,-0.8,0.139,0.8,0,0
2024,1,Bahrain Grand Prix,2024-03-02,Sakhir,GAS,Pierre Gasly,Alpine,20,20,18,0,Lapped,90.948,89.179,1.769,1.606714579,10.33333333,9.5,0,14.5,0.6,0,0.4,0,0
2024,2,Saudi Arabian Grand Prix,2024-03-09,Jeddah,GAS,Pierre Gasly,Alpine,18,18,20,0,Retired,89.479,87.472,2.007,1.409080909,14,12.5,0,8.5,3.1,0.319,0.2,0,1
2024,3,Australian Grand Prix,2024-03-24,Melbourne,GAS,Pierre Gasly,Alpine,17,17,13,0,Lapped,77.982,75.915,2.067,1.371742268,17,15.5,0.2,11,0.4,0.27,0.6,0,0
2024,4,Japanese Grand Prix,2024-04-07,Suzuka,GAS,Pierre Gasly,Alpine,17,17,16,0,Lapped,90.119,88.197,1.922,1.245569632,17,16.16666667,0.2,14,-0.9,0.066,1,0,0
2024,5,Chinese Grand Prix,2024-04-21,Shanghai,GAS,Pierre Gasly,Alpine,15,15,13,0,Finished,95.287,93.66,1.627,0.6429832903,16.33333333,15.5,0.2,,0.7,0.322,-0.4,0,0
2024,6,Miami Grand Prix,2024-05-05,Miami,GAS,Pierre Gasly,Alpine,12,12,12,0,Finished,87.976,87.241,0.735,-0.1605422864,14,14,0.2,13,-1.3,0.141,-1.4,0,1
2024,7,Emilia Romagna Grand Prix,2024-05-19,Imola,GAS,Pierre Gasly,Alpine,15,15,16,0,Lapped,76.015,74.746,1.269,0.3942196802,13.66666667,12.83333333,0.2,12,-1.1,0.074,-1,0,0
2024,8,Monaco Grand Prix,2024-05-26,Monaco,GAS,Pierre Gasly,Alpine,10,10,10,1,Lapped,70.896,70.27,0.626,-0.4774016339,13.66666667,12.66666667,0,9,1,0.154,-1.2,0,1
2024,9,Canadian Grand Prix,2024-06-09,Montréal,GAS,Pierre Gasly,Alpine,15,15,9,2,Finished,72.94,71.742,1.198,0.3392237055,12.66666667,13.16666667,0,13,0.8,0.258,-0.4,0,0
2024,10,Spanish Grand Prix,2024-06-23,Barcelona,GAS,Pierre Gasly,Alpine,7,7,9,2,Finished,71.857,71.383,0.474,-0.6466318697,11.66666667,12.66666667,0,11.5,-0.9,0.02,-1.4,0,0
2024,11,Austrian Grand Prix,2024-06-30,Spielberg,GAS,Pierre Gasly,Alpine,13,13,10,1,Finished,65.359,64.314,1.045,0.1581216038,9.333333333,10.83333333,0,12.5,-1.4,0.404,-0.6,0,0
2024,12,British Grand Prix,2024-07-07,Silverstone,GAS,Pierre Gasly,Alpine,19,20,20,0,Did not start,99.804,85.819,10,2.060521112,9.333333333,10,0,17,0.5,0.171,-1.2,0,0
2024,13,Hungarian Grand Prix,2024-07-21,Budapest,GAS,Pierre Gasly,Alpine,20,20,20,0,Retired,78.166,75.227,2.939,1.694297159,13,12.83333333,0.2,16,2.2,0.022,-1.4,0,0
2024,14,Belgian Grand Prix,2024-07-28,Spa-Francorchamps,GAS,Pierre Gasly,Alpine,12,12,13,0,Finished,114.635,113.159,1.476,-0.2078110248,16.66666667,16,0.4,10,1.2,0.595,-1.4,0,0
2024,15,Dutch Grand Prix,2024-08-25,Zandvoort,GAS,Pierre Gasly,Alpine,9,9,9,2,Lapped,70.815,69.673,1.142,-0.1885023486,17.66666667,16,0.4,7,-2.1,0.356,0,0,0
2024,16,Italian Grand Prix,2024-09-01,Monza,GAS,Pierre Gasly,Alpine,14,14,15,0,Lapped,80.738,79.327,1.411,0.6611028378,14,14,0.4,11.5,-1,0.109,-0.4,0,0
2024,17,Azerbaijan Grand Prix,2024-09-15,Baku,GAS,Pierre Gasly,Alpine,18,15,12,0,Finished,103.179,101.365,1.814,0.4456904295,12.33333333,12.5,0.4,9.5,1.6,0.321,0.4,1,1
2024,18,Singapore Grand Prix,2024-09-22,Marina Bay,GAS,Pierre Gasly,Alpine,18,18,17,0,Lapped,91.312,89.525,1.787,1.233414263,12,13.33333333,0.2,8,-0.3,0.155,-0.2,0,1
2024,19,United States Grand Prix,2024-10-20,Austin,GAS,Pierre Gasly,Alpine,6,7,12,0,Finished,93.018,92.33,0.688,-0.574946067,14.66666667,14.33333333,0,10,0.3,0.031,-0.4,0,0
2024,20,Mexico City Grand Prix,2024-10-27,Mexico City,GAS,Pierre Gasly,Alpine,8,8,10,1,Lapped,76.892,75.946,0.946,-0.188059112,13.66666667,14.5,0,11,0.1,0.225,0.4,0,0
2024,21,São Paulo Grand Prix,2024-11-03,São Paulo,GAS,Pierre Gasly,Alpine,13,15,3,15,Finished,89.42,83.405,6.015,0.6557667686,13,13.83333333,0,10.5,-0.2,0.173,0.8,0,0
2024,22,Las Vegas Grand Prix,2024-11-23,Las Vegas,GAS,Pierre Gasly,Alpine,3,3,20,0,Retired,92.664,92.312,0.352,-0.9717561542,8.333333333,9.666666667,0,11,-3.9,0.098,-1.8,0,1
2024,23,Qatar Grand Prix,2024-12-01,Lusail,GAS,Pierre Gasly,Alpine,11,11,5,10,Finished,81.437,80.52,0.917,-0.1277966885,11,10.83333333,0.2,12,2.5,0.055,2.2,0,0
2024,24,Abu Dhabi Grand Prix,2024-12-08,Yas Island,GAS,Pierre Gasly,Alpine,5,6,7,6,Finished,82.984,82.595,0.389,-0.8308266363,9.333333333,11.16666667,0.2,13.5,-0.7,0.209,1.2,0,0
2025,1,Australian Grand Prix,2025-03-16,Melbourne,GAS,Pierre Gasly,Alpine,9,9,11,0,Finished,75.98,75.096,0.884,-0.1551912021,10.66666667,14,0.2,11.66666667,1.5,0.084,0.4,0,0
2025,2,Chinese Grand Prix,2025-03-23,Shanghai,GAS,Pierre Gasly,Alpine,16,16,20,0,Disqualified,91.992,90.641,1.351,1.088257607,7.666666667,12.83333333,0.2,13,0,0.082,0.4,0,0
2025,3,Japanese Grand Prix,2025-04-06,Suzuka,GAS,Pierre Gasly,Alpine,11,11,13,0,Finished,87.822,86.983,0.839,-0.05451070485,12.66666667,14.16666667,0.4,14.66666667,0.1,0.012,3.6,0,0
2025,4,Bahrain Grand Prix,2025-04-13,Sakhir,GAS,Pierre Gasly,Alpine,4,5,7,6,Finished,90.216,89.841,0.375,-1.056050317,14.66666667,15.16666667,0.2,15.66666667,-0.5,0.168,0.6,0,0
2025,5,Saudi Arabian Grand Prix,2025-04-20,Jeddah,GAS,Pierre Gasly,Alpine,9,9,20,0,Retired,88.025,87.294,0.731,-0.2417754249,13.33333333,13.66666667,0.2,12.33333333,-0.2,0.01,2.2,0,1
2025,6,Miami Grand Prix,2025-05-04,Miami,GAS,Pierre Gasly,Alpine,20,18,13,0,Finished,87.71,86.204,1.506,1.31541578,13.33333333,14.33333333,0.4,12.66666667,2.5,0.065,4.2,0,1
2025,7,Emilia Romagna Grand Prix,2025-05-18,Imola,GAS,Pierre Gasly,Alpine,10,10,13,0,Finished,75.505,74.67,0.835,-0.2569238003,13.33333333,15.16666667,0.4,14,-0.9,0.034,2.8,0,0
2025,8,Monaco Grand Prix,2025-05-25,Monaco,GAS,Pierre Gasly,Alpine,17,18,20,0,Retired,71.994,69.954,2.04,0.9712597444,15.33333333,16.5,0.2,9.333333333,-1.4,0.109,2.6,0,1
2025,9,Spanish Grand Prix,2025-06-01,Barcelona,GAS,Pierre Gasly,Alpine,8,8,8,4,Finished,72.199,71.546,0.653,-0.5093088698,15.33333333,15.83333333,0.4,10.66666667,0.5,0.209,2.6,0,0
2025,10,Canadian Grand Prix,2025-06-15,Montréal,GAS,Pierre Gasly,Alpine,20,20,15,0,Lapped,72.667,70.899,1.768,1.423452872,13.66666667,14.16666667,0.4,11.66666667,-1.2,0.16,2.2,0,0
2025,11,Austrian Grand Prix,2025-06-29,Spielberg,GAS,Pierre Gasly,Alpine,10,10,13,0,Lapped,64.846,63.971,0.875,-0.3761835307,14.33333333,14,0.2,11.66666667,0.7,0.521,-1,0,0
2025,12,British Grand Prix,2025-07-06,Silverstone,GAS,Pierre Gasly,Alpine,8,10,6,8,Finished,85.711,84.892,0.819,-0.02866271934,12,13.16666667,0.2,18,1.2,0.103,0.6,0,0
2025,13,Belgian Grand Prix,2025-07-27,Spa-Francorchamps,GAS,Pierre Gasly,Alpine,13,13,10,1,Finished,101.633,100.562,1.071,0.2700104724,11.33333333,13.66666667,0.2,11,0.1,0.064,-0.8,0,0
2025,14,Hungarian Grand Prix,2025-08-03,Budapest,GAS,Pierre Gasly,Alpine,16,17,19,0,Lapped,75.966,75.372,0.594,1.100454861,9.666666667,13.83333333,0,17.33333333,0,0,-1.8,0,0
2025,15,Dutch Grand Prix,2025-08-31,Zandvoort,GAS,Pierre Gasly,Alpine,14,14,17,0,Finished,69.637,68.662,0.975,0.3147179704,11.66666667,15.33333333,0,7.666666667,-0.7,0.012,-1.4,0,0
2025,16,Italian Grand Prix,2025-09-07,Monza,GAS,Pierre Gasly,Alpine,20,19,16,0,Lapped,80.103,78.792,1.311,1.508106375,15.33333333,15.66666667,0,12.66666667,-0.4,0.077,0.2,0,0
2025,17,Azerbaijan Grand Prix,2025-09-21,Baku,GAS,Pierre Gasly,Alpine,18,18,18,0,Lapped,103.139,101.117,2.022,1.558715964,17.33333333,16.33333333,0,10.33333333,1.5,0.478,-1,0,1
2025,18,Singapore Grand Prix,2025-10-05,Marina Bay,GAS,Pierre Gasly,Alpine,19,18,19,0,Lapped,91.261,89.158,2.103,1.776730367,17,16.33333333,0,11,0,0.182,-0.2,0,1
2025,19,United States Grand Prix,2025-10-19,Austin,GAS,Pierre Gasly,Alpine,14,14,19,0,Lapped,93.599,92.51,1.089,0.3112873279,17.66666667,17.5,0,10.66666667,-0.3,0.291,0.6,0,0
2025,20,Mexico City Grand Prix,2025-10-26,Mexico City,GAS,Pierre Gasly,Alpine,18,18,15,0,Lapped,77.546,75.586,1.96,1.333658612,18.66666667,18,0,10.66666667,0,0.262,1.2,0,0
2025,21,São Paulo Grand Prix,2025-11-09,São Paulo,GAS,Pierre Gasly,Alpine,9,9,10,1,Finished,69.857,69.511,0.346,-0.5664256502,17.66666667,17,0,8,-0.8,0.174,0,0,0
2025,22,Las Vegas Grand Prix,2025-11-22,Las Vegas,GAS,Pierre Gasly,Alpine,10,10,13,0,Finished,111.54,107.934,3.606,-0.1446241057,14.66666667,15.33333333,0,15.5,-0.7,0.323,0.8,0,1
2025,23,Qatar Grand Prix,2025-11-30,Lusail,GAS,Pierre Gasly,Alpine,9,9,16,0,Lapped,80.324,79.387,0.937,0.007263332755,12.66666667,14,0,8.5,0.1,0.108,1.4,0,0
2025,24,Abu Dhabi Grand Prix,2025-12-07,Yas Island,GAS,Pierre Gasly,Alpine,19,19,19,0,Lapped,83.468,82.207,1.261,1.172151036,13,13.83333333,0,11.33333333,1.3,0.201,2.6,0,0
2026,1,Australian Grand Prix,2026-03-08,Melbourne,GAS,Pierre Gasly,Alpine,14,14,10,1,Lapped,80.501,78.518,1.983,0.1472065948,16,16.16666667,0,11.5,0.3,0.293,1.6,0,0
2026,2,Chinese Grand Prix,2026-03-15,Shanghai,GAS,Pierre Gasly,Alpine,7,7,6,8,Finished,92.873,92.064,0.809,-0.6110936623,15,15.5,0,16.5,-2.9,0.222,1.4,0,0
2026,3,Japanese Grand Prix,2026-03-29,Suzuka,GAS,Pierre Gasly,Alpine,7,7,7,6,Finished,89.691,88.778,0.913,-0.6564723686,11.66666667,13.16666667,0,14.25,0,0.298,1,0,0
2026,4,Miami Grand Prix,2026-05-03,Miami,GAS,Pierre Gasly,Alpine,9,9,21,0,Retired,88.81,87.798,1.012,-0.5053559936,7.666666667,10.5,0,12.75,-0.5,0.166,0.4,0,1
2026,5,Canadian Grand Prix,2026-05-24,Montréal,GAS,Pierre Gasly,Alpine,14,14,8,4,Lapped,74.187,72.578,1.609,0.2069834094,11.33333333,11.16666667,0.2,12.5,-0.6,0.068,1.4,0,0
2026,6,Monaco Grand Prix,2026-06-07,Monaco,GAS,Pierre Gasly,Alpine,9,9,7,6,Finished,73.226,72.051,1.175,-0.3831012238,12,10.83333333,0.2,12,0.1,0.043,0.2,0,1
2026,7,Barcelona Grand Prix,2026-06-14,Barcelona,GAS,Pierre Gasly,Alpine,14,14,7,6,Lapped,76.261,74.679,1.582,0.05657668409,12,10.5,0.2,10,0.7,0.064,0.6,0,0
2026,8,Austrian Grand Prix,2026-06-28,Spielberg,GAS,Pierre Gasly,Alpine,11,11,13,0,Lapped,67.223,66.113,1.11,-0.2589300589,7.333333333,8.666666667,0.2,12,0.2,0.236,-0.6,0,0
2026,9,British Grand Prix,2026-07-05,Silverstone,GAS,Pierre Gasly,Alpine,15,12,10,1,Finished,90.063,88.111,1.952,0.08272710771,9,11,0.2,15,0.4,0.175,-0.2,1,0
2026,10,Belgian Grand Prix,2026-07-19,Spa-Francorchamps,GAS,Pierre Gasly,Alpine,10,12,11,0,Finished,106.331,104.361,1.97,-0.02203746247,10,10.66666667,0,10.75,-1.3,0.317,-3,0,0
2026,11,Hungarian Grand Prix,2026-07-26,Budapest,GAS,Pierre Gasly,Alpine,12,12,12,0,Lapped,78.844,77.207,1.637,-0.07972872355,11.33333333,11.33333333,0,17.75,1.3,0.012,-2,0,0
2026,12,Dutch Grand Prix,2026-08-23,Zandvoort,GAS,Pierre Gasly,Alpine,11,11,10,1,Lapped,72.616,71.163,1.453,0.03606081146,11,11.16666667,0,10,0.9,0.102,-1.6,0,0
2026,13,Italian Grand Prix,2026-09-06,Monza,GAS,Pierre Gasly,Alpine,1,1,7,6,Finished,81.786,81.786,0,-1.043296766,11,12,0,13.5,-1.4,0.06,-0.4,0,0
2026,14,Spanish Grand Prix,2026-09-13,Madrid,GAS,Pierre Gasly,Alpine,14,14,12,0,Lapped,93.753,91.824,1.929,0.1375910717,9.666666667,11.16666667,0,,-1.7,0.011,0.4,0,1
2026,15,Azerbaijan Grand Prix,2026-09-26,Baku,GAS,Pierre Gasly,Alpine,7,7,18,0,Retired,104.047,102.526,1.521,-0.6077245395,9.666666667,9.833333333,0,12.25,2.1,0.837,0.4,0,1
2026,16,Bahrain Grand Prix,2026-10-04,Kuala Lumpur,GAS,Pierre Gasly,Alpine,9,9,16,0,Finished,96.41,95.13,1.28,-0.4451486944,12.33333333,11.66666667,0.2,,1.8,0.298,2.8,0,0
2025,1,Australian Grand Prix,2025-03-16,Melbourne,HAD,Isack Hadjar,Racing Bulls,11,11,20,0,Retired,76.175,75.096,1.079,0.1864507491,,13.5,,,,0.084,,0,0
2025,2,Chinese Grand Prix,2025-03-23,Shanghai,HAD,Isack Hadjar,Racing Bulls,7,7,11,0,Finished,91.079,90.641,0.438,-0.6799915393,20,14.66666667,1,,,0.082,,0,0
2025,3,Japanese Grand Prix,2025-04-06,Suzuka,HAD,Isack Hadjar,Racing Bulls,7,7,8,4,Finished,87.569,86.983,0.586,-0.4451964932,15.5,14.66666667,0.5,,,0.012,6.5,0,0
2025,4,Bahrain Grand Prix,2025-04-13,Sakhir,HAD,Isack Hadjar,Racing Bulls,12,12,13,0,Finished,91.271,89.841,1.43,0.1574700886,13,14,0.3333333333,,0.7,0.168,4.666666667,0,0
2025,5,Saudi Arabian Grand Prix,2025-04-20,Jeddah,HAD,Isack Hadjar,Racing Bulls,14,14,10,1,Finished,88.418,87.294,1.124,0.4199080151,10.66666667,13.5,0.25,,0.5,0.01,3.75,0,1
2025,6,Miami Grand Prix,2025-05-04,Miami,HAD,Isack Hadjar,Racing Bulls,11,11,11,0,Finished,86.987,86.204,0.783,0.02332202422,10.33333333,12.66666667,0.2,,-1.3,0.065,2.2,0,1
2025,7,Emilia Romagna Grand Prix,2025-05-18,Imola,HAD,Isack Hadjar,Racing Bulls,9,9,9,2,Finished,75.51,74.67,0.84,-0.2494067812,11.33333333,13.16666667,0,,0.3,0.034,0.4,0,0
2025,8,Monaco Grand Prix,2025-05-25,Monaco,HAD,Isack Hadjar,Racing Bulls,5,6,6,8,Lapped,70.923,69.954,0.969,-0.3940364707,10,12.16666667,0,,0.2,0.109,-0.4,0,1
2025,9,Spanish Grand Prix,2025-06-01,Barcelona,HAD,Isack Hadjar,Racing Bulls,9,9,7,6,Finished,72.252,71.546,0.706,-0.4206530302,8.666666667,10.83333333,0,,-2.1,0.209,-0.6,0,0
2025,10,Canadian Grand Prix,2025-06-15,Montréal,HAD,Isack Hadjar,Racing Bulls,12,9,16,0,Lapped,71.867,70.899,0.968,-0.07768382401,7.333333333,9.166666667,0,,-0.5,0.16,-1.2,1,0
2025,11,Austrian Grand Prix,2025-06-29,Spielberg,HAD,Isack Hadjar,Racing Bulls,13,13,12,0,Lapped,65.063,63.971,1.092,0.1629962986,9.666666667,11.16666667,0,,3.1,0.521,1,0,0
2025,12,British Grand Prix,2025-07-06,Silverstone,HAD,Isack Hadjar,Racing Bulls,12,13,17,0,Retired,85.864,84.892,0.972,0.2156490388,11.66666667,11.83333333,0,,-1.4,0.103,0.8,0,0
2025,13,Belgian Grand Prix,2025-07-27,Spa-Francorchamps,HAD,Isack Hadjar,Racing Bulls,8,8,20,0,Lapped,101.281,100.562,0.719,-0.3865953051,15,14.83333333,0.2,,0.5,0.064,1.6,0,0
2025,14,Hungarian Grand Prix,2025-08-03,Budapest,HAD,Isack Hadjar,Racing Bulls,10,10,11,0,Lapped,75.469,75.372,0.097,-0.7351754995,16.33333333,13.66666667,0.2,,0.7,0,4,0,0
2025,15,Dutch Grand Prix,2025-08-31,Zandvoort,HAD,Isack Hadjar,Racing Bulls,4,4,3,15,Finished,69.208,68.662,0.546,-0.5985131356,16,13.83333333,0.2,,-3.1,0.012,4.6,0,0
2025,16,Italian Grand Prix,2025-09-07,Monza,HAD,Isack Hadjar,Racing Bulls,19,16,10,1,Finished,79.917,78.792,1.125,1.070155109,11.33333333,10.33333333,0.2,,0,0.077,3,1,0
2025,17,Azerbaijan Grand Prix,2025-09-21,Baku,HAD,Isack Hadjar,Racing Bulls,8,8,10,1,Finished,101.647,101.117,0.53,-0.4955137036,8,9.666666667,0.2,,1.9,0.478,2,0,1
2025,18,Singapore Grand Prix,2025-10-05,Marina Bay,HAD,Isack Hadjar,Racing Bulls,8,8,11,0,Lapped,89.846,89.158,0.688,-0.4203528222,7.666666667,9,0,,-1.4,0.182,1.6,0,1
2025,19,United States Grand Prix,2025-10-19,Austin,HAD,Isack Hadjar,Racing Bulls,20,20,16,0,Finished,,92.51,,,10.33333333,10.83333333,0,,0.3,0.291,-0.2,0,0
2025,20,Mexico City Grand Prix,2025-10-26,Mexico City,HAD,Isack Hadjar,Racing Bulls,8,9,13,0,Lapped,76.252,75.586,0.666,-0.6041935511,12.33333333,11.33333333,0,,1.7,0.262,-1.2,0,0
2025,21,São Paulo Grand Prix,2025-11-09,São Paulo,HAD,Isack Hadjar,Racing Bulls,5,5,8,4,Finished,69.931,69.511,0.42,-0.3312235048,13.33333333,14.33333333,0,,0.7,0.174,-0.2,0,0
2025,22,Las Vegas Grand Prix,2025-11-22,Las Vegas,HAD,Isack Hadjar,Racing Bulls,8,8,6,8,Finished,109.554,107.934,1.62,-0.7517977107,12.33333333,12.5,0,,-1.3,0.323,1.6,0,1
2025,23,Qatar Grand Prix,2025-11-30,Lusail,HAD,Isack Hadjar,Racing Bulls,6,6,18,0,Retired,80.114,79.387,0.727,-0.4049798777,9,11.33333333,0,,-1.4,0.108,0.8,0,0
2025,24,Abu Dhabi Grand Prix,2025-12-07,Yas Island,HAD,Isack Hadjar,Racing Bulls,9,9,17,0,Lapped,82.997,82.207,0.79,0.008032663928,10.66666667,10.33333333,0,,1.6,0.201,2.6,0,0
2026,1,Australian Grand Prix,2026-03-08,Melbourne,HAD,Isack Hadjar,Red Bull Racing,3,3,20,0,Retired,79.303,78.518,0.785,-0.8167509747,13.66666667,6.5,0,20,0.4,0.293,5,0,0
2026,2,Chinese Grand Prix,2026-03-15,Shanghai,HAD,Isack Hadjar,Red Bull Racing,9,9,8,4,Finished,93.121,92.064,1.057,-0.4185253926,18.33333333,8.666666667,0.2,11,1.6,0.222,7.6,0,0
2026,3,Japanese Grand Prix,2026-03-29,Suzuka,HAD,Isack Hadjar,Red Bull Racing,8,8,12,0,Finished,89.978,88.778,1.2,-0.4139206373,15,10.83333333,0.2,8,1.8,0.298,6.8,0,0
2026,4,Miami Grand Prix,2026-05-03,Miami,HAD,Isack Hadjar,Red Bull Racing,22,22,22,0,Retired,,87.798,,,13.33333333,11.66666667,0.2,11,0.8,0.166,8,0,1
2026,5,Canadian Grand Prix,2026-05-24,Montréal,HAD,Isack Hadjar,Red Bull Racing,7,7,5,10,Lapped,72.935,72.578,0.357,-0.8896026704,14,11.83333333,0.4,16,-1.2,0.068,5.6,0,0
2026,6,Monaco Grand Prix,2026-06-07,Monaco,HAD,Isack Hadjar,Red Bull Racing,5,5,3,15,Finished,72.434,72.051,0.383,-1.043027642,13,9.166666667,0.4,6,-2.7,0.043,3.6,0,1
2026,7,Barcelona Grand Prix,2026-06-14,Barcelona,HAD,Isack Hadjar,Red Bull Racing,6,6,6,8,Lapped,75.077,74.679,0.398,-0.8856927962,10,10,0.2,7,3.2,0.064,-0.2,0,0
2026,8,Austrian Grand Prix,2026-06-28,Spielberg,HAD,Isack Hadjar,Red Bull Racing,8,8,6,8,Finished,66.632,66.113,0.519,-0.7495462969,4.666666667,7.166666667,0.2,12,0.5,0.236,0,0,0
2026,9,British Grand Prix,2026-07-05,Silverstone,HAD,Isack Hadjar,Red Bull Racing,5,5,5,10,Finished,88.746,88.111,0.635,-0.8513863837,5,7.166666667,0.2,17,-4,0.175,-1.2,0,0
2026,10,Belgian Grand Prix,2026-07-19,Spa-Francorchamps,HAD,Isack Hadjar,Red Bull Racing,21,10,6,8,Finished,105.823,104.361,1.462,-0.3341929511,5.666666667,7.166666667,0,20,3.1,0.317,-1.2,1,0
2026,11,Hungarian Grand Prix,2026-07-26,Budapest,HAD,Isack Hadjar,Red Bull Racing,8,8,6,8,Finished,77.856,77.207,0.649,-0.8162283134,5.666666667,7,0,11,0.3,0.012,-1.6,0,0
2026,15,Azerbaijan Grand Prix,2026-09-26,Baku,HAD,Isack Hadjar,Red Bull Racing,4,4,3,15,Finished,103.5,102.526,0.974,-0.9904224521,5.666666667,9,0,10,-4.8,0.837,-1.6,0,1
2026,16,Bahrain Grand Prix,2026-10-04,Kuala Lumpur,HAD,Isack Hadjar,Red Bull Racing,8,3,5,10,Finished,95.558,95.13,0.428,-1.156354552,5,5,0,,-0.5,0.298,-1.8,1,0
2022,1,Bahrain Grand Prix,2022-03-20,Sakhir,HAM,Lewis Hamilton,Mercedes,5,5,3,15,Finished,91.048,90.558,0.49,-0.9265566121,,,,,,0.123,,0,0
2022,2,Saudi Arabian Grand Prix,2022-03-27,Jeddah,HAM,Lewis Hamilton,Mercedes,15,16,10,1,Finished,90.343,88.2,2.143,0.8740608954,3,3.5,0,,,0.025,,0,1
2022,3,Australian Grand Prix,2022-04-10,Melbourne,HAM,Lewis Hamilton,Mercedes,5,5,4,12,Finished,78.825,77.868,0.957,-0.506690226,6.5,5.5,0,,,0.286,-4,0,0
2022,4,Emilia Romagna Grand Prix,2022-04-24,Imola,HAM,Lewis Hamilton,Mercedes,14,13,13,0,+1 Lap,80.47,78.793,1.677,0.4081068277,5.666666667,4.833333333,0,,-0.8,0.003,-3,0,0
2022,5,Miami Grand Prix,2022-05-08,Miami,HAM,Lewis Hamilton,Mercedes,6,6,6,8,Finished,89.625,88.796,0.829,-0.4859157242,9,6.5,0,,0.7,0.19,-2.25,0,1
2022,6,Spanish Grand Prix,2022-05-22,Barcelona,HAM,Lewis Hamilton,Mercedes,6,6,5,10,Finished,79.512,78.75,0.762,-0.8307630085,7.666666667,5.833333333,0,,-0.3,0.323,-1.8,0,0
2022,7,Monaco Grand Prix,2022-05-29,Monaco,HAM,Lewis Hamilton,Mercedes,8,8,8,4,Finished,72.56,71.376,1.184,-0.2208016211,8,6,0,,-0.3,0.225,-1.6,0,1
2022,8,Azerbaijan Grand Prix,2022-06-12,Baku,HAM,Lewis Hamilton,Mercedes,7,7,4,12,Finished,102.924,101.359,1.565,-0.4052811663,6.333333333,5.333333333,0,,0.3,0.282,-0.4,0,1
2022,9,Canadian Grand Prix,2022-06-19,Montréal,HAM,Lewis Hamilton,Mercedes,4,4,3,15,Finished,82.891,81.299,1.592,-0.924812215,5.666666667,4.666666667,0,,-0.4,0.645,-0.8,0,0
2022,10,British Grand Prix,2022-07-03,Silverstone,HAM,Lewis Hamilton,Mercedes,5,5,3,16,Finished,100.428,100.19,0.238,-1.081023214,5,4.5,0,,-0.3,0,-1,0,0
2022,11,Austrian Grand Prix,2022-07-10,Spielberg,HAM,Lewis Hamilton,Mercedes,8,9,3,15,Finished,65.475,64.984,0.491,-0.9376133419,3.333333333,5.833333333,0,,3,0.029,-1.4,0,0
2022,12,French Grand Prix,2022-07-24,Le Castellet,HAM,Lewis Hamilton,Mercedes,4,4,2,18,Finished,91.765,90.872,0.893,-0.8871237666,3,5.833333333,0,,0,0.304,-2.4,0,0
2022,13,Hungarian Grand Prix,2022-07-31,Budapest,HAM,Lewis Hamilton,Mercedes,7,7,2,19,Finished,78.035,77.377,0.658,-0.5786312658,2.666666667,5.5,0,,-3.1,0.044,-2.8,0,0
2022,14,Belgian Grand Prix,2022-08-28,Spa-Francorchamps,HAM,Lewis Hamilton,Mercedes,4,7,20,0,Collision damage,105.42,103.665,1.755,-0.2806201899,2.333333333,2.833333333,0,,-0.2,0.632,-3.2,0,0
2022,15,Dutch Grand Prix,2022-09-04,Zandvoort,HAM,Lewis Hamilton,Mercedes,4,4,4,12,Finished,70.648,70.342,0.306,-1.082428021,8,5.666666667,0.2,,2,0.021,-0.4,0,0
2022,16,Italian Grand Prix,2022-09-11,Monza,HAM,Lewis Hamilton,Mercedes,19,5,5,10,Finished,81.524,80.161,1.363,-0.4066740486,8.666666667,5.833333333,0.2,,-1.8,0.145,0,1,0
2022,17,Singapore Grand Prix,2022-10-02,Marina Bay,HAM,Lewis Hamilton,Mercedes,3,3,9,2,Finished,109.466,109.412,0.054,-1.247352373,9.666666667,6.333333333,0.2,,-0.1,0.022,1.2,0,1
2022,18,Japanese Grand Prix,2022-10-09,Suzuka,HAM,Lewis Hamilton,Mercedes,6,6,5,10,Finished,90.261,89.304,0.957,-0.4058364658,6,6.166666667,0.2,,2.8,0.01,2.8,0,0
2022,19,United States Grand Prix,2022-10-23,Austin,HAM,Lewis Hamilton,Mercedes,3,5,2,18,Finished,94.947,94.356,0.591,-1.013719643,6.333333333,7.333333333,0.2,,0.6,0.065,3.6,0,0
2022,20,Mexico City Grand Prix,2022-10-30,Mexico City,HAM,Lewis Hamilton,Mercedes,3,3,2,18,Finished,78.084,77.775,0.309,-1.154894504,5.333333333,7.166666667,0,,-2.1,0.304,0.4,0,0
2022,21,São Paulo Grand Prix,2022-11-13,São Paulo,HAM,Lewis Hamilton,Mercedes,2,8,2,18,Finished,71.539,71.41,0.129,-0.5776415132,3,4.333333333,0,,-0.8,0,0.2,0,0
2022,22,Abu Dhabi Grand Prix,2022-11-20,Yas Island,HAM,Lewis Hamilton,Mercedes,5,5,18,0,Hydraulics,84.508,83.824,0.684,-0.772915232,2,2.666666667,0,,-0.8,0.228,-1,0,0
2023,1,Bahrain Grand Prix,2023-03-05,Sakhir,HAM,Lewis Hamilton,Mercedes,7,7,5,10,Finished,90.384,89.708,0.676,-0.8004262325,7.333333333,5.333333333,0,3,1.8,0.138,0.4,0,0
2023,2,Saudi Arabian Grand Prix,2023-03-19,Jeddah,HAM,Lewis Hamilton,Mercedes,7,8,5,10,Finished,89.223,88.265,0.958,-0.2504056263,8.333333333,6.333333333,0,10,-0.1,0.155,0.2,0,1
2023,3,Australian Grand Prix,2023-04-02,Melbourne,HAM,Lewis Hamilton,Mercedes,3,3,2,18,Finished,77.104,76.732,0.372,-1.059048531,9.333333333,7.333333333,0,4,-0.2,0.236,0.2,0,0
2023,4,Azerbaijan Grand Prix,2023-04-30,Baku,HAM,Lewis Hamilton,Mercedes,5,5,6,8,Finished,101.177,100.203,0.974,-0.4771312869,4,6.833333333,0,4,1.9,0.188,0.2,0,1
2023,5,Miami Grand Prix,2023-05-07,Miami,HAM,Lewis Hamilton,Mercedes,13,13,6,8,Finished,87.846,86.841,1.005,0.1450793418,4.333333333,7.166666667,0,6,1.2,0.256,1.6,0,1
2023,6,Monaco Grand Prix,2023-05-28,Monaco,HAM,Lewis Hamilton,Mercedes,5,6,4,13,Finished,71.725,71.365,0.36,-0.8403275761,4.666666667,7.333333333,0,8,-2.8,0.084,-2.4,0,1
2023,7,Spanish Grand Prix,2023-06-04,Barcelona,HAM,Lewis Hamilton,Mercedes,4,5,2,18,Finished,72.818,72.272,0.546,-0.9045595765,5.333333333,5.5,0,5,-0.8,0.462,-2.4,0,0
2023,8,Canadian Grand Prix,2023-06-18,Montréal,HAM,Lewis Hamilton,Mercedes,3,4,3,15,Finished,80.426,79.092,1.334,-0.3965805201,4,4,0,3,-0.4,1.213,-2.4,0,0
2023,9,Austrian Grand Prix,2023-07-02,Spielberg,HAM,Lewis Hamilton,Mercedes,5,5,8,4,Finished,64.819,64.391,0.428,-0.8408469521,3,6,0,3,2.9,0.048,-2.4,0,0
2023,10,British Grand Prix,2023-07-09,Silverstone,HAM,Lewis Hamilton,Mercedes,7,7,3,15,Finished,87.211,86.72,0.491,-0.8612248859,4.333333333,7,0,3,1.3,0.241,-2,0,0
2023,11,Hungarian Grand Prix,2023-07-23,Budapest,HAM,Lewis Hamilton,Mercedes,1,1,4,12,Finished,76.609,76.609,0,-1.183880726,4.666666667,7.5,0,2,-3.3,0.003,-1.4,0,0
2023,12,Belgian Grand Prix,2023-07-30,Spa-Francorchamps,HAM,Lewis Hamilton,Mercedes,3,4,4,13,Finished,107.087,106.168,0.919,-1.022090687,5,5.5,0,20,-0.1,0.82,-0.4,0,0
2023,13,Dutch Grand Prix,2023-08-27,Zandvoort,HAM,Lewis Hamilton,Mercedes,13,13,6,8,Finished,80.151,70.567,9.584,0.8881118867,3.666666667,4.666666667,0,4,0.2,0.537,0.2,0,0
2023,14,Italian Grand Prix,2023-09-03,Monza,HAM,Lewis Hamilton,Mercedes,8,8,6,8,Finished,80.82,80.294,0.526,-0.7393786033,4.666666667,7.166666667,0,5,2.4,0.013,-1,0,0
2023,15,Singapore Grand Prix,2023-09-17,Marina Bay,HAM,Lewis Hamilton,Mercedes,5,5,3,16,Finished,91.485,90.984,0.501,-0.7725549499,5.333333333,7.333333333,0,9,-0.2,0.072,-2,0,1
2023,16,Japanese Grand Prix,2023-09-24,Suzuka,HAM,Lewis Hamilton,Mercedes,7,7,5,10,Finished,89.908,88.877,1.031,-0.5364058884,5,8.833333333,0,5,-0.5,0.581,-1.6,0,0
2023,17,Qatar Grand Prix,2023-10-08,Lusail,HAM,Lewis Hamilton,Mercedes,3,3,19,0,Retired,84.305,83.778,0.527,-0.9745597432,4.666666667,7,0,,0.6,0.441,-2.6,0,0
2023,18,United States Grand Prix,2023-10-22,Austin,HAM,Lewis Hamilton,Mercedes,3,3,19,0,Disqualified,94.862,94.723,0.139,-1.133313688,9,9,0.2,2,-1,0.13,0.6,0,0
2023,19,Mexico City Grand Prix,2023-10-29,Mexico City,HAM,Lewis Hamilton,Mercedes,6,6,2,19,Finished,77.454,77.166,0.288,-0.7972841428,14.33333333,9.833333333,0.2,2,-0.4,0.067,5.2,0,0
2023,20,São Paulo Grand Prix,2023-11-05,São Paulo,HAM,Lewis Hamilton,Mercedes,5,5,8,4,Finished,70.266,70.162,0.104,-0.7901385465,13.33333333,9.166666667,0.2,2,-1.3,0.141,4.8,0,0
2023,21,Las Vegas Grand Prix,2023-11-18,Las Vegas,HAM,Lewis Hamilton,Mercedes,10,11,7,6,Finished,93.837,92.726,1.111,-0.0849909352,9.666666667,9.166666667,0.2,,2.6,0.044,5.8,0,1
2023,22,Abu Dhabi Grand Prix,2023-11-26,Yas Island,HAM,Lewis Hamilton,Mercedes,11,11,9,2,Finished,84.359,83.445,0.914,0.3196387307,5.666666667,7.666666667,0.2,18,0.3,0.139,5.4,0,0
2024,1,Bahrain Grand Prix,2024-03-02,Sakhir,HAM,Lewis Hamilton,Mercedes,9,9,7,6,Finished,89.71,89.179,0.531,-0.5405436374,8,8.333333333,0,4,-2.2,0,1.8,0,0
2024,2,Saudi Arabian Grand Prix,2024-03-09,Jeddah,HAM,Lewis Hamilton,Mercedes,8,8,9,2,Finished,88.46,87.472,0.988,-0.1947530403,7.666666667,6.5,0,7.5,-0.8,0.319,-1.8,0,1
2024,3,Australian Grand Prix,2024-03-24,Melbourne,HAM,Lewis Hamilton,Mercedes,11,11,18,0,Retired,76.96,75.915,1.045,-0.0769954324,8.333333333,6.5,0,3,0.8,0.27,-0.8,0,0
2024,4,Japanese Grand Prix,2024-04-07,Suzuka,HAM,Lewis Hamilton,Mercedes,7,7,9,2,Finished,88.766,88.197,0.569,-0.7739099512,11.33333333,10.33333333,0.2,5,3.3,0.066,0,0,0
2024,5,Chinese Grand Prix,2024-04-21,Shanghai,HAM,Lewis Hamilton,Mercedes,18,18,9,2,Finished,95.573,93.66,1.913,1.051498721,12,11,0.2,,-0.7,0.322,1.2,0,0
2024,6,Miami Grand Prix,2024-05-05,Miami,HAM,Lewis Hamilton,Mercedes,8,8,6,8,Finished,87.697,87.241,0.456,-0.75538024,12,11,0.2,6,-2.2,0.141,-0.2,0,1
2024,7,Emilia Romagna Grand Prix,2024-05-19,Imola,HAM,Lewis Hamilton,Mercedes,8,8,6,8,Finished,75.504,74.746,0.758,-0.3293112981,8,7.5,0.2,13,-0.1,0.074,-0.2,0,0
2024,8,Monaco Grand Prix,2024-05-26,Monaco,HAM,Lewis Hamilton,Mercedes,7,7,7,7,Finished,70.621,70.27,0.351,-0.8321792297,7,7,0.2,6,0.2,0.154,-0.8,0,1
2024,9,Canadian Grand Prix,2024-06-09,Montréal,HAM,Lewis Hamilton,Mercedes,7,7,4,13,Finished,71.979,71.742,0.237,-1.049757892,6.333333333,6.5,0,3,-0.5,0.258,-2.2,0,0
2024,10,Spanish Grand Prix,2024-06-23,Barcelona,HAM,Lewis Hamilton,Mercedes,3,3,3,15,Finished,71.701,71.383,0.318,-0.8993869979,5.666666667,5.333333333,0,3.5,-1.1,0.02,-3.2,0,0
2024,11,Austrian Grand Prix,2024-06-30,Spielberg,HAM,Lewis Hamilton,Mercedes,5,5,4,12,Finished,64.903,64.314,0.589,-0.8595700171,4.666666667,4.333333333,0,5.5,-0.3,0.404,-1.4,0,0
2024,12,British Grand Prix,2024-07-07,Silverstone,HAM,Lewis Hamilton,Mercedes,2,2,1,25,Finished,85.99,85.819,0.171,-0.7443707604,3.666666667,3.166666667,0,3,-0.3,0.171,-1.2,0,0
2024,13,Hungarian Grand Prix,2024-07-21,Budapest,HAM,Lewis Hamilton,Mercedes,5,5,3,15,Finished,75.854,75.227,0.627,-0.6540123138,2.666666667,5.333333333,0,3,2.7,0.022,-1,0,0
2024,14,Belgian Grand Prix,2024-07-28,Spa-Francorchamps,HAM,Lewis Hamilton,Mercedes,3,4,1,25,Finished,113.835,113.159,0.676,-0.8210490174,2.666666667,6,0,12,1.6,0.595,-1.4,0,0
2024,15,Dutch Grand Prix,2024-08-25,Zandvoort,HAM,Lewis Hamilton,Mercedes,14,11,8,4,Finished,70.948,69.673,1.275,-0.03419543739,1.666666667,8.666666667,0,5,0,0.356,-1.4,1,0
2024,16,Italian Grand Prix,2024-09-01,Monza,HAM,Lewis Hamilton,Mercedes,6,6,5,10,Finished,79.513,79.327,0.186,-1.12094354,4,7.833333333,0,5.5,0.5,0.109,-2,0,0
2024,17,Azerbaijan Grand Prix,2024-09-15,Baku,HAM,Lewis Hamilton,Mercedes,19,7,9,2,Finished,102.289,101.365,0.924,-0.5628640639,4.666666667,8,0,5,-2.9,0.321,-2,1,1
2024,18,Singapore Grand Prix,2024-09-22,Marina Bay,HAM,Lewis Hamilton,Mercedes,3,3,6,8,Finished,89.841,89.525,0.316,-0.88355952,7.333333333,6.5,0,6,-0.4,0.155,-1.4,0,1
2024,19,United States Grand Prix,2024-10-20,Austin,HAM,Lewis Hamilton,Mercedes,17,19,20,0,Retired,94.154,92.33,1.824,1.329248487,6.666666667,5.666666667,0,10.5,-0.9,0.031,-0.4,0,0
2024,20,Mexico City Grand Prix,2024-10-27,Mexico City,HAM,Lewis Hamilton,Mercedes,6,6,4,12,Finished,76.651,75.946,0.705,-0.6055832573,11.66666667,8,0.2,2,2,0.225,0.4,0,0
2024,21,São Paulo Grand Prix,2024-11-03,São Paulo,HAM,Lewis Hamilton,Mercedes,14,16,10,1,Finished,91.15,83.405,7.745,1.217597404,10,7.5,0.2,5,-1.4,0.173,0.6,0,0
2024,22,Las Vegas Grand Prix,2024-11-23,Las Vegas,HAM,Lewis Hamilton,Mercedes,10,10,2,18,Finished,92.567,92.312,0.255,-1.105982351,11.33333333,8.166666667,0.2,7,0.2,0.098,-0.4,0,1
2024,23,Qatar Grand Prix,2024-12-01,Lusail,HAM,Lewis Hamilton,Mercedes,6,6,12,0,Finished,81.011,80.52,0.491,-0.7388111589,5.333333333,4.333333333,0.2,19,-1.6,0.055,-2.4,0,0
2024,24,Abu Dhabi Grand Prix,2024-12-08,Yas Island,HAM,Lewis Hamilton,Mercedes,16,18,4,12,Finished,83.887,82.595,1.292,1.22096183,8,5.5,0.2,13.5,1,0.209,-1.8,0,0
2025,1,Australian Grand Prix,2025-03-16,Melbourne,HAM,Lewis Hamilton,Ferrari,8,8,10,1,Finished,75.919,75.096,0.823,-0.2620638125,6,3.333333333,0,8,-0.1,0.084,-4.8,0,0
2025,2,Chinese Grand Prix,2025-03-23,Shanghai,HAM,Lewis Hamilton,Ferrari,5,5,19,0,Disqualified,90.927,90.641,0.286,-0.9743769395,8.666666667,5.166666667,0,9,1.1,0.082,-4,0,0
2025,3,Japanese Grand Prix,2025-04-06,Suzuka,HAM,Lewis Hamilton,Ferrari,8,8,7,6,Finished,87.61,86.983,0.627,-0.3818837765,11,10,0.2,6.333333333,4.1,0.012,0,0,0
2025,4,Bahrain Grand Prix,2025-04-13,Sakhir,HAM,Lewis Hamilton,Ferrari,9,9,5,10,Finished,90.772,89.841,0.931,-0.4165078092,12,11,0.2,5,-2,0.168,1.4,0,0
2025,5,Saudi Arabian Grand Prix,2025-04-20,Jeddah,HAM,Lewis Hamilton,Ferrari,7,7,7,6,Finished,88.102,87.294,0.808,-0.1121326135,10.33333333,9.5,0.2,8,-3,0.01,-0.6,0,1
2025,6,Miami Grand Prix,2025-05-04,Miami,HAM,Lewis Hamilton,Ferrari,12,12,8,4,Finished,87.006,86.204,0.802,0.05727746178,6.333333333,5,0.2,6,0,0.065,2.2,0,1
2025,7,Emilia Romagna Grand Prix,2025-05-18,Imola,HAM,Lewis Hamilton,Ferrari,12,12,4,12,Finished,75.765,74.67,1.095,0.1339611931,6.666666667,5.666666667,0.2,9.5,0.7,0.034,1,0,0
2025,8,Monaco Grand Prix,2025-05-25,Monaco,HAM,Lewis Hamilton,Ferrari,7,4,5,10,Finished,70.382,69.954,0.428,-1.083695903,6.333333333,5.833333333,0,6.333333333,0.2,0.109,-3.4,1,1
2025,9,Spanish Grand Prix,2025-06-01,Barcelona,HAM,Lewis Hamilton,Ferrari,5,5,6,8,Finished,72.045,71.546,0.499,-0.76691263,5.666666667,5.333333333,0,3.333333333,-0.9,0.209,-3,0,0
2025,10,Canadian Grand Prix,2025-06-15,Montréal,HAM,Lewis Hamilton,Ferrari,5,5,6,8,Finished,71.526,70.899,0.627,-0.7175433406,5,4.333333333,0,3.333333333,-0.5,0.16,-2,0,0
2025,11,Austrian Grand Prix,2025-06-29,Spielberg,HAM,Lewis Hamilton,Ferrari,4,4,4,12,Finished,64.582,63.971,0.611,-1.032144245,5.666666667,4.5,0,5,0.6,0.521,-1.8,0,0
2025,12,British Grand Prix,2025-07-06,Silverstone,HAM,Lewis Hamilton,Ferrari,5,5,4,12,Finished,85.084,84.892,0.192,-1.029861885,5.333333333,4.5,0,2.333333333,-0.2,0.103,-1,0,0
2025,13,Belgian Grand Prix,2025-07-27,Spa-Francorchamps,HAM,Lewis Hamilton,Ferrari,18,16,7,6,Finished,101.939,100.562,1.377,0.8408098131,4.666666667,6,0,8.333333333,1.8,0.064,0.4,0,0
2025,14,Hungarian Grand Prix,2025-08-03,Budapest,HAM,Lewis Hamilton,Ferrari,12,12,12,0,Lapped,75.702,75.372,0.33,0.1253916514,5,5.833333333,0,3,0.3,0,-1.6,0,0
2025,15,Dutch Grand Prix,2025-08-31,Zandvoort,HAM,Lewis Hamilton,Ferrari,7,7,20,0,Retired,69.261,68.662,0.599,-0.4856897122,7.666666667,7.333333333,0,6,-1.5,0.012,-1.8,0,0
2025,16,Italian Grand Prix,2025-09-07,Monza,HAM,Lewis Hamilton,Ferrari,10,5,6,8,Finished,79.124,78.792,0.332,-0.7970242123,13,10.83333333,0.2,5.333333333,4,0.077,0.6,1,0
2025,17,Azerbaijan Grand Prix,2025-09-21,Baku,HAM,Lewis Hamilton,Ferrari,12,12,8,4,Finished,101.821,101.117,0.704,-0.2559453643,12.66666667,10.83333333,0.2,6.333333333,-1.4,0.478,0.8,0,1
2025,18,Singapore Grand Prix,2025-10-05,Marina Bay,HAM,Lewis Hamilton,Ferrari,6,6,8,4,Finished,89.688,89.158,0.53,-0.6656808391,11.33333333,11,0.2,6,-1.8,0.182,0.2,0,1
2025,19,United States Grand Prix,2025-10-19,Austin,HAM,Lewis Hamilton,Ferrari,5,5,4,12,Finished,92.912,92.51,0.402,-0.7913540536,7.333333333,6.833333333,0.2,13.66666667,0.4,0.291,2.4,0,0
2025,20,Mexico City Grand Prix,2025-10-26,Mexico City,HAM,Lewis Hamilton,Ferrari,3,3,8,4,Finished,75.938,75.586,0.352,-1.074429702,6.666666667,6.333333333,0.2,2.666666667,-1.6,0.262,2.2,0,0
2025,21,São Paulo Grand Prix,2025-11-09,São Paulo,HAM,Lewis Hamilton,Ferrari,13,13,18,0,Retired,70.016,69.511,0.505,-0.06105887842,6.666666667,5.166666667,0,6.666666667,-0.4,0.174,0.6,0,0
2025,22,Las Vegas Grand Prix,2025-11-22,Las Vegas,HAM,Lewis Hamilton,Ferrari,19,20,8,4,Finished,117.115,107.934,9.181,1.55980331,10,9,0.2,4.5,4.2,0.323,1.4,0,1
2025,23,Qatar Grand Prix,2025-11-30,Lusail,HAM,Lewis Hamilton,Ferrari,17,18,12,0,Finished,80.907,79.387,1.52,1.151729007,11.33333333,9.833333333,0.2,15.5,-0.6,0.108,-0.2,0,0
2025,24,Abu Dhabi Grand Prix,2025-12-07,Yas Island,HAM,Lewis Hamilton,Ferrari,16,16,8,4,Finished,83.394,82.207,1.187,0.9892534576,12.66666667,11.5,0.2,10.33333333,-1.8,0.201,-1.8,0,0
2026,1,Australian Grand Prix,2026-03-08,Melbourne,HAM,Lewis Hamilton,Ferrari,7,7,4,12,Finished,79.478,78.518,0.96,-0.6759391427,9.333333333,7.333333333,0.2,8.5,-0.4,0.293,-3.2,0,0
2026,2,Chinese Grand Prix,2026-03-15,Shanghai,HAM,Lewis Hamilton,Ferrari,3,3,3,15,Finished,92.415,92.064,0.351,-0.9667237733,8,6.5,0.2,14,-1.4,0.222,-4.8,0,0
2026,3,Japanese Grand Prix,2026-03-29,Suzuka,HAM,Lewis Hamilton,Ferrari,6,6,6,8,Finished,89.567,88.778,0.789,-0.7612682385,5,4.333333333,0,6.5,-0.1,0.298,-5.8,0,0
2026,4,Miami Grand Prix,2026-05-03,Miami,HAM,Lewis Hamilton,Ferrari,6,6,6,8,Finished,88.319,87.798,0.521,-0.8204700266,4.333333333,3.833333333,0,6.5,0.3,0.166,-3.4,0,1
2026,5,Canadian Grand Prix,2026-05-24,Montréal,HAM,Lewis Hamilton,Ferrari,5,5,2,18,Finished,72.868,72.578,0.29,-0.9482857913,5,5,0,4,0.8,0.068,-2.2,0,0
2026,6,Monaco Grand Prix,2026-06-07,Monaco,HAM,Lewis Hamilton,Ferrari,3,3,2,18,Finished,72.279,72.051,0.228,-1.172179909,4.666666667,4.833333333,0,6,-0.2,0.043,-1.2,0,1
2026,7,Barcelona Grand Prix,2026-06-14,Barcelona,HAM,Lewis Hamilton,Ferrari,2,2,1,25,Finished,74.743,74.679,0.064,-1.151501923,3.333333333,6.5,0,4,1.8,0.064,-0.8,0,0
2026,8,Austrian Grand Prix,2026-06-28,Spielberg,HAM,Lewis Hamilton,Ferrari,3,3,5,10,Finished,66.408,66.113,0.295,-0.9354989827,1.666666667,6.833333333,0,4.75,2.1,0.236,-1,0,0
2026,9,British Grand Prix,2026-07-05,Silverstone,HAM,Lewis Hamilton,Ferrari,3,3,3,15,Finished,88.458,88.111,0.347,-1.055657216,2.666666667,8,0,2.75,-1.4,0.175,-0.6,0,0
2026,10,Belgian Grand Prix,2026-07-19,Spa-Francorchamps,HAM,Lewis Hamilton,Ferrari,5,6,4,12,Finished,104.895,104.361,0.534,-0.9044297492,3,5.5,0,8,-3,0.317,-0.6,0,0
2026,11,Hungarian Grand Prix,2026-07-26,Budapest,HAM,Lewis Hamilton,Ferrari,5,2,5,10,Finished,77.219,77.207,0.012,-1.291076733,4,3.833333333,0,5.25,-1.1,0.012,-0.4,1,0
2026,12,Dutch Grand Prix,2026-08-23,Zandvoort,HAM,Lewis Hamilton,Ferrari,5,5,4,12,Finished,71.494,71.163,0.331,-1.001380995,4,3.166666667,0,9.5,0.7,0.102,0.4,0,0
2026,13,Italian Grand Prix,2026-09-06,Monza,HAM,Lewis Hamilton,Ferrari,4,5,6,8,Finished,82.011,81.786,0.225,-0.8451872454,4.333333333,4,0,5.5,0.5,0.06,0.4,0,0
2026,14,Spanish Grand Prix,2026-09-13,Madrid,HAM,Lewis Hamilton,Ferrari,4,4,22,0,Retired,92.013,91.824,0.189,-0.8907958046,5,7.666666667,0,,3.8,0.011,0.2,0,1
2026,15,Azerbaijan Grand Prix,2026-09-26,Baku,HAM,Lewis Hamilton,Ferrari,6,6,6,8,Finished,103.858,102.526,1.332,-0.7399547141,10.66666667,10.5,0.2,6.75,1.4,0.837,3.8,0,1
2026,16,Bahrain Grand Prix,2026-10-04,Kuala Lumpur,HAM,Lewis Hamilton,Ferrari,2,2,3,15,Finished,95.428,95.13,0.298,-1.264871878,11.33333333,10.66666667,0.2,,-5.2,0.298,4.2,0,0
2022,1,Bahrain Grand Prix,2022-03-20,Sakhir,HUL,Nico Hulkenberg,Aston Martin,17,17,17,0,Finished,92.777,90.558,2.219,1.009765842,,,,,,0.123,,0,0
2022,2,Saudi Arabian Grand Prix,2022-03-27,Jeddah,HUL,Nico Hulkenberg,Aston Martin,17,18,12,0,Finished,90.543,88.2,2.343,1.090963619,17,14.5,0,,,0.025,,0,1
2023,1,Bahrain Grand Prix,2023-03-05,Sakhir,HUL,Nico Hulkenberg,Haas,10,10,15,0,Lapped,90.809,89.708,1.101,-0.2668924358,14.5,16.33333333,0,17,-0.2,0.138,-3,0,0
2023,2,Saudi Arabian Grand Prix,2023-03-19,Jeddah,HUL,Nico Hulkenberg,Haas,10,11,12,0,Finished,89.451,88.265,1.186,-0.1411690764,14.66666667,15.5,0,12,-0.2,0.155,-0.3333333333,0,1
2023,3,Australian Grand Prix,2023-04-02,Melbourne,HUL,Nico Hulkenberg,Haas,10,10,7,6,Finished,77.412,76.732,0.68,-0.5546494095,13,13.83333333,0,,-1.5,0.236,0,0,0
2023,4,Azerbaijan Grand Prix,2023-04-30,Baku,HUL,Nico Hulkenberg,Haas,20,17,17,0,Lapped,102.755,100.203,2.552,0.2512711421,11.33333333,12.33333333,0,,0.3,0.188,-0.6,1,1
2023,5,Miami Grand Prix,2023-05-07,Miami,HUL,Nico Hulkenberg,Haas,12,12,15,0,Finished,87.903,86.841,1.062,0.243937949,12,12.66666667,0,,1.6,0.256,-0.6,0,1
2023,6,Monaco Grand Prix,2023-05-28,Monaco,HUL,Nico Hulkenberg,Haas,18,18,17,0,Lapped,73.279,71.365,1.914,1.239247316,13,13.16666667,0,,-1.6,0.084,1.2,0,1
2023,7,Spanish Grand Prix,2023-06-04,Barcelona,HUL,Nico Hulkenberg,Haas,7,8,15,0,Lapped,73.229,72.272,0.957,-0.2237171885,16.33333333,15.16666667,0,,1.4,0.462,0,0,0
2023,8,Canadian Grand Prix,2023-06-18,Montréal,HUL,Nico Hulkenberg,Haas,5,2,15,0,Lapped,80.305,79.092,1.213,-0.479731175,15.66666667,15.66666667,0,,1.4,1.213,1.2,1,0
2023,9,Austrian Grand Prix,2023-07-02,Spielberg,HUL,Nico Hulkenberg,Haas,8,8,20,0,Retired,65.09,64.391,0.699,-0.3227850582,15.66666667,16.83333333,0,,-0.4,0.048,4.4,0,0
2023,10,British Grand Prix,2023-07-09,Silverstone,HUL,Nico Hulkenberg,Haas,11,11,13,0,Finished,88.896,86.72,2.176,0.2256264718,16.66666667,17.16666667,0.2,,0.5,0.241,6.8,0,0
2023,11,Hungarian Grand Prix,2023-07-23,Budapest,HUL,Nico Hulkenberg,Haas,10,10,14,0,Lapped,77.186,76.609,0.577,-0.5664457559,16,17,0.2,,-0.3,0.003,6.6,0,0
2023,12,Belgian Grand Prix,2023-07-30,Spa-Francorchamps,HUL,Nico Hulkenberg,Haas,20,20,18,0,Finished,123.166,106.168,10,1.164285816,15.66666667,16.83333333,0.2,,-0.1,0.82,7.6,0,0
2023,13,Dutch Grand Prix,2023-08-27,Zandvoort,HUL,Nico Hulkenberg,Haas,14,15,12,0,Finished,80.25,70.567,9.683,0.9105326637,15,16,0.2,,-0.4,0.537,5.8,0,0
2023,14,Italian Grand Prix,2023-09-03,Monza,HUL,Nico Hulkenberg,Haas,13,13,17,0,Lapped,81.776,80.294,1.482,0.3812649873,14.66666667,15.33333333,0.2,,-0.8,0.013,2.6,0,0
2023,15,Singapore Grand Prix,2023-09-17,Marina Bay,HUL,Nico Hulkenberg,Haas,9,9,13,0,Finished,91.808,90.984,0.824,-0.350258032,15.66666667,16,0,,1.1,0.072,1,0,1
2023,16,Japanese Grand Prix,2023-09-24,Suzuka,HUL,Nico Hulkenberg,Haas,18,18,14,0,Lapped,91.299,88.877,2.422,1.47076829,14,14.33333333,0,,-1.6,0.581,1.4,0,0
2023,17,Qatar Grand Prix,2023-10-08,Lusail,HUL,Nico Hulkenberg,Haas,14,15,16,0,Lapped,85.783,83.778,2.005,0.4772361551,14.66666667,14.5,0,,-0.5,0.441,-0.2,0,0
2023,18,United States Grand Prix,2023-10-22,Austin,HUL,Nico Hulkenberg,Haas,18,16,11,0,Finished,96.235,94.723,1.512,1.019778457,14.33333333,13.66666667,0,,1,0.13,0.4,0,0
2023,19,Mexico City Grand Prix,2023-10-29,Mexico City,HUL,Nico Hulkenberg,Haas,12,12,13,0,Finished,78.524,77.166,1.358,0.2043711917,13.66666667,14,0,,-0.7,0.067,0,0,0
2023,20,São Paulo Grand Prix,2023-11-05,São Paulo,HUL,Nico Hulkenberg,Haas,11,11,12,0,Lapped,70.475,70.162,0.313,-0.1394728404,13.33333333,14.5,0,,1.2,0.141,-0.6,0,0
2023,21,Las Vegas Grand Prix,2023-11-18,Las Vegas,HUL,Nico Hulkenberg,Haas,13,13,19,0,Retired,93.979,92.726,1.253,0.07328726544,12,14.5,0,,0.7,0.044,-1.2,0,1
2023,22,Abu Dhabi Grand Prix,2023-11-26,Yas Island,HUL,Nico Hulkenberg,Haas,8,8,15,0,Finished,84.108,83.445,0.663,-0.2432700975,14.66666667,15.66666667,0,,-0.5,0.139,0.8,0,0
2024,1,Bahrain Grand Prix,2024-03-02,Sakhir,HUL,Nico Hulkenberg,Haas,10,10,16,0,Lapped,89.851,89.179,0.672,-0.2959851491,15.33333333,16.16666667,0,16,0,0,2,0,0
2024,2,Saudi Arabian Grand Prix,2024-03-09,Jeddah,HUL,Nico Hulkenberg,Haas,15,15,10,1,Finished,89.055,87.472,1.583,0.7417348886,16.66666667,15.83333333,0,12,-0.1,0.319,4.2,0,1
2024,3,Australian Grand Prix,2024-03-24,Melbourne,HUL,Nico Hulkenberg,Haas,16,16,9,2,Finished,77.976,75.915,2.061,1.363236958,13.66666667,14.16666667,0,7,-2.2,0.27,3,0,0
2024,4,Japanese Grand Prix,2024-04-07,Suzuka,HUL,Nico Hulkenberg,Haas,12,12,11,0,Lapped,89.494,88.197,1.297,0.3126984277,11.66666667,11.5,0,14,-0.5,0.066,1.4,0,0
2024,5,Chinese Grand Prix,2024-04-21,Shanghai,HUL,Nico Hulkenberg,Haas,9,9,10,1,Finished,94.604,93.66,0.944,-0.3325972657,10,10.83333333,0,,0.4,0.322,0,0,0
2024,6,Miami Grand Prix,2024-05-05,Miami,HUL,Nico Hulkenberg,Haas,9,9,11,0,Finished,88.146,87.241,0.905,0.2019037785,10,11.5,0,15,1.1,0.141,-1.2,0,1
2024,7,Emilia Romagna Grand Prix,2024-05-19,Imola,HUL,Nico Hulkenberg,Haas,10,10,11,0,Lapped,75.569,74.746,0.823,-0.2372770249,10.66666667,13.33333333,0,,1.3,0.074,-2,0,0
2024,8,Monaco Grand Prix,2024-05-26,Monaco,HUL,Nico Hulkenberg,Haas,19,14,19,0,Retired,71.44,70.27,1.17,0.2244129556,10.66666667,13.16666667,0,17,-0.8,0.154,-0.8,1,1
2024,9,Canadian Grand Prix,2024-06-09,Montréal,HUL,Nico Hulkenberg,Haas,17,19,11,0,Finished,73.978,71.742,2.236,1.839497273,13.66666667,15.33333333,0.2,15,1,0.258,1.6,0,0
2024,10,Spanish Grand Prix,2024-06-23,Barcelona,HUL,Nico Hulkenberg,Haas,13,13,11,0,Finished,72.31,71.383,0.927,0.08733013725,13.66666667,14.16666667,0.2,15,-0.8,0.02,0.2,0,0
2024,11,Austrian Grand Prix,2024-06-30,Spielberg,HUL,Nico Hulkenberg,Haas,9,9,6,8,Finished,65.262,64.314,0.948,-0.05836104361,13.66666667,15,0.2,20,-0.6,0.404,-0.4,0,0
2024,12,British Grand Prix,2024-07-07,Silverstone,HUL,Nico Hulkenberg,Haas,6,6,6,8,Finished,86.338,85.819,0.519,-0.6450623494,9.333333333,10.83333333,0.2,13,-1.3,0.171,-1.4,0,0
2024,13,Hungarian Grand Prix,2024-07-21,Budapest,HUL,Nico Hulkenberg,Haas,11,11,13,0,Lapped,76.317,75.227,1.09,-0.1837409964,7.666666667,10,0.2,14,-1,0.022,-1.6,0,0
2024,14,Belgian Grand Prix,2024-07-28,Spa-Francorchamps,HUL,Nico Hulkenberg,Haas,16,16,18,0,Finished,116.308,113.159,3.149,1.074622927,8.333333333,10,0,18,2.1,0.595,-2.2,0,0
2024,15,Dutch Grand Prix,2024-08-25,Zandvoort,HUL,Nico Hulkenberg,Haas,12,13,11,0,Lapped,71.215,69.673,1.542,0.2755785874,12.33333333,13,0,12,0.9,0.356,-0.2,0,0
2024,16,Italian Grand Prix,2024-09-01,Monza,HUL,Nico Hulkenberg,Haas,10,10,17,0,Lapped,80.339,79.327,1.012,0.08066487481,14,14.83333333,0,17,-0.1,0.109,-0.2,0,0
2024,17,Azerbaijan Grand Prix,2024-09-15,Baku,HUL,Nico Hulkenberg,Haas,12,13,11,0,Finished,103.101,101.365,1.736,0.3573002604,15.33333333,14.66666667,0,17,-1,0.321,1.8,0,1
2024,18,Singapore Grand Prix,2024-09-22,Marina Bay,HUL,Nico Hulkenberg,Haas,6,6,9,2,Lapped,90.115,89.525,0.59,-0.4892353756,13,12.83333333,0,13,-2.1,0.155,1.4,0,1
2024,19,United States Grand Prix,2024-10-20,Austin,HUL,Nico Hulkenberg,Haas,11,12,8,4,Finished,93.544,92.33,1.214,0.3067496509,12.33333333,12.66666667,0,11,1.7,0.031,1.6,0,0
2024,20,Mexico City Grand Prix,2024-10-27,Mexico City,HUL,Nico Hulkenberg,Haas,10,10,9,2,Lapped,76.995,75.946,1.049,-0.009615182601,9.333333333,11.33333333,0,13,-0.1,0.225,0.4,0,0
2024,21,São Paulo Grand Prix,2024-11-03,São Paulo,HUL,Nico Hulkenberg,Haas,18,19,20,0,Disqualified,91.623,83.405,8.218,1.371207745,8.666666667,10.5,0,12,0.4,0.173,0.6,0,0
2024,22,Las Vegas Grand Prix,2024-11-23,Las Vegas,HUL,Nico Hulkenberg,Haas,9,9,8,4,Finished,93.062,92.312,0.75,-0.4210136133,12.33333333,11.16666667,0.2,19,2.1,0.098,-0.6,0,1
2024,23,Qatar Grand Prix,2024-12-01,Lusail,HUL,Nico Hulkenberg,Haas,18,18,16,0,Retired,82.442,80.52,1.922,1.313681111,12.33333333,11.33333333,0.2,16,0.6,0.055,-0.4,0,0
2024,24,Abu Dhabi Grand Prix,2024-12-08,Yas Island,HUL,Nico Hulkenberg,Haas,7,4,8,4,Finished,82.886,82.595,0.291,-1.053501354,14.66666667,12.83333333,0.4,15,-1.4,0.209,-1.4,1,0
2025,1,Australian Grand Prix,2025-03-16,Melbourne,HUL,Nico Hulkenberg,Kick Sauber,17,17,7,6,Finished,76.579,75.096,1.483,0.8942627915,10.66666667,13.5,0.4,8,1.5,0.084,0.2,0,0
2025,2,Chinese Grand Prix,2025-03-23,Shanghai,HUL,Nico Hulkenberg,Kick Sauber,12,12,15,0,Lapped,91.632,90.641,0.991,0.3910290282,10.33333333,12.16666667,0.4,10,-1.4,0.082,-1.6,0,0
2025,3,Japanese Grand Prix,2025-04-06,Suzuka,HUL,Nico Hulkenberg,Kick Sauber,16,16,16,0,Finished,88.57,86.983,1.587,1.100560321,10,13.83333333,0.2,12.5,1.4,0.012,-1.2,0,0
2025,4,Bahrain Grand Prix,2025-04-13,Sakhir,HUL,Nico Hulkenberg,Kick Sauber,16,16,20,0,Disqualified,92.067,89.841,2.226,1.07307411,12.66666667,14.5,0.2,16,0.9,0.168,-1,0,0
2025,5,Saudi Arabian Grand Prix,2025-04-20,Jeddah,HUL,Nico Hulkenberg,Kick Sauber,18,18,15,0,Lapped,88.782,87.294,1.488,1.032764942,17,17,0.2,11.33333333,0.2,0.01,0.2,0,1
2025,6,Miami Grand Prix,2025-05-04,Miami,HUL,Nico Hulkenberg,Kick Sauber,16,16,14,0,Lapped,87.473,86.204,1.269,0.8918663745,17,17.66666667,0.2,13,-0.5,0.065,-1.2,0,1
2025,7,Emilia Romagna Grand Prix,2025-05-18,Imola,HUL,Nico Hulkenberg,Kick Sauber,17,17,12,0,Finished,76.518,74.67,1.848,1.26602427,16.33333333,17.16666667,0.2,11,-0.1,0.034,0.4,0,0
2025,8,Monaco Grand Prix,2025-05-25,Monaco,HUL,Nico Hulkenberg,Kick Sauber,13,13,16,0,Lapped,71.596,69.954,1.642,0.4638947644,13.66666667,15.83333333,0.2,18,-1,0.109,-1.2,0,1
2025,9,Spanish Grand Prix,2025-06-01,Barcelona,HUL,Nico Hulkenberg,Kick Sauber,15,16,5,10,Finished,73.19,71.546,1.644,1.148388055,14,15.33333333,0.2,13,-0.8,0.209,-0.6,0,0
2025,10,Canadian Grand Prix,2025-06-15,Montréal,HUL,Nico Hulkenberg,Kick Sauber,11,13,8,4,Finished,72.183,70.899,1.284,0.5152651708,11,12.83333333,0,13,-1.1,0.16,-3.6,0,0
2025,11,Austrian Grand Prix,2025-06-29,Spielberg,HUL,Nico Hulkenberg,Kick Sauber,20,20,9,2,Lapped,65.606,63.971,1.635,1.512188222,9.666666667,11.5,0,13,-0.5,0.521,-4,0,0
2025,12,British Grand Prix,2025-07-06,Silverstone,HUL,Nico Hulkenberg,Kick Sauber,19,19,3,15,Finished,86.574,84.892,1.682,1.349383342,7.333333333,9.333333333,0,9.5,0.9,0.103,-5.8,0,0
2025,13,Belgian Grand Prix,2025-07-27,Spa-Francorchamps,HUL,Nico Hulkenberg,Kick Sauber,14,14,12,0,Finished,101.707,100.562,1.145,0.4080469143,6.666666667,10,0,18,-0.4,0.064,-8,0,0
2025,14,Hungarian Grand Prix,2025-08-03,Budapest,HUL,Nico Hulkenberg,Kick Sauber,18,19,13,0,Lapped,76.081,75.372,0.709,1.525198305,8,9.833333333,0,13.5,-1.5,0,-9,0,0
2025,15,Dutch Grand Prix,2025-08-31,Zandvoort,HUL,Nico Hulkenberg,Kick Sauber,17,17,14,0,Finished,70.195,68.662,1.533,1.502557031,9.333333333,10.16666667,0,11.5,1.3,0.012,-8,0,0
2025,16,Italian Grand Prix,2025-09-07,Monza,HUL,Nico Hulkenberg,Kick Sauber,12,12,20,0,Did not start,79.498,78.792,0.706,0.08358747278,13,11.5,0,17,0.5,0.077,-7.6,0,0
2025,17,Azerbaijan Grand Prix,2025-09-21,Baku,HUL,Nico Hulkenberg,Kick Sauber,17,17,16,0,Finished,102.916,101.117,1.799,1.251682978,15.66666667,12.66666667,0.2,14,-0.2,0.478,-3.8,0,1
2025,18,Singapore Grand Prix,2025-10-05,Marina Bay,HUL,Nico Hulkenberg,Kick Sauber,11,11,20,0,Lapped,90.141,89.158,0.983,0.03769632327,16.66666667,14,0.2,11,1.4,0.182,-0.8,0,1
2025,19,United States Grand Prix,2025-10-19,Austin,HUL,Nico Hulkenberg,Kick Sauber,11,11,8,4,Finished,93.334,92.51,0.824,-0.1140401337,18.66666667,15.33333333,0.2,9.5,1.8,0.291,1.4,0,0
2025,20,Mexico City Grand Prix,2025-10-26,Mexico City,HUL,Nico Hulkenberg,Kick Sauber,13,13,19,0,Retired,77.016,75.586,1.43,0.5399479114,14.66666667,15,0.2,11,-2.6,0.262,2,0,0
2025,21,São Paulo Grand Prix,2025-11-09,São Paulo,HUL,Nico Hulkenberg,Kick Sauber,10,10,9,2,Finished,69.985,69.511,0.474,-0.1595895069,15.66666667,15.33333333,0.4,16,1.5,0.174,3.8,0,0
2025,22,Las Vegas Grand Prix,2025-11-22,Las Vegas,HUL,Nico Hulkenberg,Kick Sauber,11,11,7,6,Finished,112.781,107.934,4.847,0.2347829657,12,14,0.2,13.5,0.4,0.323,2,0,1
2025,23,Qatar Grand Prix,2025-11-30,Lusail,HUL,Nico Hulkenberg,Kick Sauber,11,11,20,0,Retired,80.353,79.387,0.966,0.06419215705,11.66666667,13.66666667,0.2,16,-1.6,0.108,1.4,0,0
2025,24,Abu Dhabi Grand Prix,2025-12-07,Yas Island,HUL,Nico Hulkenberg,Kick Sauber,18,18,9,2,Finished,83.45,82.207,1.243,1.127662436,12,14.33333333,0.4,11.5,0.1,0.201,1.4,0,0
2026,1,Australian Grand Prix,2026-03-08,Melbourne,HUL,Nico Hulkenberg,Audi,11,11,22,0,Did not start,80.303,78.518,1.785,-0.01211193502,12,12.83333333,0.4,7.666666667,,0.293,0.2,0,0
2026,2,Chinese Grand Prix,2026-03-15,Shanghai,HUL,Nico Hulkenberg,Audi,11,11,11,0,Lapped,93.354,92.064,1.29,-0.2376043973,17,14,0.4,12.5,,0.222,1.2,0,0
2026,3,Japanese Grand Prix,2026-03-29,Suzuka,HUL,Nico Hulkenberg,Audi,13,13,11,0,Finished,90.358,88.778,1.58,-0.09277200363,14,13.83333333,0.4,13.66666667,-0.3,0.298,1.4,0,0
2026,4,Miami Grand Prix,2026-05-03,Miami,HUL,Nico Hulkenberg,Audi,10,10,19,0,Retired,89.439,87.798,1.641,-0.1016763057,14.66666667,14.5,0.4,13.33333333,-1.8,0.166,1.8,0,1
2026,5,Canadian Grand Prix,2026-05-24,Montréal,HUL,Nico Hulkenberg,Audi,11,11,12,0,Lapped,73.886,72.578,1.308,-0.05665270083,13.66666667,14.5,0.4,11.33333333,0.8,0.068,1.8,0,0
2026,6,Monaco Grand Prix,2026-06-07,Monaco,HUL,Nico Hulkenberg,Audi,13,13,13,0,Finished,73.902,72.051,1.851,0.1801693052,14,13.33333333,0.4,17.33333333,-0.9,0.043,3.8,0,1
2026,7,Barcelona Grand Prix,2026-06-14,Barcelona,HUL,Nico Hulkenberg,Audi,9,9,20,0,Retired,75.768,74.679,1.089,-0.3357703208,14.66666667,13.33333333,0.2,10.33333333,-0.3,0.064,1.6,0,0
2026,8,Austrian Grand Prix,2026-06-28,Spielberg,HUL,Nico Hulkenberg,Audi,14,14,12,0,Lapped,67.611,66.113,1.498,0.06316655764,15,13.33333333,0.4,11.66666667,0.7,0.236,3.8,0,0
2026,9,British Grand Prix,2026-07-05,Silverstone,HUL,Nico Hulkenberg,Audi,12,13,22,0,Retired,89.539,88.111,1.428,-0.2889323224,15,13,0.4,7.333333333,-1.4,0.175,3.8,0,0
2026,10,Belgian Grand Prix,2026-07-19,Spa-Francorchamps,HUL,Nico Hulkenberg,Audi,12,14,13,0,Finished,106.671,104.361,2.31,0.1868855024,18,14,0.4,16,0.4,0.317,3.8,0,0
2026,11,Hungarian Grand Prix,2026-07-26,Budapest,HUL,Nico Hulkenberg,Audi,10,10,9,2,Lapped,78.639,77.207,1.432,-0.232544934,15.66666667,12.33333333,0.4,13.33333333,-0.3,0.012,3.4,0,0
2026,12,Dutch Grand Prix,2026-08-23,Zandvoort,HUL,Nico Hulkenberg,Audi,13,13,8,4,Lapped,72.797,71.163,1.634,0.2034199621,14.66666667,11.83333333,0.4,12.33333333,0.6,0.102,3.2,0,0
2026,13,Italian Grand Prix,2026-09-06,Monza,HUL,Nico Hulkenberg,Audi,12,13,12,0,Finished,82.779,81.786,0.993,-0.1689734137,10,10.33333333,0.2,18,-0.1,0.06,0,0,0
2026,14,Spanish Grand Prix,2026-09-13,Madrid,HUL,Nico Hulkenberg,Audi,11,11,10,1,Lapped,93.223,91.824,1.399,-0.1756532067,9.666666667,10.66666667,0.2,,0.4,0.011,0.2,0,1
2026,15,Azerbaijan Grand Prix,2026-09-26,Baku,HUL,Nico Hulkenberg,Audi,18,18,11,0,Finished,105.92,102.526,3.394,0.7026834864,10,11.16666667,0,14.66666667,0.6,0.837,-1.8,0,1
2026,16,Bahrain Grand Prix,2026-10-04,Kuala Lumpur,HUL,Nico Hulkenberg,Audi,15,17,11,0,Finished,97.97,95.13,2.84,0.8570592148,11,12,0,,1.1,0.298,-3,0,0
2022,1,Bahrain Grand Prix,2022-03-20,Sakhir,LAT,Nicholas Latifi,Williams,20,20,16,0,Finished,93.634,90.558,3.076,1.969527752,,,,,,0.123,,0,0
2022,2,Saudi Arabian Grand Prix,2022-03-27,Jeddah,LAT,Nicholas Latifi,Williams,18,19,18,0,Accident,91.817,88.2,3.617,2.472633967,16,14.5,0,,,0.025,,0,1
2022,3,Australian Grand Prix,2022-04-10,Melbourne,LAT,Nicholas Latifi,Williams,18,19,16,0,+1 Lap,81.372,77.868,3.504,2.144148704,17,15.25,0.5,,-0.4,0.286,-2.5,0,0
2022,4,Emilia Romagna Grand Prix,2022-04-24,Imola,LAT,Nicholas Latifi,Williams,19,18,16,0,+1 Lap,81.971,78.793,3.178,2.008381628,16.66666667,14.5,0.3333333333,,-0.8,0.003,-2.666666667,0,0
2022,5,Miami Grand Prix,2022-05-08,Miami,LAT,Nicholas Latifi,Williams,19,19,14,0,Finished,91.325,88.796,2.529,1.708586218,16.66666667,14.16666667,0.25,,-0.2,0.19,-2.5,0,1
2022,6,Spanish Grand Prix,2022-05-22,Barcelona,LAT,Nicholas Latifi,Williams,19,20,16,0,+2 Laps,81.915,78.75,3.165,1.842228234,15.33333333,12.66666667,0.2,,1.2,0.323,-3,0,0
2022,7,Monaco Grand Prix,2022-05-29,Monaco,LAT,Nicholas Latifi,Williams,19,19,15,0,+1 Lap,74.403,71.376,3.027,1.544270544,15.33333333,14,0.2,,2,0.225,-3,0,1
2022,8,Azerbaijan Grand Prix,2022-06-12,Baku,LAT,Nicholas Latifi,Williams,18,18,15,0,+1 Lap,105.367,101.359,4.008,1.481705472,15,15,0,,-1.3,0.282,-3.6,0,1
2022,9,Canadian Grand Prix,2022-06-19,Montréal,LAT,Nicholas Latifi,Williams,18,19,16,0,Finished,95.66,81.299,10,1.13149452,15.33333333,15.66666667,0,,-1,0.645,-3.6,0,0
2022,10,British Grand Prix,2022-07-03,Silverstone,LAT,Nicholas Latifi,Williams,10,10,12,0,Finished,101.998,100.19,1.808,0.5568907467,15.33333333,14.83333333,0,,1.7,0,-3.8,0,0
2022,11,Austrian Grand Prix,2022-07-10,Spielberg,LAT,Nicholas Latifi,Williams,17,19,19,0,Undertray,67.003,64.984,2.019,1.412379583,14.33333333,14.66666667,0,,-0.6,0.029,-2.4,0,0
2022,12,French Grand Prix,2022-07-24,Le Castellet,LAT,Nicholas Latifi,Williams,18,20,17,0,Collision damage,93.794,90.872,2.922,1.267630675,15.66666667,15.33333333,0.2,,-0.7,0.304,-1.6,0,0
2022,13,Hungarian Grand Prix,2022-07-31,Budapest,LAT,Nicholas Latifi,Williams,19,20,18,0,+1 Lap,79.57,77.377,2.193,1.503898612,16,15.5,0.4,,0.8,0.044,-1.4,0,0
2022,14,Belgian Grand Prix,2022-08-28,Spa-Francorchamps,LAT,Nicholas Latifi,Williams,11,17,18,0,+1 Lap,106.401,103.665,2.736,0.7359544272,18,16,0.4,,-0.5,0.632,-1.2,0,0
2022,15,Dutch Grand Prix,2022-09-04,Zandvoort,LAT,Nicholas Latifi,Williams,20,20,18,0,+1 Lap,73.353,70.342,3.011,2.501156579,17.66666667,15.5,0.4,,-1,0.021,-0.4,0,0
2022,16,Italian Grand Prix,2022-09-11,Monza,LAT,Nicholas Latifi,Williams,10,16,15,0,+1 Lap,82.587,80.161,2.426,0.8759086949,18,15.5,0.4,,-0.2,0.145,-1.2,0,0
2022,17,Singapore Grand Prix,2022-10-02,Marina Bay,LAT,Nicholas Latifi,Williams,19,20,19,0,Collision damage,117.532,109.412,8.12,1.594859056,17,13.66666667,0.2,,0.7,0.022,-1.4,0,1
2022,18,Japanese Grand Prix,2022-10-09,Suzuka,LAT,Nicholas Latifi,Williams,20,20,9,2,Finished,91.511,89.304,2.207,1.352858567,17.33333333,15,0.2,,2.6,0.01,-1,0,0
2022,19,United States Grand Prix,2022-10-23,Austin,LAT,Nicholas Latifi,Williams,17,20,17,0,Finished,97.244,94.356,2.888,1.249940514,14.33333333,14.83333333,0.2,,-1.8,0.065,-2.8,0,0
2022,20,Mexico City Grand Prix,2022-10-30,Mexico City,LAT,Nicholas Latifi,Williams,18,20,18,0,+2 Laps,81.167,77.775,3.392,1.857151647,15,15.83333333,0.2,,-0.8,0.304,-3.6,0,0
2022,21,São Paulo Grand Prix,2022-11-13,São Paulo,LAT,Nicholas Latifi,Williams,18,16,16,0,Finished,75.095,71.41,3.685,1.341264761,14.66666667,14.83333333,0.2,,0.5,0,-3.6,0,0
2022,22,Abu Dhabi Grand Prix,2022-11-20,Yas Island,LAT,Nicholas Latifi,Williams,20,20,19,0,Collision damage,86.054,83.824,2.23,1.471500524,17,15.16666667,0.2,,0,0.228,-3.4,0,0
2023,13,Dutch Grand Prix,2023-08-27,Zandvoort,LAW,Liam Lawson,AlphaTauri,19,20,13,0,Finished,83.42,70.567,10,0.9823244444,,14.5,,,-0.9,0.537,,0,0
2023,14,Italian Grand Prix,2023-09-03,Monza,LAW,Liam Lawson,AlphaTauri,12,12,11,0,Finished,81.758,80.294,1.464,0.3601650033,13,13.66666667,0,,-0.3,0.013,,0,0
2023,15,Singapore Grand Prix,2023-09-17,Marina Bay,LAW,Liam Lawson,AlphaTauri,10,10,9,2,Finished,92.166,90.984,1.182,0.117798614,12,14.16666667,0,,1.8,0.072,-4,0,1
2023,16,Japanese Grand Prix,2023-09-24,Suzuka,LAW,Liam Lawson,AlphaTauri,11,11,11,0,Lapped,90.425,88.877,1.548,0.2096106827,11,14.5,0,,0.6,0.581,-3,0,0
2023,17,Qatar Grand Prix,2023-10-08,Lusail,LAW,Liam Lawson,AlphaTauri,17,18,17,0,Lapped,86.635,83.778,2.857,1.314130678,10.33333333,13.66666667,0,,-1.4,0.441,-2.25,0,0
2024,19,United States Grand Prix,2024-10-20,Austin,LAW,Liam Lawson,RB,19,15,9,2,Finished,93.339,92.33,1.009,-0.03687700722,12.33333333,16,0,,-1.1,0.031,-2,1,0
2024,20,Mexico City Grand Prix,2024-10-27,Mexico City,LAW,Liam Lawson,RB,12,12,16,0,Lapped,77.162,75.946,1.216,0.2797065281,12.33333333,14.33333333,0,,-2.1,0.225,-1.8,0,0
2024,21,São Paulo Grand Prix,2024-11-03,São Paulo,LAW,Liam Lawson,RB,5,5,9,2,Finished,84.484,83.405,1.079,-0.9472367078,14,14.83333333,0,,2.3,0.173,-0.8,0,0
2024,22,Las Vegas Grand Prix,2024-11-23,Las Vegas,LAW,Liam Lawson,RB,14,15,16,0,Finished,94.087,92.312,1.775,0.9973559959,11.33333333,12.5,0,,-2.1,0.098,0.2,0,1
2024,23,Qatar Grand Prix,2024-12-01,Lusail,LAW,Liam Lawson,RB,17,17,14,0,Finished,82.411,80.52,1.891,1.269217617,13.66666667,12.83333333,0,17,-1.5,0.055,0.4,0,0
2024,24,Abu Dhabi Grand Prix,2024-12-08,Yas Island,LAW,Liam Lawson,RB,12,12,17,0,Retired,83.472,82.595,0.877,0.2780025679,13,11.33333333,0,,1,0.209,0,0,0
2025,1,Australian Grand Prix,2025-03-16,Melbourne,LAW,Liam Lawson,Red Bull Racing,18,18,15,0,Retired,77.094,75.096,1.998,1.796547945,15.66666667,9.833333333,0,,0.5,0.084,2.2,0,0
2025,2,Chinese Grand Prix,2025-03-23,Shanghai,LAW,Liam Lawson,Red Bull Racing,20,20,12,0,Finished,92.174,90.641,1.533,1.440745389,15.33333333,10.16666667,0.2,,-0.3,0.082,0.8,0,0
2025,3,Japanese Grand Prix,2025-04-06,Suzuka,LAW,Liam Lawson,Racing Bulls,13,14,17,0,Finished,87.906,86.983,0.923,0.07520315372,14.66666667,14.66666667,0.2,11,-2,0.012,-1.6,0,0
2025,4,Bahrain Grand Prix,2025-04-13,Sakhir,LAW,Liam Lawson,Racing Bulls,17,17,16,0,Finished,92.165,89.841,2.324,1.185799228,14.66666667,14,0.2,,0.5,0.168,-1.2,0,0
2025,5,Saudi Arabian Grand Prix,2025-04-20,Jeddah,LAW,Liam Lawson,Racing Bulls,12,12,12,0,Finished,88.191,87.294,0.897,0.03771427241,15,13.5,0.2,,0.3,0.01,-0.8,0,1
2025,6,Miami Grand Prix,2025-05-04,Miami,LAW,Liam Lawson,Racing Bulls,15,15,17,0,Retired,87.363,86.204,1.159,0.6952822623,15,12.66666667,0.2,,-0.8,0.065,-1.8,0,1
2025,7,Emilia Romagna Grand Prix,2025-05-18,Imola,LAW,Liam Lawson,Racing Bulls,15,16,14,0,Finished,76.379,74.67,1.709,1.057051139,15,13.16666667,0.2,,0.3,0.034,-0.8,0,0
2025,8,Monaco Grand Prix,2025-05-25,Monaco,LAW,Liam Lawson,Racing Bulls,9,9,8,4,Lapped,71.129,69.954,1.175,-0.131430476,14.33333333,12.16666667,0.2,,-1.3,0.109,0.4,0,1
2025,9,Spanish Grand Prix,2025-06-01,Barcelona,LAW,Liam Lawson,Racing Bulls,13,13,11,0,Finished,72.763,71.546,1.217,0.4341230833,13,10.83333333,0.2,,-1,0.209,-0.4,0,0
2025,10,Canadian Grand Prix,2025-06-15,Montréal,LAW,Liam Lawson,Racing Bulls,19,19,19,0,Retired,72.525,70.899,1.626,1.157001108,11,9.166666667,0.2,,2.3,0.16,-0.6,0,0
2025,11,Austrian Grand Prix,2025-06-29,Spielberg,LAW,Liam Lawson,Racing Bulls,6,6,6,8,Finished,64.926,63.971,0.955,-0.1774075567,12.66666667,11.16666667,0.4,,1.8,0.521,-0.6,0,0
2025,12,British Grand Prix,2025-07-06,Silverstone,LAW,Liam Lawson,Racing Bulls,15,16,19,0,Retired,86.44,84.892,1.548,1.135410952,12,11.83333333,0.2,,-1.1,0.103,-1,0,0
2025,13,Belgian Grand Prix,2025-07-27,Spa-Francorchamps,LAW,Liam Lawson,Racing Bulls,9,9,8,4,Finished,101.297,100.562,0.735,-0.3567495879,14.66666667,14.83333333,0.4,,2.9,0.064,0,0,0
2025,14,Hungarian Grand Prix,2025-08-03,Budapest,LAW,Liam Lawson,Racing Bulls,9,9,8,4,Finished,75.63,75.372,0.258,-0.1405346785,11,13.66666667,0.4,,-2.3,0,0,0,0
2025,15,Dutch Grand Prix,2025-08-31,Zandvoort,LAW,Liam Lawson,Racing Bulls,8,8,12,0,Finished,69.383,68.662,0.721,-0.2259829642,11.66666667,13.83333333,0.4,13,-3.4,0.012,0.2,0,0
2025,16,Italian Grand Prix,2025-09-07,Monza,LAW,Liam Lawson,Racing Bulls,18,20,14,0,Finished,80.279,78.792,1.487,1.922511874,9.333333333,10.33333333,0.2,11,0.2,0.077,1,0,0
2025,17,Azerbaijan Grand Prix,2025-09-21,Baku,LAW,Liam Lawson,Racing Bulls,3,3,5,10,Finished,101.537,101.117,0.42,-0.6469649525,11.33333333,9.666666667,0.2,,1.6,0.478,-0.2,0,1
2025,18,Singapore Grand Prix,2025-10-05,Marina Bay,LAW,Liam Lawson,Racing Bulls,12,12,15,0,Lapped,90.32,89.158,1.162,0.3156312285,10.33333333,9,0,9,-0.7,0.182,-0.4,0,1
2025,19,United States Grand Prix,2025-10-19,Austin,LAW,Liam Lawson,Racing Bulls,12,12,11,0,Finished,93.36,92.51,0.85,-0.07230989217,11.33333333,10.83333333,0,9,2.2,0.291,0.4,0,0
2025,20,Mexico City Grand Prix,2025-10-26,Mexico City,LAW,Liam Lawson,Racing Bulls,15,15,20,0,Retired,76.961,75.586,1.375,0.4575817066,10.33333333,11.33333333,0,16,0,0.262,0.4,0,0
2025,21,São Paulo Grand Prix,2025-11-09,São Paulo,LAW,Liam Lawson,Racing Bulls,7,7,7,6,Finished,69.95,69.511,0.439,-0.2708337648,15.33333333,14.33333333,0.2,9,-0.7,0.174,0.6,0,0
2025,22,Las Vegas Grand Prix,2025-11-22,Las Vegas,LAW,Liam Lawson,Racing Bulls,6,6,14,0,Lapped,109.062,107.934,1.128,-0.9022153409,12.66666667,12.5,0.2,16,-2.7,0.323,1.8,0,1
2025,23,Qatar Grand Prix,2025-11-30,Lusail,LAW,Liam Lawson,Racing Bulls,12,12,9,2,Finished,80.433,79.387,1.046,0.2212371896,13.66666667,11.33333333,0.2,15.5,2.7,0.108,3,0,0
2025,24,Abu Dhabi Grand Prix,2025-12-07,Yas Island,LAW,Liam Lawson,Racing Bulls,13,13,18,0,Lapped,83.077,82.207,0.87,0.205759776,10,10.33333333,0.2,17,1.7,0.201,1.8,0,0
2026,1,Australian Grand Prix,2026-03-08,Melbourne,LAW,Liam Lawson,Racing Bulls,8,8,13,0,Lapped,79.994,78.518,1.476,-0.2607453983,13.66666667,13.66666667,0.2,15,0.7,0.293,3,0,0
2026,2,Chinese Grand Prix,2026-03-15,Shanghai,LAW,Liam Lawson,Racing Bulls,14,14,7,6,Finished,93.765,92.064,1.701,0.08153092064,13.33333333,13.83333333,0,12,-0.6,0.222,3,0,0
2026,3,Japanese Grand Prix,2026-03-29,Suzuka,LAW,Liam Lawson,Racing Bulls,14,14,9,2,Finished,90.495,88.778,1.717,0.02301053009,12.66666667,12.5,0,14,-1.8,0.298,1.6,0,0
2026,4,Miami Grand Prix,2026-05-03,Miami,LAW,Liam Lawson,Racing Bulls,11,11,20,0,Retired,89.499,87.798,1.701,-0.0631694992,9.666666667,10.5,0,17,1.4,0.166,-1,0,1
2026,5,Canadian Grand Prix,2026-05-24,Montréal,LAW,Liam Lawson,Racing Bulls,12,12,7,6,Lapped,73.897,72.578,1.319,-0.04701815859,12,12.66666667,0.2,19,1.5,0.068,1.4,0,0
2026,6,Monaco Grand Prix,2026-06-07,Monaco,LAW,Liam Lawson,Racing Bulls,10,10,5,10,Finished,73.412,72.051,1.361,-0.2281185043,12,14.33333333,0.2,8,0.3,0.043,-0.6,0,1
2026,7,Barcelona Grand Prix,2026-06-14,Barcelona,LAW,Liam Lawson,Racing Bulls,8,8,8,4,Lapped,75.585,74.679,0.906,-0.4814082556,10.66666667,12.33333333,0.2,11,-1.8,0.064,-2.6,0,0
2026,8,Austrian Grand Prix,2026-06-28,Spielberg,LAW,Liam Lawson,Racing Bulls,9,9,9,2,Lapped,66.955,66.113,0.842,-0.4814091651,6.666666667,9.5,0.2,6,-2.3,0.236,-1.2,0,0
2026,9,British Grand Prix,2026-07-05,Silverstone,LAW,Liam Lawson,Racing Bulls,10,10,6,8,Finished,89.3,88.111,1.189,-0.4584487419,7.333333333,7.833333333,0.2,19,0.9,0.175,-0.2,0,0
2026,10,Belgian Grand Prix,2026-07-19,Spa-Francorchamps,LAW,Liam Lawson,Racing Bulls,9,11,12,0,Finished,106.12,104.361,1.759,-0.1516925965,7.666666667,8.166666667,0,8,-0.7,0.317,-2.8,0,0
2026,11,Hungarian Grand Prix,2026-07-26,Budapest,LAW,Liam Lawson,Racing Bulls,11,11,8,4,Lapped,78.765,77.207,1.558,-0.1386188729,9,8.833333333,0,8,0.4,0.012,-1.6,0,0
2026,12,Dutch Grand Prix,2026-08-23,Zandvoort,LAW,Liam Lawson,Red Bull Racing,8,8,7,6,Finished,71.733,71.163,0.57,-0.7803929454,8.666666667,7,0,12.5,-3.6,0.102,-1.2,0,0
2026,13,Italian Grand Prix,2026-09-06,Monza,LAW,Liam Lawson,Red Bull Racing,22,14,14,0,Finished,82.821,81.786,1.035,-0.1319929698,9,7.666666667,0,12.5,3.9,0.06,-1.4,1,0
2026,14,Spanish Grand Prix,2026-09-13,Madrid,LAW,Liam Lawson,Red Bull Racing,8,8,6,8,Finished,92.316,91.824,0.492,-0.7117146416,9.666666667,9,0,,0.9,0.011,-1.4,0,1
2026,15,Azerbaijan Grand Prix,2026-09-26,Baku,LAW,Liam Lawson,Racing Bulls,11,12,12,0,Finished,104.86,102.526,2.334,-0.03892489986,9,10.66666667,0,5,0.7,0.837,-1,0,1
2026,16,Bahrain Grand Prix,2026-10-04,Kuala Lumpur,LAW,Liam Lawson,Racing Bulls,11,11,7,6,Finished,97.023,95.13,1.893,0.06655223405,10.66666667,10,0,,-0.3,0.298,-1.2,0,0
2022,1,Bahrain Grand Prix,2022-03-20,Sakhir,LEC,Charles Leclerc,Ferrari,1,1,1,26,Finished,90.558,90.558,0,-1.475311963,,,,,,0.123,,0,0
2022,2,Saudi Arabian Grand Prix,2022-03-27,Jeddah,LEC,Charles Leclerc,Ferrari,2,2,2,19,Finished,88.225,88.2,0.025,-1.422938945,1,1.5,0,,,0.025,,0,1
2022,3,Australian Grand Prix,2022-04-10,Melbourne,LEC,Charles Leclerc,Ferrari,1,1,1,26,Finished,77.868,77.868,0,-1.502706267,1.5,2,0,,,0.286,0,0,0
2022,4,Emilia Romagna Grand Prix,2022-04-24,Imola,LEC,Charles Leclerc,Ferrari,2,2,6,8,Finished,78.796,78.793,0.003,-1.376610038,1.333333333,4.833333333,0,,3.5,0.003,0,0,0
2022,5,Miami Grand Prix,2022-05-08,Miami,LEC,Charles Leclerc,Ferrari,1,1,2,18,Finished,88.796,88.796,0,-1.556058142,3,8.666666667,0,,3.9,0.19,1,0,1
2022,6,Spanish Grand Prix,2022-05-22,Barcelona,LEC,Charles Leclerc,Ferrari,1,1,20,0,Turbo,78.75,78.75,0,-1.678378209,3,8.666666667,0,,-3.8,0.323,1,0,0
2022,7,Monaco Grand Prix,2022-05-29,Monaco,LEC,Charles Leclerc,Ferrari,1,1,4,12,Finished,71.376,71.376,0,-1.354738378,9.333333333,9.166666667,0.2,,-1.4,0.225,4.8,0,1
2022,8,Azerbaijan Grand Prix,2022-06-12,Baku,LEC,Charles Leclerc,Ferrari,1,1,19,0,Power Unit,101.359,101.359,0,-1.614095775,8.666666667,5.833333333,0.2,,-1.8,0.282,5.4,0,1
2022,9,Canadian Grand Prix,2022-06-19,Montréal,LEC,Charles Leclerc,Ferrari,19,15,5,10,Finished,93.008,81.299,10,1.13149452,14.33333333,11.5,0.4,,4.7,0.645,9,1,0
2022,10,British Grand Prix,2022-07-03,Silverstone,LEC,Charles Leclerc,Ferrari,3,3,4,12,Finished,99.846,100.19,0,-1.329318452,9.333333333,8.666666667,0.4,,-1.4,0,6.2,0,0
2022,11,Austrian Grand Prix,2022-07-10,Spielberg,LEC,Charles Leclerc,Ferrari,2,2,1,25,Finished,65.013,64.984,0.029,-1.648147852,9.333333333,8.5,0.4,,-3.9,0.029,6.2,0,0
2022,12,French Grand Prix,2022-07-24,Le Castellet,LEC,Charles Leclerc,Ferrari,1,1,19,0,Accident,90.872,90.872,0,-1.835470596,3.333333333,5.166666667,0.2,,2.9,0.304,2.2,0,0
2022,13,Hungarian Grand Prix,2022-07-31,Budapest,LEC,Charles Leclerc,Ferrari,3,3,6,8,Finished,77.567,77.377,0.19,-1.213565457,8,8,0.4,,2.6,0.044,5.2,0,0
2022,14,Belgian Grand Prix,2022-08-28,Spa-Francorchamps,LEC,Charles Leclerc,Ferrari,15,4,6,8,Finished,104.551,103.665,0.886,-1.181133281,8.666666667,8.833333333,0.2,,-4.1,0.632,2.2,1,0
2022,15,Dutch Grand Prix,2022-09-04,Zandvoort,LEC,Charles Leclerc,Ferrari,2,2,3,15,Finished,70.363,70.342,0.021,-1.459996085,10.33333333,7.166666667,0.2,,-0.4,0.021,4.6,0,0
2022,16,Italian Grand Prix,2022-09-11,Monza,LEC,Charles Leclerc,Ferrari,1,1,2,18,Finished,80.161,80.161,0,-2.051227463,5,5,0.2,,0.5,0.145,4.6,0,0
2022,17,Singapore Grand Prix,2022-10-02,Marina Bay,LEC,Charles Leclerc,Ferrari,1,1,2,18,Finished,109.412,109.412,0,-1.266380319,3.666666667,4.333333333,0.2,,0.1,0.022,5,0,1
2022,18,Japanese Grand Prix,2022-10-09,Suzuka,LEC,Charles Leclerc,Ferrari,2,2,3,15,Finished,89.314,89.304,0.01,-1.738223823,2.333333333,3.666666667,0,,-1,0.01,1.6,0,0
2022,19,United States Grand Prix,2022-10-23,Austin,LEC,Charles Leclerc,Ferrari,12,2,3,15,Finished,94.421,94.356,0.065,-1.532085008,2.333333333,5.5,0,,3.1,0.065,1.2,1,0
2022,20,Mexico City Grand Prix,2022-10-30,Mexico City,LEC,Charles Leclerc,Ferrari,7,7,6,8,Finished,78.555,77.775,0.78,-0.6947343556,2.666666667,8.333333333,0,,3.4,0.304,1,0,0
2022,21,São Paulo Grand Prix,2022-11-13,São Paulo,LEC,Charles Leclerc,Ferrari,5,10,4,12,Finished,70.95,71.41,0,-0.64725313,4,9.333333333,0,,-2.5,0,0.6,0,0
2022,22,Abu Dhabi Grand Prix,2022-11-20,Yas Island,LEC,Charles Leclerc,Ferrari,3,3,2,18,Finished,84.092,83.824,0.268,-1.376845992,4.333333333,6.833333333,0,,-3.6,0.228,-0.8,0,0
2023,1,Bahrain Grand Prix,2023-03-05,Sakhir,LEC,Charles Leclerc,Ferrari,3,3,19,0,Retired,90,89.708,0.292,-1.28248971,4,4,0,1,-0.4,0.138,-1.2,0,0
2023,2,Saudi Arabian Grand Prix,2023-03-19,Jeddah,LEC,Charles Leclerc,Ferrari,12,2,7,6,Finished,88.42,88.265,0.155,-0.6351290892,8.333333333,6,0.2,2,1.9,0.155,1.8,1,1
2023,3,Australian Grand Prix,2023-04-02,Melbourne,LEC,Charles Leclerc,Ferrari,7,7,20,0,Retired,77.369,76.732,0.637,-0.6250687674,9.333333333,7,0.2,1,-0.8,0.236,2.6,0,0
2023,4,Azerbaijan Grand Prix,2023-04-30,Baku,LEC,Charles Leclerc,Ferrari,1,1,3,15,Finished,100.203,100.203,0,-0.9267282233,15.33333333,11.33333333,0.4,19,2.9,0.188,5.4,0,1
2023,5,Miami Grand Prix,2023-05-07,Miami,LEC,Charles Leclerc,Ferrari,7,7,7,6,Finished,86.964,86.841,0.123,-1.384627526,10,8.833333333,0.4,2,-1.9,0.256,7,0,1
2023,6,Monaco Grand Prix,2023-05-28,Monaco,LEC,Charles Leclerc,Ferrari,6,3,6,8,Finished,71.471,71.365,0.106,-1.180232353,10,8.666666667,0.4,4,-1,0.084,7.2,1,1
2023,7,Spanish Grand Prix,2023-06-04,Barcelona,LEC,Charles Leclerc,Ferrari,19,19,11,0,Finished,74.079,72.272,1.807,1.18435101,5.333333333,5.666666667,0.2,20,0.5,0.462,4.6,0,0
2023,8,Canadian Grand Prix,2023-06-18,Montréal,LEC,Charles Leclerc,Ferrari,10,11,4,12,Finished,80.615,79.092,1.523,-0.2667005716,8,7,0.2,5,0.5,1.213,2,0,0
2023,9,Austrian Grand Prix,2023-07-02,Spielberg,LEC,Charles Leclerc,Ferrari,2,2,2,18,Finished,64.439,64.391,0.048,-1.567280604,7,6.5,0,1,-1.3,0.048,-2,0,0
2023,10,British Grand Prix,2023-07-09,Silverstone,LEC,Charles Leclerc,Ferrari,4,4,9,2,Finished,87.136,86.72,0.416,-0.9096010591,5.666666667,5.5,0,4,0,0.241,-2.4,0,0
2023,11,Hungarian Grand Prix,2023-07-23,Budapest,LEC,Charles Leclerc,Ferrari,6,6,7,6,Finished,76.992,76.609,0.383,-0.7740408757,5,6,0,6,1.7,0.003,-1.4,0,0
2023,12,Belgian Grand Prix,2023-07-30,Spa-Francorchamps,LEC,Charles Leclerc,Ferrari,1,2,3,15,Finished,106.988,106.168,0.82,-1.045926308,6,7,0,6,0.2,0.82,-1.8,0,0
2023,13,Dutch Grand Prix,2023-08-27,Zandvoort,LEC,Charles Leclerc,Ferrari,9,9,19,0,Undertray,72.665,70.567,2.098,-0.8072612062,6.333333333,9.333333333,0,3,1.4,0.537,0,0,0
2023,14,Italian Grand Prix,2023-09-03,Monza,LEC,Charles Leclerc,Ferrari,3,3,4,12,Finished,80.361,80.294,0.067,-1.277428193,9.666666667,10.16666667,0.2,2,1,0.013,3.4,0,0
2023,15,Singapore Grand Prix,2023-09-17,Marina Bay,LEC,Charles Leclerc,Ferrari,3,3,4,12,Finished,91.063,90.984,0.079,-1.324286527,8.666666667,8.833333333,0.2,2,-4.7,0.072,3.6,0,1
2023,16,Japanese Grand Prix,2023-09-24,Suzuka,LEC,Charles Leclerc,Ferrari,4,4,4,12,Finished,89.542,88.877,0.665,-1.064533674,9,6,0.2,3,-0.8,0.581,2.8,0,0
2023,17,Qatar Grand Prix,2023-10-08,Lusail,LEC,Charles Leclerc,Ferrari,5,5,5,10,Finished,84.424,83.778,0.646,-0.8576695457,4,3.666666667,0.2,,0.6,0.441,2.6,0,0
2023,18,United States Grand Prix,2023-10-22,Austin,LEC,Charles Leclerc,Ferrari,1,1,20,0,Disqualified,94.723,94.723,0,-1.351288785,4.333333333,6.666666667,0.2,3,3.9,0.13,2.4,0,0
2023,19,Mexico City Grand Prix,2023-10-29,Mexico City,LEC,Charles Leclerc,Ferrari,1,1,3,15,Finished,77.166,77.166,0,-1.066888569,9.666666667,9.666666667,0,6,0.9,0.067,4.2,0,0
2023,20,São Paulo Grand Prix,2023-11-05,São Paulo,LEC,Charles Leclerc,Ferrari,2,2,20,0,Did not start,70.303,70.162,0.141,-0.6749489238,9.333333333,9.166666667,0,4,-4.9,0.141,4.4,0,0
2023,21,Las Vegas Grand Prix,2023-11-18,Las Vegas,LEC,Charles Leclerc,Ferrari,1,1,2,18,Finished,92.726,92.726,0,-1.32335066,14.33333333,9.333333333,0.2,,2.3,0.044,7.8,0,1
2023,22,Abu Dhabi Grand Prix,2023-11-26,Yas Island,LEC,Charles Leclerc,Ferrari,2,2,2,18,Finished,83.584,83.445,0.139,-1.418426376,8.333333333,6.833333333,0.2,2,-1.4,0.139,8,0,0
2024,1,Bahrain Grand Prix,2024-03-02,Sakhir,LEC,Charles Leclerc,Ferrari,2,2,4,12,Finished,89.165,89.179,0,-1.461540498,8,9,0.2,10,2.4,0,8,0,0
2024,2,Saudi Arabian Grand Prix,2024-03-09,Jeddah,LEC,Charles Leclerc,Ferrari,2,2,3,16,Finished,87.791,87.472,0.319,-1.247711737,2.666666667,5.833333333,0.2,4.5,-0.5,0.319,4.6,0,1
2024,3,Australian Grand Prix,2024-03-24,Melbourne,LEC,Charles Leclerc,Ferrari,4,5,2,19,Finished,76.304,75.915,0.389,-1.006909259,3,6.166666667,0.2,10.5,-2.7,0.27,4.4,0,0
2024,4,Japanese Grand Prix,2024-04-07,Suzuka,LEC,Charles Leclerc,Ferrari,8,8,4,12,Finished,88.786,88.197,0.589,-0.7440580726,3,3.333333333,0,3.5,-0.9,0.066,0.2,0,0
2024,5,Chinese Grand Prix,2024-04-21,Shanghai,LEC,Charles Leclerc,Ferrari,6,6,4,12,Finished,94.289,93.66,0.629,-0.7825355895,3,3.333333333,0,,0.2,0.322,-0.8,0,0
2024,6,Miami Grand Prix,2024-05-05,Miami,LEC,Charles Leclerc,Ferrari,2,2,3,15,Finished,87.382,87.241,0.141,-1.426971478,3.333333333,3.166666667,0,4.5,0.8,0.141,-1.2,0,1
2024,7,Emilia Romagna Grand Prix,2024-05-19,Imola,LEC,Charles Leclerc,Ferrari,3,4,3,15,Finished,74.97,74.746,0.224,-1.08540825,3.666666667,4,0,6,0.3,0.074,-1.4,0,0
2024,8,Monaco Grand Prix,2024-05-26,Monaco,LEC,Charles Leclerc,Ferrari,1,1,1,25,Finished,70.27,70.27,0,-1.285004452,3.333333333,4.166666667,0,5,0,0.154,-1.8,0,1
2024,9,Canadian Grand Prix,2024-06-09,Montréal,LEC,Charles Leclerc,Ferrari,11,11,19,0,Retired,72.691,71.742,0.949,-0.02066850868,2.333333333,3.333333333,0,4.5,-0.6,0.258,-1.2,0,0
2024,10,Spanish Grand Prix,2024-06-23,Barcelona,LEC,Charles Leclerc,Ferrari,5,5,5,10,Finished,71.731,71.383,0.348,-0.8507802424,7.666666667,7.833333333,0.2,15.5,4,0.02,1.2,0,0
2024,11,Austrian Grand Prix,2024-06-30,Spielberg,LEC,Charles Leclerc,Ferrari,6,6,11,0,Finished,65.044,64.314,0.73,-0.5448890554,8.333333333,8.333333333,0.2,1.5,-0.8,0.404,1.6,0,0
2024,12,British Grand Prix,2024-07-07,Silverstone,LEC,Charles Leclerc,Ferrari,11,11,14,0,Lapped,87.097,85.819,1.278,-0.4284672807,11.66666667,10,0.2,6.5,-2,0.171,2.4,0,0
2024,13,Hungarian Grand Prix,2024-07-21,Budapest,LEC,Charles Leclerc,Ferrari,6,6,4,12,Finished,75.891,75.227,0.664,-0.6164312366,10,7.333333333,0.2,6.5,0.1,0.022,3.2,0,0
2024,14,Belgian Grand Prix,2024-07-28,Spa-Francorchamps,LEC,Charles Leclerc,Ferrari,1,2,3,15,Finished,113.754,113.159,0.595,-0.8831393641,9.666666667,7.166666667,0.2,4.5,-0.4,0.595,2.8,0,0
2024,15,Dutch Grand Prix,2024-08-25,Zandvoort,LEC,Charles Leclerc,Ferrari,6,6,3,15,Finished,70.582,69.673,0.909,-0.4588294939,7,6.333333333,0,11,0.1,0.356,1.4,0,0
2024,16,Italian Grand Prix,2024-09-01,Monza,LEC,Charles Leclerc,Ferrari,4,4,1,25,Finished,79.461,79.327,0.134,-1.19658959,3.333333333,4.5,0,3,-0.2,0.109,0.8,0,0
2024,17,Azerbaijan Grand Prix,2024-09-15,Baku,LEC,Charles Leclerc,Ferrari,1,1,2,18,Finished,101.365,101.365,0,-1.609947605,2.333333333,3.666666667,0,11,-0.6,0.321,-0.8,0,1
2024,18,Singapore Grand Prix,2024-09-22,Marina Bay,LEC,Charles Leclerc,Ferrari,9,9,5,10,Finished,89.747,89.525,0.222,-1.018838606,2,5.5,0,3,2.7,0.155,-1.2,0,1
2024,19,United States Grand Prix,2024-10-20,Austin,LEC,Charles Leclerc,Ferrari,4,4,1,25,Finished,92.74,92.33,0.41,-1.04093734,2.666666667,6.166666667,0,11.5,0.9,0.031,-1.6,0,0
2024,20,Mexico City Grand Prix,2024-10-27,Mexico City,LEC,Charles Leclerc,Ferrari,4,4,3,16,Finished,76.265,75.946,0.319,-1.274314876,2.666666667,5.833333333,0,4.5,-3.6,0.225,-2.4,0,0
2024,21,São Paulo Grand Prix,2024-11-03,São Paulo,LEC,Charles Leclerc,Ferrari,6,6,5,10,Finished,84.525,83.405,1.12,-0.9339216465,3,3.166666667,0,12,-1,0.173,-2,0,0
2024,22,Las Vegas Grand Prix,2024-11-23,Las Vegas,LEC,Charles Leclerc,Ferrari,4,4,4,12,Finished,92.783,92.312,0.471,-0.807086902,3,4.666666667,0,2,3,0.098,-1.6,0,1
2024,23,Qatar Grand Prix,2024-12-01,Lusail,LEC,Charles Leclerc,Ferrari,5,5,2,18,Finished,80.852,80.52,0.332,-0.9668658556,4,5.333333333,0,5,0.3,0.055,-1.8,0,0
2024,24,Abu Dhabi Grand Prix,2024-12-08,Yas Island,LEC,Charles Leclerc,Ferrari,19,14,3,15,Finished,83.302,82.595,0.707,-0.1082699008,3.666666667,6,0,2,-2.2,0.209,-1.6,1,0
2025,1,Australian Grand Prix,2025-03-16,Melbourne,LEC,Charles Leclerc,Ferrari,7,7,8,4,Finished,75.755,75.096,0.659,-0.5493934535,3,3.333333333,0,7.666666667,1.2,0.084,-3.2,0,0
2025,2,Chinese Grand Prix,2025-03-23,Shanghai,LEC,Charles Leclerc,Ferrari,6,6,18,0,Disqualified,91.021,90.641,0.38,-0.7923228104,4.333333333,5.166666667,0,4,3.8,0.082,-2.8,0,0
2025,3,Japanese Grand Prix,2025-04-06,Suzuka,LEC,Charles Leclerc,Ferrari,4,4,4,12,Finished,87.299,86.983,0.316,-0.8621338957,9.666666667,10,0.2,3.666666667,0.4,0.012,-0.2,0,0
2025,4,Bahrain Grand Prix,2025-04-13,Sakhir,LEC,Charles Leclerc,Ferrari,2,3,4,12,Finished,90.175,89.841,0.334,-1.103210825,10,11,0.2,8,-4.2,0.168,-0.2,0,0
2025,5,Saudi Arabian Grand Prix,2025-04-20,Jeddah,LEC,Charles Leclerc,Ferrari,4,4,3,15,Finished,87.67,87.294,0.376,-0.8394792956,8.666666667,9.5,0.2,4,0,0.01,0.6,0,1
2025,6,Miami Grand Prix,2025-05-04,Miami,LEC,Charles Leclerc,Ferrari,8,8,7,6,Finished,86.754,86.204,0.55,-0.393078868,3.666666667,5,0.2,4,0.5,0.065,2.6,0,1
2025,7,Emilia Romagna Grand Prix,2025-05-18,Imola,LEC,Charles Leclerc,Ferrari,11,11,6,8,Finished,75.604,74.67,0.934,-0.1080868221,4.666666667,5.666666667,0.2,4.5,-0.2,0.034,2.2,0,0
2025,8,Monaco Grand Prix,2025-05-25,Monaco,LEC,Charles Leclerc,Ferrari,2,2,2,18,Finished,70.063,69.954,0.109,-1.490352759,5.333333333,5.833333333,0,3.666666667,-0.7,0.109,-1.2,0,1
2025,9,Spanish Grand Prix,2025-06-01,Barcelona,LEC,Charles Leclerc,Ferrari,7,7,3,15,Finished,72.131,71.546,0.585,-0.6230559847,5,5.333333333,0,12,0,0.209,-1.2,0,0
2025,10,Canadian Grand Prix,2025-06-15,Montréal,LEC,Charles Leclerc,Ferrari,8,8,5,10,Finished,71.626,70.899,0.727,-0.5299012536,3.666666667,4.333333333,0,9.333333333,0.3,0.16,-2.2,0,0
2025,11,Austrian Grand Prix,2025-06-29,Spielberg,LEC,Charles Leclerc,Ferrari,2,2,3,15,Finished,64.492,63.971,0.521,-1.255767215,3.333333333,4.5,0,4.666666667,-0.2,0.521,-2.6,0,0
2025,12,British Grand Prix,2025-07-06,Silverstone,LEC,Charles Leclerc,Ferrari,6,6,14,0,Finished,85.121,84.892,0.229,-0.9707799568,3.666666667,4.5,0,9,-0.6,0.103,-2.2,0,0
2025,13,Belgian Grand Prix,2025-07-27,Spa-Francorchamps,LEC,Charles Leclerc,Ferrari,3,3,3,15,Finished,100.9,100.562,0.338,-1.097296445,7.333333333,6,0,4,1.7,0.064,0.4,0,0
2025,14,Hungarian Grand Prix,2025-08-03,Budapest,LEC,Charles Leclerc,Ferrari,1,1,4,12,Finished,75.372,75.372,0,-1.093437361,6.666666667,5.833333333,0,5.666666667,0.5,0,0.4,0,0
2025,15,Dutch Grand Prix,2025-08-31,Zandvoort,LEC,Charles Leclerc,Ferrari,6,6,19,0,Retired,69.304,68.662,0.642,-0.3941537273,7,7.333333333,0,8.333333333,2.7,0.012,1.8,0,0
2025,16,Italian Grand Prix,2025-09-07,Monza,LEC,Charles Leclerc,Ferrari,4,4,4,12,Finished,79.007,78.792,0.215,-1.072509686,8.666666667,10.83333333,0.2,2.333333333,0.3,0.077,5,0,0
2025,17,Azerbaijan Grand Prix,2025-09-21,Baku,LEC,Charles Leclerc,Ferrari,10,10,9,2,Finished,101.458,101.117,0.341,-0.7557344859,9,10.83333333,0.2,8,-3.9,0.478,4.8,0,1
2025,18,Singapore Grand Prix,2025-10-05,Marina Bay,LEC,Charles Leclerc,Ferrari,7,7,6,8,Finished,89.784,89.158,0.626,-0.5166207782,10.66666667,11,0.2,3.666666667,0.9,0.182,3,0,1
2025,19,United States Grand Prix,2025-10-19,Austin,LEC,Charles Leclerc,Ferrari,3,3,3,15,Finished,92.807,92.51,0.297,-0.9598800289,6.333333333,6.833333333,0.2,8,-1.1,0.291,2.8,0,0
2025,20,Mexico City Grand Prix,2025-10-26,Mexico City,LEC,Charles Leclerc,Ferrari,2,2,2,18,Finished,75.848,75.586,0.262,-1.209210764,6,6.333333333,0.2,4,-0.3,0.262,2.2,0,0
2025,21,São Paulo Grand Prix,2025-11-09,São Paulo,LEC,Charles Leclerc,Ferrari,3,3,19,0,Retired,69.801,69.511,0.29,-0.7444164629,3.666666667,5.166666667,0,9.666666667,2.7,0.174,-0.4,0,0
2025,22,Las Vegas Grand Prix,2025-11-22,Las Vegas,LEC,Charles Leclerc,Ferrari,9,9,4,12,Finished,109.872,107.934,1.938,-0.6545765594,8,9,0.2,3,1.7,0.323,2.8,0,1
2025,23,Qatar Grand Prix,2025-11-30,Lusail,LEC,Charles Leclerc,Ferrari,10,10,8,4,Finished,80.343,79.387,0.956,0.04456152798,8.333333333,9.833333333,0.2,3.5,-2.7,0.108,2,0,0
2025,24,Abu Dhabi Grand Prix,2025-12-07,Yas Island,LEC,Charles Leclerc,Ferrari,5,5,4,12,Finished,82.73,82.207,0.523,-0.6518815726,10.33333333,11.5,0.2,2.333333333,0.4,0.201,1.8,0,0
2026,1,Australian Grand Prix,2026-03-08,Melbourne,LEC,Charles Leclerc,Ferrari,4,4,3,15,Finished,79.327,78.518,0.809,-0.7974396377,5.333333333,7.333333333,0.2,7.75,-2,0.293,1.6,0,0
2026,2,Chinese Grand Prix,2026-03-15,Shanghai,LEC,Charles Leclerc,Ferrari,4,4,4,12,Finished,92.428,92.064,0.364,-0.9566294688,5,6.5,0.2,11,-1.1,0.222,1.4,0,0
2026,3,Japanese Grand Prix,2026-03-29,Suzuka,LEC,Charles Leclerc,Ferrari,4,4,3,15,Finished,89.303,88.778,0.525,-0.9843820261,3.666666667,4.333333333,0,3.75,0.5,0.298,-1.8,0,0
2026,4,Miami Grand Prix,2026-05-03,Miami,LEC,Charles Leclerc,Ferrari,3,3,8,4,Finished,88.143,87.798,0.345,-0.9334233256,3.333333333,3.833333333,0,4.75,0.5,0.166,-1,0,1
2026,5,Canadian Grand Prix,2026-05-24,Montréal,LEC,Charles Leclerc,Ferrari,8,8,4,12,Finished,72.976,72.578,0.398,-0.8536921039,5,5,0,8.25,-0.3,0.068,0.4,0,0
2026,6,Monaco Grand Prix,2026-06-07,Monaco,LEC,Charles Leclerc,Ferrari,4,4,17,0,Retired,72.351,72.051,0.3,-1.112186598,5,4.833333333,0,3.25,-1.2,0.043,-0.2,0,1
2026,7,Barcelona Grand Prix,2026-06-14,Barcelona,LEC,Charles Leclerc,Ferrari,10,10,15,0,Retired,75.281,74.679,0.602,-0.7233423114,9.666666667,6.5,0.2,9.75,1.1,0.064,2.6,0,0
2026,8,Austrian Grand Prix,2026-06-28,Spielberg,LEC,Charles Leclerc,Ferrari,2,2,8,4,Finished,66.349,66.113,0.236,-0.9844775919,12,6.833333333,0.2,4.25,0.4,0.236,3.6,0,0
2026,9,British Grand Prix,2026-07-05,Silverstone,LEC,Charles Leclerc,Ferrari,2,2,1,25,Finished,88.286,88.111,0.175,-1.177652296,13.33333333,8,0.2,10.25,-0.3,0.175,5,0,0
2026,10,Belgian Grand Prix,2026-07-19,Spa-Francorchamps,LEC,Charles Leclerc,Ferrari,4,5,2,18,Finished,104.893,104.361,0.532,-0.9056587078,8,5.5,0.2,3.75,-0.9,0.317,3.8,0,0
2026,11,Hungarian Grand Prix,2026-07-26,Budapest,LEC,Charles Leclerc,Ferrari,2,3,4,12,Finished,77.445,77.207,0.238,-1.122606179,3.666666667,3.833333333,0.2,5.25,0.5,0.012,4,0,0
2026,12,Dutch Grand Prix,2026-08-23,Zandvoort,LEC,Charles Leclerc,Ferrari,6,6,5,10,Finished,71.558,71.163,0.395,-0.9422042788,2.333333333,3.166666667,0,11,0.2,0.102,1.6,0,0
2026,13,Italian Grand Prix,2026-09-06,Monza,LEC,Charles Leclerc,Ferrari,3,4,22,0,Retired,82.004,81.786,0.218,-0.8513506527,3.666666667,4,0,2.75,0.3,0.06,0.4,0,0
2026,14,Spanish Grand Prix,2026-09-13,Madrid,LEC,Charles Leclerc,Ferrari,5,5,4,12,Finished,92.019,91.824,0.195,-0.8872496429,10.33333333,7.666666667,0.2,,5.3,0.011,2.8,0,1
2026,15,Azerbaijan Grand Prix,2026-09-26,Baku,LEC,Charles Leclerc,Ferrari,2,2,4,12,Finished,103.363,102.526,0.837,-1.086271838,10.33333333,10.5,0.2,8.25,-1.8,0.837,2.8,0,1
2026,16,Bahrain Grand Prix,2026-10-04,Kuala Lumpur,LEC,Charles Leclerc,Ferrari,4,5,4,12,Finished,95.666,95.13,0.536,-1.066201697,10,10.66666667,0.2,,-3.8,0.298,3.8,0,0
2026,1,Australian Grand Prix,2026-03-08,Melbourne,LIN,Arvid Lindblad,Racing Bulls,9,9,8,4,Lapped,79.971,78.518,1.453,-0.2792520962,,13.66666667,,,-0.1,0.293,,0,0
2026,2,Chinese Grand Prix,2026-03-15,Shanghai,LIN,Arvid Lindblad,Racing Bulls,15,15,12,0,Lapped,93.784,92.064,1.72,0.09628413485,8,13.83333333,0,,-3,0.222,,0,0
2026,3,Japanese Grand Prix,2026-03-29,Suzuka,LIN,Arvid Lindblad,Racing Bulls,10,10,14,0,Finished,90.109,88.778,1.331,-0.3032088715,10,12.5,0,,-0.4,0.298,-2,0,0
2026,4,Miami Grand Prix,2026-05-03,Miami,LIN,Arvid Lindblad,Racing Bulls,16,16,14,0,Lapped,90.133,87.798,2.335,0.3437190892,11.33333333,10.5,0,,2.8,0.166,0,0,1
2026,5,Canadian Grand Prix,2026-05-24,Montréal,LIN,Arvid Lindblad,Racing Bulls,9,9,22,0,Did not start,73.28,72.578,0.702,-0.5874283912,13.33333333,12.66666667,0,,-0.4,0.068,-0.5,0,0
2026,6,Monaco Grand Prix,2026-06-07,Monaco,LIN,Arvid Lindblad,Racing Bulls,15,15,6,8,Finished,74.248,72.051,2.197,0.4684704931,16.66666667,14.33333333,0.2,,-2.2,0.043,2.2,0,1
2026,7,Barcelona Grand Prix,2026-06-14,Barcelona,LIN,Arvid Lindblad,Racing Bulls,11,11,9,2,Lapped,75.84,74.679,1.161,-0.2784701497,14,12.33333333,0.2,,-1.4,0.064,0.6,0,0
2026,8,Austrian Grand Prix,2026-06-28,Spielberg,LIN,Arvid Lindblad,Racing Bulls,10,10,10,1,Lapped,67.007,66.113,0.894,-0.4382415773,12.33333333,9.5,0.2,,1.1,0.236,0.8,0,0
2026,9,British Grand Prix,2026-07-05,Silverstone,LIN,Arvid Lindblad,Racing Bulls,9,9,7,6,Finished,89.305,88.111,1.194,-0.4549023733,8.333333333,7.833333333,0.2,,-0.3,0.175,0,0,0
2026,10,Belgian Grand Prix,2026-07-19,Spa-Francorchamps,LIN,Arvid Lindblad,Racing Bulls,7,8,9,2,Finished,105.143,104.361,0.782,-0.7520388807,8.666666667,8.166666667,0.2,,0.3,0.317,0,0,0
2026,11,Hungarian Grand Prix,2026-07-26,Budapest,LIN,Arvid Lindblad,Racing Bulls,9,9,10,1,Lapped,78.281,77.207,1.074,-0.4994142186,8.666666667,8.833333333,0,,0.6,0.012,-2.4,0,0
2026,12,Dutch Grand Prix,2026-08-23,Zandvoort,LIN,Arvid Lindblad,Racing Bulls,10,10,12,0,Lapped,72.185,71.163,1.022,-0.3624573869,8.666666667,8.666666667,0,,0.2,0.102,-0.4,0,0
2026,13,Italian Grand Prix,2026-09-06,Monza,LIN,Arvid Lindblad,Racing Bulls,9,10,8,4,Finished,82.286,81.786,0.5,-0.6030533864,10.33333333,10.33333333,0,,0.8,0.06,0.4,0,0
2026,14,Spanish Grand Prix,2026-09-13,Madrid,LIN,Arvid Lindblad,Racing Bulls,10,10,9,2,Lapped,93.041,91.824,1.217,-0.2832201098,10,9.833333333,0,,-0.4,0.011,0,0,1
2026,15,Azerbaijan Grand Prix,2026-09-26,Baku,LIN,Arvid Lindblad,Racing Bulls,15,15,7,6,Finished,105.106,102.526,2.58,0.1331842162,9.666666667,10.66666667,0,,1.2,0.837,0.2,0,1
2026,16,Bahrain Grand Prix,2026-10-04,Kuala Lumpur,LIN,Arvid Lindblad,Racing Bulls,22,16,10,1,Finished,97.883,95.13,2.753,0.7844360814,8,10,0,,-1.1,0.298,-1.6,1,0
2022,1,Bahrain Grand Prix,2022-03-20,Sakhir,MAG,Kevin Magnussen,Haas,7,7,5,10,Finished,91.461,90.558,0.903,-0.4640342445,,,,,,0.123,,0,0
2022,2,Saudi Arabian Grand Prix,2022-03-27,Jeddah,MAG,Kevin Magnussen,Haas,10,10,9,2,Finished,89.546,88.2,1.346,0.009703542887,5,8,0,,,0.025,,0,1
2022,3,Australian Grand Prix,2022-04-10,Melbourne,MAG,Kevin Magnussen,Haas,16,17,14,0,+1 Lap,80.254,77.868,2.386,0.9805688362,7,8.5,0,,,0.286,-1.5,0,0
2022,4,Emilia Romagna Grand Prix,2022-04-24,Imola,MAG,Kevin Magnussen,Haas,8,4,9,2,Finished,79.902,78.793,1.109,-0.1974601852,9.333333333,10.16666667,0,,,0.003,-2,1,0
2022,5,Miami Grand Prix,2022-05-08,Miami,MAG,Kevin Magnussen,Haas,16,16,16,0,Front wing,90.975,88.796,2.179,1.256776995,10.66666667,11.83333333,0,,,0.19,-0.25,0,1
2022,6,Spanish Grand Prix,2022-05-22,Barcelona,MAG,Kevin Magnussen,Haas,8,8,17,0,+2 Laps,79.682,78.75,0.932,-0.6416625045,13,14,0,,1.1,0.323,-0.2,0,0
2022,7,Monaco Grand Prix,2022-05-29,Monaco,MAG,Kevin Magnussen,Haas,13,13,20,0,Water pressure,72.921,71.376,1.545,0.1249341638,14,14.66666667,0,,-0.5,0.225,2,0,1
2022,8,Azerbaijan Grand Prix,2022-06-12,Baku,MAG,Kevin Magnussen,Haas,16,16,17,0,Power Unit,104.643,101.359,3.284,0.9224838896,17.66666667,16.83333333,0.2,,1.1,0.282,3.6,0,1
2022,9,Canadian Grand Prix,2022-06-19,Montréal,MAG,Kevin Magnussen,Haas,5,5,17,0,Finished,82.96,81.299,1.661,-0.9079371954,18,16.83333333,0.4,,-0.3,0.645,4.4,0,0
2022,10,British Grand Prix,2022-07-03,Silverstone,MAG,Kevin Magnussen,Haas,17,17,10,1,Finished,102.159,100.19,1.969,0.724855172,18,17.66666667,0.4,,0,0,5.8,0,0
2022,11,Austrian Grand Prix,2022-07-10,Spielberg,MAG,Kevin Magnussen,Haas,7,6,8,4,+1 Lap,65.879,64.984,0.895,-0.3162801341,14.66666667,14.16666667,0.4,,-1.9,0.029,4.4,0,0
2022,12,French Grand Prix,2022-07-24,Le Castellet,MAG,Kevin Magnussen,Haas,20,10,18,0,Collision damage,92.649,90.872,1.777,0.05166525557,11.66666667,11.33333333,0.4,,-2.8,0.304,3,1,0
2022,13,Hungarian Grand Prix,2022-07-31,Budapest,MAG,Kevin Magnussen,Haas,13,13,16,0,+1 Lap,78.825,77.377,1.448,0.4931593555,12,10.83333333,0.4,,2.4,0.044,3.2,0,0
2022,14,Belgian Grand Prix,2022-08-28,Spa-Francorchamps,MAG,Kevin Magnussen,Haas,12,18,16,0,+1 Lap,106.557,103.665,2.892,0.8976115528,14,12.83333333,0.2,,1.4,0.632,3.6,0,0
2022,15,Dutch Grand Prix,2022-09-04,Zandvoort,MAG,Kevin Magnussen,Haas,18,18,15,0,Finished,72.319,70.342,1.977,1.13131315,16.66666667,16,0.2,,0.4,0.021,0.8,0,0
2022,16,Italian Grand Prix,2022-09-11,Monza,MAG,Kevin Magnussen,Haas,16,19,16,0,+1 Lap,82.908,80.161,2.747,1.263217313,15.66666667,15.16666667,0.2,,-0.3,0.145,1.6,0,0
2022,17,Singapore Grand Prix,2022-10-02,Marina Bay,MAG,Kevin Magnussen,Haas,9,9,12,0,Finished,111.573,109.412,2.161,-0.5049100863,15.66666667,14.83333333,0.2,,-0.9,0.022,0.6,0,1
2022,18,Japanese Grand Prix,2022-10-09,Suzuka,MAG,Kevin Magnussen,Haas,18,18,14,0,Finished,91.352,89.304,2.048,1.129152559,14.33333333,13.5,0,,-0.4,0.01,-0.4,0,0
2022,19,United States Grand Prix,2022-10-23,Austin,MAG,Kevin Magnussen,Haas,13,16,9,2,Finished,96.949,94.356,2.593,0.9592222958,14,14,0,,1.2,0.065,-1.8,0,0
2022,20,Mexico City Grand Prix,2022-10-30,Mexico City,MAG,Kevin Magnussen,Haas,19,15,17,0,+1 Lap,79.833,77.775,2.058,0.5538530533,11.66666667,13.33333333,0,,-0.1,0.304,-2.8,1,0
2022,21,São Paulo Grand Prix,2022-11-13,São Paulo,MAG,Kevin Magnussen,Haas,8,1,19,0,Collision,71.41,71.41,0,-0.64725313,13.33333333,14.66666667,0,,0.6,0,-1.8,1,0
2022,22,Abu Dhabi Grand Prix,2022-11-20,Yas Island,MAG,Kevin Magnussen,Haas,16,16,17,0,+1 Lap,85.834,83.824,2.01,1.152114065,15,14.83333333,0.2,,-0.2,0.228,2.4,0,0
2023,1,Bahrain Grand Prix,2023-03-05,Sakhir,MAG,Kevin Magnussen,Haas,17,17,13,0,Lapped,91.892,89.708,2.184,1.092677216,17.66666667,16.33333333,0.2,5,-0.5,0.138,2,0,0
2023,2,Saudi Arabian Grand Prix,2023-03-19,Jeddah,MAG,Kevin Magnussen,Haas,13,13,10,1,Finished,89.634,88.265,1.369,-0.0534923719,16.33333333,15.5,0.2,9,-1.3,0.155,2,0,1
2023,3,Australian Grand Prix,2023-04-02,Melbourne,MAG,Kevin Magnussen,Haas,14,14,17,0,Retired,78.129,76.732,1.397,0.6195524407,13.33333333,13.83333333,0.2,14,-1.9,0.236,2.8,0,0
2023,4,Azerbaijan Grand Prix,2023-04-30,Baku,MAG,Kevin Magnussen,Haas,16,18,13,0,Finished,103.417,100.203,3.214,0.5568493474,13.33333333,12.33333333,0.2,17,1.7,0.188,3,0,1
2023,5,Miami Grand Prix,2023-05-07,Miami,MAG,Kevin Magnussen,Haas,4,4,10,1,Finished,87.673,86.841,0.832,-0.1549652026,13.33333333,12.66666667,0,16,1.2,0.256,-1.6,0,1
2023,6,Monaco Grand Prix,2023-05-28,Monaco,MAG,Kevin Magnussen,Haas,17,17,19,0,Retired,73.27,71.365,1.905,1.227203446,13.33333333,13.16666667,0,20,-0.3,0.084,-0.6,0,1
2023,7,Spanish Grand Prix,2023-06-04,Barcelona,MAG,Kevin Magnussen,Haas,17,17,18,0,Lapped,74.042,72.272,1.77,1.12305863,14,15.16666667,0,17,0.9,0.462,0.6,0,0
2023,8,Canadian Grand Prix,2023-06-18,Montréal,MAG,Kevin Magnussen,Haas,13,14,17,0,Lapped,81.678,79.092,2.586,0.4637882395,15.66666667,15.66666667,0,17,-0.5,1.213,1.4,0,0
2023,9,Austrian Grand Prix,2023-07-02,Spielberg,MAG,Kevin Magnussen,Haas,19,19,18,0,Lapped,65.971,64.391,1.58,1.361394014,18,16.83333333,0,8,0.9,0.048,1.4,0,0
2023,10,British Grand Prix,2023-07-09,Silverstone,MAG,Kevin Magnussen,Haas,19,19,19,0,Retired,92.378,86.72,5.658,2.471570939,17.66666667,17.16666667,0,10,-0.3,0.241,2.2,0,0
2023,11,Hungarian Grand Prix,2023-07-23,Budapest,MAG,Kevin Magnussen,Haas,19,19,17,0,Lapped,79.206,76.609,2.597,1.595111677,18,17,0.2,16,-1.1,0.003,1,0,0
2023,12,Belgian Grand Prix,2023-07-30,Spa-Francorchamps,MAG,Kevin Magnussen,Haas,16,13,15,0,Finished,114.16,106.168,7.992,0.6808320091,18,16.83333333,0.2,16,0.8,0.82,0.2,1,0
2023,13,Dutch Grand Prix,2023-08-27,Zandvoort,MAG,Kevin Magnussen,Haas,20,18,16,0,Finished,82.192,70.567,10,0.9823244444,17,16,0.2,15,-0.6,0.537,0.4,0,0
2023,14,Italian Grand Prix,2023-09-03,Monza,MAG,Kevin Magnussen,Haas,19,19,18,0,Lapped,82.592,80.294,2.298,1.337797592,16,15.33333333,0.2,16,-0.1,0.013,-0.6,0,0
2023,15,Singapore Grand Prix,2023-09-17,Marina Bay,MAG,Kevin Magnussen,Haas,6,6,10,1,Finished,91.575,90.984,0.591,-0.6548870781,16.33333333,16,0.2,12,0.4,0.072,-0.6,0,1
2023,16,Japanese Grand Prix,2023-09-24,Suzuka,MAG,Kevin Magnussen,Haas,15,15,15,0,Lapped,90.665,88.877,1.788,0.5559239845,14.66666667,14.33333333,0,14,-1.4,0.581,0.2,0,0
2023,17,Qatar Grand Prix,2023-10-08,Lusail,MAG,Kevin Magnussen,Haas,18,19,14,0,Lapped,87.046,83.778,3.268,1.717843881,14.33333333,14.5,0,,1.1,0.441,0.6,0,0
2023,18,United States Grand Prix,2023-10-22,Austin,MAG,Kevin Magnussen,Haas,17,14,14,0,Lapped,95.88,94.723,1.157,0.4630794686,13,13.66666667,0,9,-0.7,0.13,-0.8,1,0
2023,19,Mexico City Grand Prix,2023-10-29,Mexico City,MAG,Kevin Magnussen,Haas,16,17,19,0,Accident,79.163,77.166,1.997,0.802556013,14.33333333,14,0,17,-0.6,0.067,-0.4,0,0
2023,20,São Paulo Grand Prix,2023-11-05,São Paulo,MAG,Kevin Magnussen,Haas,12,14,18,0,Retired,70.602,70.162,0.44,0.2559077562,15.66666667,14.5,0.2,19,0.7,0.141,0.2,0,0
2023,21,Las Vegas Grand Prix,2023-11-18,Las Vegas,MAG,Kevin Magnussen,Haas,8,9,13,0,Finished,93.537,92.726,0.811,-0.4193814999,17,14.5,0.4,,1.1,0.044,0.2,0,1
2023,22,Abu Dhabi Grand Prix,2023-11-26,Yas Island,MAG,Kevin Magnussen,Haas,17,17,20,0,Lapped,84.764,83.445,1.319,1.227917916,16.66666667,15.66666667,0.4,17,0.1,0.139,1,0,0
2024,1,Bahrain Grand Prix,2024-03-02,Sakhir,MAG,Kevin Magnussen,Haas,15,15,12,0,Lapped,90.529,89.179,1.35,0.8799769436,17,16.16666667,0.4,9,0.1,0,2.6,0,0
2024,2,Saudi Arabian Grand Prix,2024-03-09,Jeddah,MAG,Kevin Magnussen,Haas,13,13,12,0,Finished,89.02,87.472,1.548,0.6866473634,15,15.83333333,0.4,9.5,-1.8,0.319,2,0,1
2024,3,Australian Grand Prix,2024-03-24,Melbourne,MAG,Kevin Magnussen,Haas,14,14,10,1,Lapped,77.427,75.915,1.512,0.5850011487,14.66666667,14.16666667,0.2,15.5,-1.4,0.27,1.4,0,0
2024,4,Japanese Grand Prix,2024-04-07,Suzuka,MAG,Kevin Magnussen,Haas,18,18,13,0,Lapped,90.131,88.197,1.934,1.263480759,11.33333333,11.5,0,14.5,0,0.066,-0.2,0,0
2024,5,Chinese Grand Prix,2024-04-21,Shanghai,MAG,Kevin Magnussen,Haas,17,17,16,0,Finished,95.516,93.66,1.856,0.9700813098,11.66666667,10.83333333,0,,0.5,0.322,-2,0,0
2024,6,Miami Grand Prix,2024-05-05,Miami,MAG,Kevin Magnussen,Haas,18,19,19,0,Finished,88.619,87.241,1.378,1.210356653,13,11.5,0,13,0.3,0.141,-2.8,0,1
2024,7,Emilia Romagna Grand Prix,2024-05-19,Imola,MAG,Kevin Magnussen,Haas,18,18,12,0,Lapped,76.854,74.746,2.108,1.58216976,16,13.33333333,0,9,0.5,0.074,-2.2,0,0
2024,8,Monaco Grand Prix,2024-05-26,Monaco,MAG,Kevin Magnussen,Haas,20,15,20,0,Retired,71.725,70.27,1.455,0.5920915549,15.66666667,13.16666667,0,19.5,0.9,0.154,-3.2,1,1
2024,9,Canadian Grand Prix,2024-06-09,Montréal,MAG,Kevin Magnussen,Haas,14,14,12,0,Finished,72.916,71.742,1.174,0.3045352993,17,15.33333333,0.2,17,0.8,0.258,-1.4,0,0
2024,10,Spanish Grand Prix,2024-06-23,Barcelona,MAG,Kevin Magnussen,Haas,16,16,17,0,Lapped,72.937,71.383,1.554,1.103211326,14.66666667,14.16666667,0.2,17.5,-2.4,0.02,-0.8,0,0
2024,11,Austrian Grand Prix,2024-06-30,Spielberg,MAG,Kevin Magnussen,Haas,12,12,8,4,Finished,65.347,64.314,1.033,0.1313402454,16.33333333,15,0.2,13,-0.5,0.404,-0.4,0,0
2024,12,British Grand Prix,2024-07-07,Silverstone,MAG,Kevin Magnussen,Haas,17,17,12,0,Finished,92.905,85.819,7.086,1.228955854,12.33333333,10.83333333,0.2,14.5,-1.9,0.171,-1.2,0,0
2024,13,Hungarian Grand Prix,2024-07-21,Budapest,MAG,Kevin Magnussen,Haas,15,15,15,0,Lapped,76.548,75.227,1.321,0.05088680994,12.33333333,10,0.2,16.5,1.8,0.022,-1,0,0
2024,14,Belgian Grand Prix,2024-07-28,Spa-Francorchamps,MAG,Kevin Magnussen,Haas,17,17,14,0,Finished,116.5,113.159,3.341,1.221800046,11.66666667,10,0,15.5,2.7,0.595,-2,0,0
2024,15,Dutch Grand Prix,2024-08-25,Zandvoort,MAG,Kevin Magnussen,Haas,20,14,18,0,Lapped,71.295,69.673,1.622,0.3683947746,13.66666667,13,0,15.5,-0.5,0.356,-2.2,1,0
2024,16,Italian Grand Prix,2024-09-01,Monza,MAG,Kevin Magnussen,Haas,13,13,10,1,Finished,80.698,79.327,1.371,0.6029135684,15.66666667,14.83333333,0,17,0.2,0.109,-1.6,0,0
2024,18,Singapore Grand Prix,2024-09-22,Marina Bay,MAG,Kevin Magnussen,Haas,14,14,19,0,Retired,90.653,89.525,1.128,0.2850215212,14,12.83333333,0,11,-1.5,0.155,-1.4,0,1
2024,19,United States Grand Prix,2024-10-20,Austin,MAG,Kevin Magnussen,Haas,8,9,11,0,Finished,93.474,92.33,1.144,0.1894137189,15.66666667,12.66666667,0,11.5,0.4,0.031,0.6,0,0
2024,20,Mexico City Grand Prix,2024-10-27,Mexico City,MAG,Kevin Magnussen,Haas,7,7,7,6,Finished,76.886,75.946,0.94,-0.198453904,13.33333333,11.33333333,0,18,-0.8,0.225,1,0,0
2024,22,Las Vegas Grand Prix,2024-11-23,Las Vegas,MAG,Kevin Magnussen,Haas,12,12,12,0,Finished,93.297,92.312,0.985,-0.09582643457,12.33333333,11.16666667,0,13,1.1,0.098,1.6,0,1
2024,23,Qatar Grand Prix,2024-12-01,Lusail,MAG,Kevin Magnussen,Haas,10,10,9,2,Finished,81.387,80.52,0.867,-0.1995120019,10,11.33333333,0,14,0,0.055,0.8,0,0
2024,24,Abu Dhabi Grand Prix,2024-12-08,Yas Island,MAG,Kevin Magnussen,Haas,14,15,16,0,Lapped,83.632,82.595,1.037,0.6415531267,9.333333333,12.83333333,0,18.5,-0.3,0.209,1.2,0,0
2022,1,Bahrain Grand Prix,2022-03-20,Sakhir,MSC,Mick Schumacher,Haas,12,12,11,0,Finished,91.998,90.558,1.44,0.1373568242,,,,,,0.123,,0,0
2022,2,Saudi Arabian Grand Prix,2022-03-27,Jeddah,MSC,Mick Schumacher,Haas,,14,,0,Withdrew,89.92,88.2,1.72,0.4153116356,11,8,0,,,0.025,,0,1
2022,3,Australian Grand Prix,2022-04-10,Melbourne,MSC,Mick Schumacher,Haas,15,15,13,0,+1 Lap,80.104,77.868,2.236,0.8244534693,11,8.5,0.5,,,0.286,,0,0
2022,4,Emilia Romagna Grand Prix,2022-04-24,Imola,MSC,Mick Schumacher,Haas,10,12,17,0,+1 Lap,80.422,78.793,1.629,0.3569321506,12,10.16666667,0.3333333333,,,0.003,-1.5,0,0
2022,5,Miami Grand Prix,2022-05-08,Miami,MSC,Mick Schumacher,Haas,15,15,15,0,Finished,90.423,88.796,1.627,0.5442093052,15,11.83333333,0.25,,0.8,0.19,0.6666666667,0,1
2022,6,Spanish Grand Prix,2022-05-22,Barcelona,MSC,Mick Schumacher,Haas,10,10,14,0,+1 Lap,80.368,78.75,1.618,0.1214136472,15,14,0.2,,1.4,0.323,0.5,0,0
2022,7,Monaco Grand Prix,2022-05-29,Monaco,MSC,Mick Schumacher,Haas,15,15,19,0,Accident,73.081,71.376,1.705,0.2781688608,15.33333333,14.66666667,0.2,,0.7,0.225,1.75,0,1
2022,8,Azerbaijan Grand Prix,2022-06-12,Baku,MSC,Mick Schumacher,Haas,20,20,14,0,+1 Lap,105.775,101.359,4.416,1.796846917,16,16.83333333,0.2,,0.5,0.282,2.2,0,1
2022,9,Canadian Grand Prix,2022-06-19,Montréal,MSC,Mick Schumacher,Haas,6,6,19,0,Engine,83.356,81.299,2.057,-0.8110892569,15.66666667,16.83333333,0.2,,-1.1,0.645,1.4,0,0
2022,10,British Grand Prix,2022-07-03,Silverstone,MSC,Mick Schumacher,Haas,19,19,8,4,Finished,102.708,100.19,2.518,1.29760343,17.33333333,17.66666667,0.4,,-0.9,0,3,0,0
2022,11,Austrian Grand Prix,2022-07-10,Spielberg,MSC,Mick Schumacher,Haas,9,7,6,8,+1 Lap,66.011,64.984,1.027,-0.1132702741,13.66666667,14.16666667,0.4,,-2.9,0.029,0.8,0,0
2022,12,French Grand Prix,2022-07-24,Le Castellet,MSC,Mick Schumacher,Haas,17,19,15,0,Finished,93.701,90.872,2.829,1.168866671,11,11.33333333,0.4,,1.4,0.304,-0.2,0,0
2022,13,Hungarian Grand Prix,2022-07-31,Budapest,MSC,Mick Schumacher,Haas,15,15,14,0,+1 Lap,79.164,77.377,1.787,0.9530796347,9.666666667,10.83333333,0.2,,2.5,0.044,-1.8,0,0
2022,14,Belgian Grand Prix,2022-08-28,Spa-Francorchamps,MSC,Mick Schumacher,Haas,19,15,17,0,+1 Lap,106.342,103.665,2.677,0.6748148732,11.66666667,12.83333333,0.2,,-0.5,0.632,-0.8,1,0
2022,15,Dutch Grand Prix,2022-09-04,Zandvoort,MSC,Mick Schumacher,Haas,8,8,13,0,Finished,71.42,70.342,1.078,-0.05968225,15.33333333,16,0,,0.1,0.021,-3,0,0
2022,16,Italian Grand Prix,2022-09-11,Monza,MSC,Mick Schumacher,Haas,17,20,12,0,Finished,83.005,80.161,2.844,1.380254496,14.66666667,15.16666667,0,,-0.4,0.145,0.2,0,0
2022,17,Singapore Grand Prix,2022-10-02,Marina Bay,MSC,Mick Schumacher,Haas,12,13,13,0,+1 Lap,114.37,109.412,4.958,0.4806670729,14,14.83333333,0,,-0.7,0.022,-1.2,0,1
2022,18,Japanese Grand Prix,2022-10-09,Suzuka,MSC,Mick Schumacher,Haas,15,15,17,0,Finished,91.152,89.304,1.848,0.8477613536,12.66666667,13.5,0,,-0.3,0.01,-0.4,0,0
2022,19,United States Grand Prix,2022-10-23,Austin,MSC,Mick Schumacher,Haas,16,19,15,0,Finished,97.111,94.356,2.755,1.118870944,14,14,0,,-0.2,0.065,0.2,0,0
2022,20,Mexico City Grand Prix,2022-10-30,Mexico City,MSC,Mick Schumacher,Haas,15,16,16,0,+1 Lap,80.419,77.775,2.644,1.126366529,15,13.33333333,0,,0.4,0.304,-1,0,0
2022,21,São Paulo Grand Prix,2022-11-13,São Paulo,MSC,Mick Schumacher,Haas,12,20,13,0,Finished,76.361,71.41,4.951,2.02442993,16,14.66666667,0,,2.1,0,-2,0,0
2022,22,Abu Dhabi Grand Prix,2022-11-20,Yas Island,MSC,Mick Schumacher,Haas,12,13,16,0,+1 Lap,85.225,83.824,1.401,0.2679942747,14.66666667,14.83333333,0,,-0.3,0.228,-1.8,0,0
2022,1,Bahrain Grand Prix,2022-03-20,Sakhir,NOR,Lando Norris,McLaren,13,13,15,0,Finished,92.008,90.558,1.45,0.148555913,,,,,,0.123,,0,0
2022,2,Saudi Arabian Grand Prix,2022-03-27,Jeddah,NOR,Lando Norris,McLaren,11,11,7,6,Finished,89.651,88.2,1.451,0.1235774726,15,14.5,0,,,0.025,,0,1
2022,3,Australian Grand Prix,2022-04-10,Melbourne,NOR,Lando Norris,McLaren,4,4,5,10,Finished,78.703,77.868,0.835,-0.6336640577,11,13.25,0,,,0.286,-1,0,0
2022,4,Emilia Romagna Grand Prix,2022-04-24,Imola,NOR,Lando Norris,McLaren,5,3,3,15,Finished,79.294,78.793,0.501,-0.8456727624,9,10.66666667,0,,-1.8,0.003,-0.3333333333,0,0
2022,5,Miami Grand Prix,2022-05-08,Miami,NOR,Lando Norris,McLaren,8,8,19,0,Collision,89.634,88.796,0.838,-0.4742977727,5,9.333333333,0,,0,0.19,-0.25,0,1
2022,6,Spanish Grand Prix,2022-05-22,Barcelona,NOR,Lando Norris,McLaren,11,11,8,4,Finished,80.471,78.75,1.721,0.2359863055,9,10.66666667,0.2,,3,0.323,2,0,0
2022,7,Monaco Grand Prix,2022-05-29,Monaco,NOR,Lando Norris,McLaren,5,5,6,9,Finished,71.849,71.376,0.473,-0.9017383056,10,12.16666667,0.2,,-2.3,0.225,1,0,1
2022,8,Azerbaijan Grand Prix,2022-06-12,Baku,NOR,Lando Norris,McLaren,11,11,9,2,Finished,103.398,101.359,2.039,-0.03916095889,11,11.83333333,0.2,,-0.2,0.282,2,0,1
2022,9,Canadian Grand Prix,2022-06-19,Montréal,NOR,Lando Norris,McLaren,14,14,15,0,Finished,94.066,81.299,10,1.13149452,7.666666667,9.333333333,0.2,,-0.5,0.645,1.4,0,0
2022,10,British Grand Prix,2022-07-03,Silverstone,NOR,Lando Norris,McLaren,6,6,6,8,Finished,101.515,100.19,1.325,0.05299747084,10,10.33333333,0.2,,0.2,0,1.6,0,0
2022,11,Austrian Grand Prix,2022-07-10,Spielberg,NOR,Lando Norris,McLaren,10,15,7,6,+1 Lap,66.33,64.984,1.346,0.3773368875,10,10.33333333,0,,0.1,0.029,-0.6,0,0
2022,12,French Grand Prix,2022-07-24,Le Castellet,NOR,Lando Norris,McLaren,5,5,7,6,Finished,92.032,90.872,1.16,-0.6035754986,9.333333333,10.16666667,0,,-0.3,0.304,-1.6,0,0
2022,13,Hungarian Grand Prix,2022-07-31,Budapest,NOR,Lando Norris,McLaren,4,4,7,6,Finished,77.769,77.377,0.392,-0.9395126649,6.666666667,8.5,0,,-0.8,0.044,-1.4,0,0
2022,14,Belgian Grand Prix,2022-08-28,Spa-Francorchamps,NOR,Lando Norris,McLaren,17,10,12,0,Finished,105.603,103.665,1.938,-0.09098394636,7,9,0,,1.2,0.632,-0.4,1,0
2022,15,Dutch Grand Prix,2022-09-04,Zandvoort,NOR,Lando Norris,McLaren,7,7,7,6,Finished,71.116,70.342,0.774,-0.4624215175,8.666666667,10.83333333,0,,1.7,0.021,-0.2,0,0
2022,16,Italian Grand Prix,2022-09-11,Monza,NOR,Lando Norris,McLaren,3,7,7,6,Finished,81.584,80.161,1.423,-0.3342799145,8.666666667,12.16666667,0,,-0.1,0.145,-0.2,0,0
2022,17,Singapore Grand Prix,2022-10-02,Marina Bay,NOR,Lando Norris,McLaren,6,6,4,12,Finished,110.584,109.412,1.172,-0.8534034043,8.666666667,12.5,0,,0.4,0.022,1.4,0,1
2022,18,Japanese Grand Prix,2022-10-09,Suzuka,NOR,Lando Norris,McLaren,10,10,10,1,Finished,90.473,89.304,1.169,-0.1075617882,6,9.5,0,,-2.7,0.01,0.6,0,0
2022,19,United States Grand Prix,2022-10-23,Austin,NOR,Lando Norris,McLaren,6,8,6,8,Finished,95.69,94.356,1.334,-0.2815039285,7,9,0,,-0.6,0.065,0,0,0
2022,20,Mexico City Grand Prix,2022-10-30,Mexico City,NOR,Lando Norris,McLaren,8,8,9,2,+1 Lap,78.721,77.775,0.946,-0.5325547704,6.666666667,8.666666667,0,,1.8,0.304,-0.8,0,0
2022,21,São Paulo Grand Prix,2022-11-13,São Paulo,NOR,Lando Norris,McLaren,6,4,18,0,Gearbox,71.377,71.41,0,-0.64725313,8.333333333,9.833333333,0,,-0.5,0,-0.6,0,0
2022,22,Abu Dhabi Grand Prix,2022-11-20,Yas Island,NOR,Lando Norris,McLaren,7,7,6,9,Finished,84.769,83.824,0.945,-0.3940067505,11,12.66666667,0.2,,1.7,0.228,2.2,0,0
2023,1,Bahrain Grand Prix,2023-03-05,Sakhir,NOR,Lando Norris,McLaren,11,11,17,0,Lapped,91.381,89.708,1.673,0.451181286,11,11.5,0.2,15,-0.8,0.138,2.4,0,0
2023,2,Saudi Arabian Grand Prix,2023-03-19,Jeddah,NOR,Lando Norris,McLaren,19,19,17,0,Finished,90.447,88.265,2.182,0.3360221678,13.66666667,15,0.2,7,1.1,0.155,3.6,0,1
2023,3,Australian Grand Prix,2023-04-02,Melbourne,NOR,Lando Norris,McLaren,13,13,6,8,Finished,78.119,76.732,1.387,0.6031758458,13.33333333,14,0.2,5,1.2,0.236,3.6,0,0
2023,4,Azerbaijan Grand Prix,2023-04-30,Baku,NOR,Lando Norris,McLaren,7,7,9,2,Finished,101.281,100.203,1.078,-0.4291250431,13.33333333,13.83333333,0.2,9,-3.5,0.188,2,0,1
2023,5,Miami Grand Prix,2023-05-07,Miami,NOR,Lando Norris,McLaren,16,16,17,0,Finished,88.394,86.841,1.553,1.095509459,10.66666667,11,0,19,-0.5,0.256,-0.4,0,1
2023,6,Monaco Grand Prix,2023-05-28,Monaco,NOR,Lando Norris,McLaren,10,10,9,2,Lapped,72.254,71.365,0.889,-0.1324156599,10.66666667,11.66666667,0,6,3,0.084,0,0,1
2023,7,Spanish Grand Prix,2023-06-04,Barcelona,NOR,Lando Norris,McLaren,3,3,17,0,Lapped,72.776,72.272,0.504,-0.974134711,11.66666667,12.5,0,8,-1,0.462,-1.4,0,0
2023,8,Canadian Grand Prix,2023-06-18,Montréal,NOR,Lando Norris,McLaren,7,7,13,0,Finished,79.347,79.092,0.255,-1.138064459,14.33333333,14.16666667,0,15,-0.4,1.213,1.8,0,0
2023,9,Austrian Grand Prix,2023-07-02,Spielberg,NOR,Lando Norris,McLaren,4,4,4,12,Finished,64.658,64.391,0.267,-1.14862542,13,12.16666667,0,7,-0.2,0.048,4.4,0,0
2023,10,British Grand Prix,2023-07-09,Silverstone,NOR,Lando Norris,McLaren,2,2,2,18,Finished,86.961,86.72,0.241,-1.022478797,11.33333333,12.33333333,0,6,-0.3,0.241,4,0,0
2023,11,Hungarian Grand Prix,2023-07-23,Budapest,NOR,Lando Norris,McLaren,3,3,2,18,Finished,76.694,76.609,0.085,-1.092924101,6.333333333,8.333333333,0,7,-1.6,0.003,3.8,0,0
2023,12,Belgian Grand Prix,2023-07-30,Spa-Francorchamps,NOR,Lando Norris,McLaren,7,7,7,6,Finished,107.669,106.168,1.501,-0.8819661276,2.666666667,5.5,0,12,-2.2,0.82,3.8,0,0
2023,13,Dutch Grand Prix,2023-08-27,Zandvoort,NOR,Lando Norris,McLaren,2,2,7,6,Finished,71.104,70.567,0.537,-1.16078477,3.666666667,6.666666667,0,7,3.7,0.537,1,0,0
2023,14,Italian Grand Prix,2023-09-03,Monza,NOR,Lando Norris,McLaren,9,9,8,4,Finished,80.979,80.294,0.685,-0.552995412,5.333333333,8.333333333,0,7,0.8,0.013,0.8,0,0
2023,15,Singapore Grand Prix,2023-09-17,Marina Bay,NOR,Lando Norris,McLaren,4,4,2,18,Finished,91.27,90.984,0.286,-1.053650422,7.333333333,10.5,0,4,-1.5,0.072,0.6,0,1
2023,16,Japanese Grand Prix,2023-09-24,Suzuka,NOR,Lando Norris,McLaren,3,3,2,18,Finished,89.493,88.877,0.616,-1.135239306,5.666666667,7.5,0,10,-1,0.581,0.2,0,0
2023,17,Qatar Grand Prix,2023-10-08,Lusail,NOR,Lando Norris,McLaren,10,10,3,15,Finished,84.685,83.778,0.907,-0.6012969277,4,5.666666667,0,,-1.8,0.441,0.2,0,0
2023,18,United States Grand Prix,2023-10-22,Austin,NOR,Lando Norris,McLaren,2,2,2,18,Finished,94.853,94.723,0.13,-1.147427183,2.333333333,3.166666667,0,6,-0.9,0.13,-1.2,0,0
2023,19,Mexico City Grand Prix,2023-10-29,Mexico City,NOR,Lando Norris,McLaren,17,19,5,10,Finished,81.554,77.166,4.388,3.040834429,2.333333333,4.833333333,0,9,2.7,0.067,-2.2,0,0
2023,20,São Paulo Grand Prix,2023-11-05,São Paulo,NOR,Lando Norris,McLaren,6,7,2,19,Finished,70.021,70.162,0,-1.113914783,3.333333333,6.166666667,0,18,1.5,0.141,-4.8,0,0
2023,21,Las Vegas Grand Prix,2023-11-18,Las Vegas,NOR,Lando Norris,McLaren,15,16,20,0,Retired,94.703,92.726,1.977,0.8802831617,3,8,0,,-0.9,0.044,-5.4,0,1
2023,22,Abu Dhabi Grand Prix,2023-11-26,Yas Island,NOR,Lando Norris,McLaren,5,5,5,10,Finished,83.816,83.445,0.371,-0.8981281766,9,9.833333333,0.2,6,2.2,0.139,-4.4,0,0
2024,1,Bahrain Grand Prix,2024-03-02,Sakhir,NOR,Lando Norris,McLaren,7,7,6,8,Finished,89.614,89.179,0.435,-0.7070515444,9,9.5,0.2,16,-3.1,0,-3,0,0
2024,2,Saudi Arabian Grand Prix,2024-03-09,Jeddah,NOR,Lando Norris,McLaren,6,6,8,4,Finished,88.132,87.472,0.66,-0.7110018482,10.33333333,9.166666667,0.2,12,-0.3,0.319,-3.2,0,1
2024,3,Australian Grand Prix,2024-03-24,Melbourne,NOR,Lando Norris,McLaren,3,4,3,15,Finished,76.315,75.915,0.4,-0.9913161921,6.333333333,6.166666667,0.2,5.5,-0.2,0.27,0,0,0
2024,4,Japanese Grand Prix,2024-04-07,Suzuka,NOR,Lando Norris,McLaren,3,3,5,10,Finished,88.489,88.197,0.292,-1.187358469,5.666666667,5.5,0.2,6,-1.3,0.066,0.8,0,0
2024,5,Chinese Grand Prix,2024-04-21,Shanghai,NOR,Lando Norris,McLaren,4,4,2,18,Finished,94.165,93.66,0.505,-0.9596541677,5.333333333,5.333333333,0,,1,0.322,0.4,0,0
2024,6,Miami Grand Prix,2024-05-05,Miami,NOR,Lando Norris,McLaren,5,5,1,25,Finished,87.594,87.241,0.353,-0.9749799146,3.333333333,5,0,18,0.5,0.141,0,0,1
2024,7,Emilia Romagna Grand Prix,2024-05-19,Imola,NOR,Lando Norris,McLaren,2,3,2,18,Finished,74.837,74.746,0.091,-1.273724532,2.666666667,6.166666667,0,3,0.9,0.074,-0.6,0,0
2024,8,Monaco Grand Prix,2024-05-26,Monaco,NOR,Lando Norris,McLaren,4,4,4,12,Finished,70.542,70.27,0.272,-0.9340971573,1.666666667,5,0,7.5,-0.7,0.154,-1.2,0,1
2024,9,Canadian Grand Prix,2024-06-09,Montréal,NOR,Lando Norris,McLaren,3,3,2,18,Finished,72.021,71.742,0.279,-0.9890531813,2.333333333,4.333333333,0,14,-2,0.258,-1,0,0
2024,10,Spanish Grand Prix,2024-06-23,Barcelona,NOR,Lando Norris,McLaren,1,1,2,19,Finished,71.383,71.383,0,-1.414618605,2.666666667,3.166666667,0,12.5,0,0.02,-1.6,0,0
2024,11,Austrian Grand Prix,2024-06-30,Spielberg,NOR,Lando Norris,McLaren,2,2,20,0,Lapped,64.718,64.314,0.404,-1.272449293,2.666666667,3.666666667,0,5.5,1,0.404,-1,0,0
2024,12,British Grand Prix,2024-07-07,Silverstone,NOR,Lando Norris,McLaren,3,3,3,15,Finished,86.03,85.819,0.211,-0.7329560005,8,6.333333333,0,4,1.2,0.171,3.4,0,0
2024,13,Hungarian Grand Prix,2024-07-21,Budapest,NOR,Lando Norris,McLaren,1,1,2,18,Finished,75.227,75.227,0,-1.290859217,8.333333333,6.333333333,0,4.5,-2.3,0.022,3.6,0,0
2024,14,Belgian Grand Prix,2024-07-28,Spa-Francorchamps,NOR,Lando Norris,McLaren,4,5,5,10,Finished,113.981,113.159,0.822,-0.7091330837,8.333333333,5.333333333,0,9.5,-0.3,0.595,3.8,0,0
2024,15,Dutch Grand Prix,2024-08-25,Zandvoort,NOR,Lando Norris,McLaren,1,1,1,26,Finished,69.673,69.673,0,-1.513453421,3.333333333,2.833333333,0,7,-0.1,0.356,4,0,0
2024,16,Italian Grand Prix,2024-09-01,Monza,NOR,Lando Norris,McLaren,1,1,3,16,Finished,79.327,79.327,0,-1.391523643,2.666666667,2.5,0,7.5,0.2,0.109,3.8,0,0
2024,17,Azerbaijan Grand Prix,2024-09-15,Baku,NOR,Lando Norris,McLaren,15,16,4,13,Finished,103.609,101.365,2.244,0.9329695667,3,2.833333333,0,9,0.2,0.321,0.6,0,1
2024,18,Singapore Grand Prix,2024-09-22,Marina Bay,NOR,Lando Norris,McLaren,1,1,1,25,Finished,89.525,89.525,0,-1.338327511,2.666666667,2.5,0,3,-0.5,0.155,-1.8,0,1
2024,19,United States Grand Prix,2024-10-20,Austin,NOR,Lando Norris,McLaren,1,1,4,12,Finished,92.33,92.33,0,-1.728190656,2.666666667,2.333333333,0,4,-0.1,0.031,-2,0,0
2024,20,Mexico City Grand Prix,2024-10-27,Mexico City,NOR,Lando Norris,McLaren,3,3,2,18,Finished,76.26,75.946,0.314,-1.282977203,3,3,0,7,1.1,0.225,-1.4,0,0
2024,21,São Paulo Grand Prix,2024-11-03,São Paulo,NOR,Lando Norris,McLaren,1,1,6,8,Finished,83.405,83.405,0,-1.29765015,2.333333333,3.833333333,0,10,0.8,0.173,-1.6,0,0
2024,22,Las Vegas Grand Prix,2024-11-23,Las Vegas,NOR,Lando Norris,McLaren,6,6,6,9,Finished,93.008,92.312,0.696,-0.4957374756,4,5.5,0,20,1,0.098,-1,0,1
2024,23,Qatar Grand Prix,2024-12-01,Lusail,NOR,Lando Norris,McLaren,3,3,10,2,Finished,80.772,80.52,0.252,-1.081610357,4.666666667,6.166666667,0,3,-0.2,0.055,1.4,0,0
2024,24,Abu Dhabi Grand Prix,2024-12-08,Yas Island,NOR,Lando Norris,McLaren,1,1,1,25,Finished,82.595,82.595,0,-1.714708932,7.333333333,6.666666667,0,5.5,-0.6,0.209,2.8,0,0
2025,1,Australian Grand Prix,2025-03-16,Melbourne,NOR,Lando Norris,McLaren,1,1,1,25,Finished,75.096,75.096,0,-1.703968047,5.666666667,6.166666667,0,4.666666667,-0.3,0.084,2.2,0,0
2025,2,Chinese Grand Prix,2025-03-23,Shanghai,NOR,Lando Norris,McLaren,3,3,2,18,Finished,90.787,90.641,0.146,-1.245521387,4,5.666666667,0,2,1.2,0.082,2.4,0,0
2025,3,Japanese Grand Prix,2025-04-06,Suzuka,NOR,Lando Norris,McLaren,2,2,2,18,Finished,86.995,86.983,0.012,-1.331574527,1.333333333,4,0,5.666666667,-1.7,0.012,1.2,0,0
2025,4,Bahrain Grand Prix,2025-04-13,Sakhir,NOR,Lando Norris,McLaren,6,6,3,15,Finished,90.267,89.841,0.426,-0.9973872449,1.666666667,3,0,12.66666667,-1.2,0.168,1.2,0,0
2025,5,Saudi Arabian Grand Prix,2025-04-20,Jeddah,NOR,Lando Norris,McLaren,10,10,4,12,Finished,87.481,87.294,0.187,-1.157693469,2.333333333,2,0,10.66666667,0.1,0.01,-0.8,0,1
2025,6,Miami Grand Prix,2025-05-04,Miami,NOR,Lando Norris,McLaren,2,2,2,18,Finished,86.269,86.204,0.065,-1.25983609,3,2.333333333,0,12.33333333,-0.3,0.065,-2,0,1
2025,7,Emilia Romagna Grand Prix,2025-05-18,Imola,NOR,Lando Norris,McLaren,4,4,2,18,Finished,74.962,74.67,0.292,-1.073272075,3,2,0,2.5,-0.2,0.034,-2,0,0
2025,8,Monaco Grand Prix,2025-05-25,Monaco,NOR,Lando Norris,McLaren,1,1,1,25,Finished,69.954,69.954,0,-1.629304475,2.666666667,2.166666667,0,6.333333333,0.4,0.109,-2.2,0,1
2025,9,Spanish Grand Prix,2025-06-01,Barcelona,NOR,Lando Norris,McLaren,2,2,2,18,Finished,71.755,71.546,0.209,-1.25201062,1.666666667,2,0,9,0.3,0.209,-2.2,0,0
2025,10,Canadian Grand Prix,2025-06-15,Montréal,NOR,Lando Norris,McLaren,7,7,18,0,Retired,71.599,70.899,0.7,-0.5805646171,1.666666667,2,0,10,-0.3,0.16,-1.6,0,0
2025,11,Austrian Grand Prix,2025-06-29,Spielberg,NOR,Lando Norris,McLaren,1,1,1,25,Finished,63.971,63.971,0,-2.550295746,7,4.833333333,0,10.33333333,1.8,0.521,1.8,0,0
2025,12,British Grand Prix,2025-07-06,Silverstone,NOR,Lando Norris,McLaren,3,3,1,25,Finished,85.01,84.892,0.118,-1.148025742,7,4.666666667,0,3.666666667,-1.5,0.103,1.8,0,0
2025,13,Belgian Grand Prix,2025-07-27,Spa-Francorchamps,NOR,Lando Norris,McLaren,1,1,2,18,Finished,100.562,100.562,0,-1.72778722,6.666666667,4.666666667,0,8,-0.4,0.064,1.8,0,0
2025,14,Hungarian Grand Prix,2025-08-03,Budapest,NOR,Lando Norris,McLaren,3,3,1,25,Finished,74.89,75.372,0,-1.093437361,1.333333333,1.5,0,3.666666667,-0.1,0,2,0,0
2025,15,Dutch Grand Prix,2025-08-31,Zandvoort,NOR,Lando Norris,McLaren,2,2,18,0,Retired,68.674,68.662,0.012,-1.735262344,1.333333333,1.5,0,5,-0.1,0.012,1.6,0,0
2025,16,Italian Grand Prix,2025-09-07,Monza,NOR,Lando Norris,McLaren,2,2,2,18,Finished,78.869,78.792,0.077,-1.39744127,7,4.166666667,0,6,1.7,0.077,2.6,0,0
2025,17,Azerbaijan Grand Prix,2025-09-21,Baku,NOR,Lando Norris,McLaren,7,7,7,6,Finished,101.322,101.117,0.205,-0.9429833028,7,4.5,0,7.333333333,-1.4,0.478,2.6,0,1
2025,18,Singapore Grand Prix,2025-10-05,Marina Bay,NOR,Lando Norris,McLaren,5,5,3,15,Finished,89.586,89.158,0.428,-0.8240571538,9,8.5,0,2.333333333,4.3,0.182,3,0,1
2025,19,United States Grand Prix,2025-10-19,Austin,NOR,Lando Norris,McLaren,2,2,2,18,Finished,92.801,92.51,0.291,-0.9695100846,4,6.5,0,4,-0.2,0.291,2.4,0,0
2025,20,Mexico City Grand Prix,2025-10-26,Mexico City,NOR,Lando Norris,McLaren,1,1,1,25,Finished,75.586,75.586,0,-1.601573412,4,6.833333333,0,5.333333333,-3.1,0.262,2.8,0,0
2025,21,São Paulo Grand Prix,2025-11-09,São Paulo,NOR,Lando Norris,McLaren,1,1,1,25,Finished,69.511,69.511,0,-1.6661546,2,3.333333333,0,8.666666667,0.1,0.174,-0.4,0,0
2025,22,Las Vegas Grand Prix,2025-11-22,Las Vegas,NOR,Lando Norris,McLaren,1,1,19,0,Disqualified,107.934,107.934,0,-1.247075274,1.333333333,3.166666667,0,13,0,0.323,-0.4,0,1
2025,23,Qatar Grand Prix,2025-11-30,Lusail,NOR,Lando Norris,McLaren,2,2,4,12,Finished,79.495,79.387,0.108,-1.620115817,7,8.5,0.2,6.5,4.8,0.108,3.2,0,0
2025,24,Abu Dhabi Grand Prix,2025-12-07,Yas Island,NOR,Lando Norris,McLaren,2,2,3,15,Finished,82.408,82.207,0.201,-1.447733199,8,8.5,0.2,4,-2.1,0.201,4,0,0
2026,1,Australian Grand Prix,2026-03-08,Melbourne,NOR,Lando Norris,McLaren,6,6,5,10,Finished,79.475,78.518,0.957,-0.6783530598,8.666666667,8.333333333,0.2,3.75,-3.7,0.293,4.2,0,0
2026,2,Chinese Grand Prix,2026-03-15,Shanghai,NOR,Lando Norris,McLaren,6,6,20,0,Did not start,92.608,92.064,0.544,-0.8168621763,4,6.166666667,0.2,2,4,0.222,4,0,0
2026,3,Japanese Grand Prix,2026-03-29,Suzuka,NOR,Lando Norris,McLaren,5,5,5,10,Finished,89.409,88.778,0.631,-0.8947984599,9.333333333,11.66666667,0.4,4.75,4.9,0.298,6.8,0,0
2026,4,Miami Grand Prix,2026-05-03,Miami,NOR,Lando Norris,McLaren,4,4,2,18,Finished,88.183,87.798,0.385,-0.9077521212,10,12,0.2,9.75,-5.3,0.166,3.2,0,1
2026,5,Canadian Grand Prix,2026-05-24,Montréal,NOR,Lando Norris,McLaren,3,3,18,0,Retired,72.729,72.578,0.151,-1.07003137,9,8.5,0.2,12,-3.5,0.068,2.4,0,0
2026,6,Monaco Grand Prix,2026-06-07,Monaco,NOR,Lando Norris,McLaren,8,8,19,0,Retired,72.765,72.051,0.714,-0.7672250609,8.333333333,6.833333333,0.4,5,3.4,0.043,5.2,0,1
2026,7,Barcelona Grand Prix,2026-06-14,Barcelona,NOR,Lando Norris,McLaren,4,4,3,15,Finished,75.001,74.679,0.322,-0.9461763101,13,9.5,0.6,7.25,0.3,0.064,7.6,0,0
2026,8,Austrian Grand Prix,2026-06-28,Spielberg,NOR,Lando Norris,McLaren,6,6,7,6,Finished,66.502,66.113,0.389,-0.8574652663,13.33333333,10,0.4,8,-2.8,0.236,4.6,0,0
2026,9,British Grand Prix,2026-07-05,Silverstone,NOR,Lando Norris,McLaren,6,6,4,12,Finished,88.877,88.111,0.766,-0.7584715261,9.666666667,7,0.4,3,0.4,0.175,4.8,0,0
2026,10,Belgian Grand Prix,2026-07-19,Spa-Francorchamps,NOR,Lando Norris,McLaren,13,3,7,6,Finished,104.801,104.361,0.44,-0.9621908042,4.666666667,5.666666667,0.4,6.5,0.9,0.317,4.8,1,0
2026,11,Hungarian Grand Prix,2026-07-26,Budapest,NOR,Lando Norris,McLaren,1,1,1,25,Finished,77.207,77.207,0,-1.300022072,6,6.333333333,0.2,3,0.5,0.012,2.6,0,0
2026,12,Dutch Grand Prix,2026-08-23,Zandvoort,NOR,Lando Norris,McLaren,1,1,1,25,Finished,71.163,71.163,0,-1.307435574,4,8,0,8.25,1.2,0.102,0.4,0,0
2026,13,Italian Grand Prix,2026-09-06,Monza,NOR,Lando Norris,McLaren,8,9,4,12,Finished,82.067,81.786,0.281,-0.7958799868,3,6.666666667,0,5,0.2,0.06,0.6,0,0
2026,14,Spanish Grand Prix,2026-09-13,Madrid,NOR,Lando Norris,McLaren,1,1,3,15,Finished,91.824,91.824,0,-1.002499896,2,6.166666667,0,,-2.7,0.011,-0.6,0,1
2026,15,Azerbaijan Grand Prix,2026-09-26,Baku,NOR,Lando Norris,McLaren,5,5,19,0,Retired,103.672,102.526,1.146,-0.870085997,2.666666667,4.5,0,7.25,0.3,0.837,0.2,0,1
2026,16,Bahrain Grand Prix,2026-10-04,Kuala Lumpur,NOR,Lando Norris,McLaren,5,6,9,2,Finished,95.757,95.13,0.627,-0.9902395692,8.666666667,8.666666667,0.2,,3.2,0.298,2.2,0,0
2022,1,Bahrain Grand Prix,2022-03-20,Sakhir,OCO,Esteban Ocon,Alpine,11,11,7,6,Finished,91.782,90.558,1.224,-0.104543494,,,,,,0.123,,0,0
2022,2,Saudi Arabian Grand Prix,2022-03-27,Jeddah,OCO,Esteban Ocon,Alpine,5,5,6,8,Finished,89.068,88.2,0.868,-0.5086939659,7,8,0,,,0.025,,0,1
2022,3,Australian Grand Prix,2022-04-10,Melbourne,OCO,Esteban Ocon,Alpine,8,8,7,6,Finished,79.061,77.868,1.193,-0.2610687154,6.5,9.5,0,,1.5,0.286,-1.5,0,0
2022,4,Emilia Romagna Grand Prix,2022-04-24,Imola,OCO,Esteban Ocon,Alpine,16,19,14,0,+1 Lap,82.338,78.793,3.545,2.39965468,6.666666667,10.33333333,0,,0.7,0.003,-1.333333333,0,0
2022,5,Miami Grand Prix,2022-05-08,Miami,OCO,Esteban Ocon,Alpine,20,20,8,4,Finished,,88.796,,,9,13.16666667,0,,-0.5,0.19,-2.25,0,1
2022,6,Spanish Grand Prix,2022-05-22,Barcelona,OCO,Esteban Ocon,Alpine,12,12,7,6,Finished,80.638,78.75,1.888,0.4217497418,9.666666667,12.66666667,0,,-2.6,0.323,-4.2,0,0
2022,7,Monaco Grand Prix,2022-05-29,Monaco,OCO,Esteban Ocon,Alpine,10,10,12,0,Finished,72.528,71.376,1.152,-0.2514485605,9.666666667,11.33333333,0,,-0.9,0.225,-4.4,0,1
2022,8,Azerbaijan Grand Prix,2022-06-12,Baku,OCO,Esteban Ocon,Alpine,13,13,10,1,Finished,103.585,101.359,2.226,0.1052788698,9,9,0,,0.1,0.282,-4.2,0,1
2022,9,Canadian Grand Prix,2022-06-19,Montréal,OCO,Esteban Ocon,Alpine,7,7,6,8,Finished,83.529,81.299,2.23,-0.7687794252,9.666666667,8.666666667,0,,0.2,0.645,-4.6,0,0
2022,10,British Grand Prix,2022-07-03,Silverstone,OCO,Esteban Ocon,Alpine,15,15,15,0,Fuel pump,101.73,100.19,1.54,0.2772977903,9.333333333,8.5,0,,-0.8,0,-3.8,0,0
2022,11,Austrian Grand Prix,2022-07-10,Spielberg,OCO,Esteban Ocon,Alpine,6,5,5,10,Finished,65.726,64.984,0.742,-0.5515870173,10.33333333,8.666666667,0.2,,1.1,0.029,-1.4,0,0
2022,12,French Grand Prix,2022-07-24,Le Castellet,OCO,Esteban Ocon,Alpine,10,12,8,4,Finished,93.048,90.872,2.176,0.4753946898,8.666666667,8.333333333,0.2,,-0.8,0.304,-0.4,0,0
2022,13,Hungarian Grand Prix,2022-07-31,Budapest,OCO,Esteban Ocon,Alpine,5,5,9,2,+1 Lap,78.018,77.377,0.641,-0.6016951146,9.333333333,8.166666667,0.2,,-0.1,0.044,-1.6,0,0
2022,14,Belgian Grand Prix,2022-08-28,Spa-Francorchamps,OCO,Esteban Ocon,Alpine,16,5,7,6,Finished,105.18,103.665,1.515,-0.5293234601,7.333333333,7.666666667,0.2,,-0.1,0.632,-0.2,1,0
2022,15,Dutch Grand Prix,2022-09-04,Zandvoort,OCO,Esteban Ocon,Alpine,12,12,9,2,Finished,71.605,70.342,1.263,0.1854057911,8,7.166666667,0.2,,-0.6,0.021,0.4,0,0
2022,16,Italian Grand Prix,2022-09-11,Monza,OCO,Esteban Ocon,Alpine,14,11,11,0,Finished,82.13,80.161,1.969,0.3245067064,8.333333333,7.333333333,0,,3,0.145,-0.2,1,0
2022,17,Singapore Grand Prix,2022-10-02,Marina Bay,OCO,Esteban Ocon,Alpine,17,18,16,0,Engine,116.337,109.412,6.925,1.173777646,9,9.5,0,,2.6,0.022,-0.2,0,1
2022,18,Japanese Grand Prix,2022-10-09,Suzuka,OCO,Esteban Ocon,Alpine,5,5,4,12,Finished,90.165,89.304,0.861,-0.5409042443,12,13.16666667,0.2,,-1.9,0.01,0.2,0,0
2022,19,United States Grand Prix,2022-10-23,Austin,OCO,Esteban Ocon,Alpine,20,18,11,0,Finished,97.068,94.356,2.712,1.076495068,10.33333333,12.5,0.2,,-3.4,0.065,-0.8,0,0
2022,20,Mexico City Grand Prix,2022-10-30,Mexico City,OCO,Esteban Ocon,Alpine,10,10,8,4,+1 Lap,79.01,77.775,1.235,-0.2502059745,10.33333333,10.5,0.2,,3.1,0.304,-2.6,0,0
2022,21,São Paulo Grand Prix,2022-11-13,São Paulo,OCO,Esteban Ocon,Alpine,16,6,8,4,Finished,71.587,71.41,0.177,-0.5517395162,7.666666667,9.333333333,0.2,,-0.7,0,-2.4,1,0
2022,22,Abu Dhabi Grand Prix,2022-11-20,Yas Island,OCO,Esteban Ocon,Alpine,8,8,7,6,Finished,84.83,83.824,1.006,-0.3054495958,9,9.666666667,0.2,,0.2,0.228,-2,0,0
2023,1,Bahrain Grand Prix,2023-03-05,Sakhir,OCO,Esteban Ocon,Alpine,9,9,18,0,Retired,90.914,89.708,1.206,-0.1350782036,7.666666667,11.16666667,0,7,0.7,0.138,-1.8,0,0
2023,2,Saudi Arabian Grand Prix,2023-03-19,Jeddah,OCO,Esteban Ocon,Alpine,6,7,8,4,Finished,89.078,88.265,0.813,-0.3198762391,11,11.16666667,0.2,6,-1.1,0.155,0.2,0,1
2023,3,Australian Grand Prix,2023-04-02,Melbourne,OCO,Esteban Ocon,Alpine,11,11,14,0,Retired,77.768,76.732,1.036,0.02835736686,11,11.83333333,0.2,7,-0.2,0.236,1.8,0,0
2023,4,Azerbaijan Grand Prix,2023-04-30,Baku,OCO,Esteban Ocon,Alpine,19,12,15,0,Finished,101.798,100.203,1.595,-0.19047862,13.33333333,11.83333333,0.2,10,1.6,0.188,2.8,1,1
2023,5,Miami Grand Prix,2023-05-07,Miami,OCO,Esteban Ocon,Alpine,8,8,9,2,Finished,87.444,86.841,0.603,-0.5521339925,12.33333333,12.16666667,0.2,8,-0.9,0.256,3,0,1
2023,6,Monaco Grand Prix,2023-05-28,Monaco,OCO,Esteban Ocon,Alpine,3,4,3,15,Finished,71.553,71.365,0.188,-1.070499314,12.66666667,12.16666667,0.2,12,-2,0.084,3.4,0,1
2023,7,Spanish Grand Prix,2023-06-04,Barcelona,OCO,Esteban Ocon,Alpine,6,7,8,4,Finished,73.001,72.272,0.729,-0.601410776,9,9.333333333,0,7,-0.2,0.462,1.4,0,0
2023,8,Canadian Grand Prix,2023-06-18,Montréal,OCO,Esteban Ocon,Alpine,6,6,8,4,Finished,80.406,79.092,1.314,-0.41032443,6.666666667,7.5,0,6,1.5,1.213,1.4,0,0
2023,9,Austrian Grand Prix,2023-07-02,Spielberg,OCO,Esteban Ocon,Alpine,12,12,14,0,Lapped,65.453,64.391,1.062,0.3711502461,6.333333333,8,0,5,0,0.048,1.2,0,0
2023,10,British Grand Prix,2023-07-09,Silverstone,OCO,Esteban Ocon,Alpine,13,13,20,0,Retired,88.956,86.72,2.236,0.2643274103,10,10.33333333,0,15,1.8,0.241,1,0,0
2023,11,Hungarian Grand Prix,2023-07-23,Budapest,OCO,Esteban Ocon,Alpine,12,12,19,0,Retired,77.841,76.609,1.232,0.1344552928,14,13.66666667,0.2,9,2.6,0.003,2.2,0,0
2023,12,Belgian Grand Prix,2023-07-30,Spa-Francorchamps,OCO,Esteban Ocon,Alpine,14,15,8,4,Finished,116.372,106.168,10,1.164285816,17.66666667,16.83333333,0.4,7,-1.5,0.82,3.8,0,0
2023,13,Dutch Grand Prix,2023-08-27,Zandvoort,OCO,Esteban Ocon,Alpine,16,17,10,1,Finished,82.11,70.567,10,0.9823244444,15.66666667,16,0.4,9,-4.5,0.537,2.2,0,0
2023,14,Italian Grand Prix,2023-09-03,Monza,OCO,Esteban Ocon,Alpine,18,18,19,0,Retired,82.548,80.294,2.254,1.286219853,12.33333333,11.83333333,0.4,11,1,0.013,0.4,0,0
2023,15,Singapore Grand Prix,2023-09-17,Marina Bay,OCO,Esteban Ocon,Alpine,8,8,18,0,Retired,91.673,90.984,0.689,-0.5267598398,12.33333333,11,0.6,16,1.5,0.072,0.2,0,1
2023,16,Japanese Grand Prix,2023-09-24,Suzuka,OCO,Esteban Ocon,Alpine,14,14,9,2,Finished,90.586,88.877,1.709,0.4419291893,15.66666667,11.83333333,0.6,4,-1.1,0.581,0.8,0,0
2023,17,Qatar Grand Prix,2023-10-08,Lusail,OCO,Esteban Ocon,Alpine,8,8,7,6,Finished,84.763,83.778,0.985,-0.5246798235,15.33333333,12.83333333,0.4,,0.3,0.441,-1.6,0,0
2023,18,United States Grand Prix,2023-10-22,Austin,OCO,Esteban Ocon,Alpine,8,8,18,0,Retired,95.154,94.723,0.431,-0.6754091674,11.33333333,10.33333333,0.4,11,-1,0.13,-0.4,0,0
2023,19,Mexico City Grand Prix,2023-10-29,Mexico City,OCO,Esteban Ocon,Alpine,15,16,10,1,Finished,79.08,77.166,1.914,0.7248575151,11.33333333,10.33333333,0.6,8,0.9,0.067,3,0,0
2023,20,São Paulo Grand Prix,2023-11-05,São Paulo,OCO,Esteban Ocon,Alpine,14,12,10,1,Lapped,70.562,70.162,0.4,0.1313784344,11.66666667,10.66666667,0.4,8,-0.6,0.141,1.6,0,0
2023,21,Las Vegas Grand Prix,2023-11-18,Las Vegas,OCO,Esteban Ocon,Alpine,16,17,4,12,Finished,94.834,92.726,2.108,1.026300375,12.66666667,10.33333333,0.2,,0,0.044,-0.8,0,1
2023,22,Abu Dhabi Grand Prix,2023-11-26,Yas Island,OCO,Esteban Ocon,Alpine,12,12,12,0,Finished,84.391,83.445,0.946,0.3914039997,8,8.833333333,0.2,7,0.6,0.139,-2.4,0,0
2024,1,Bahrain Grand Prix,2024-03-02,Sakhir,OCO,Esteban Ocon,Alpine,19,19,17,0,Lapped,90.793,89.179,1.614,1.337873688,8.666666667,9.5,0.2,12.5,2.2,0,-2.2,0,0
2024,2,Saudi Arabian Grand Prix,2024-03-09,Jeddah,OCO,Esteban Ocon,Alpine,17,17,13,0,Lapped,89.475,87.472,2.003,1.402785191,11,12.5,0,7,1.9,0.319,-4.6,0,1
2024,3,Australian Grand Prix,2024-03-24,Melbourne,OCO,Esteban Ocon,Alpine,15,15,16,0,Lapped,77.617,75.915,1.702,0.8543359461,14,15.5,0,10.5,-1.4,0.27,-4.2,0,0
2024,4,Japanese Grand Prix,2024-04-07,Suzuka,OCO,Esteban Ocon,Alpine,15,15,15,0,Lapped,89.811,88.197,1.614,0.7858507026,15.33333333,16.16666667,0,6.5,-0.5,0.066,-3.6,0,0
2024,5,Chinese Grand Prix,2024-04-21,Shanghai,OCO,Esteban Ocon,Alpine,13,13,11,0,Finished,95.223,93.66,1.563,0.5515672499,14.66666667,15.5,0,,-0.1,0.322,-1,0,0
2024,6,Miami Grand Prix,2024-05-05,Miami,OCO,Esteban Ocon,Alpine,13,13,10,1,Finished,88.209,87.241,0.968,0.3362220261,14,14,0,8.5,-1.2,0.141,-1.4,0,1
2024,7,Emilia Romagna Grand Prix,2024-05-19,Imola,OCO,Esteban Ocon,Alpine,12,12,14,0,Lapped,75.906,74.746,1.16,0.2398852837,12,12.83333333,0,14,0.5,0.074,-1.6,0,0
2024,8,Monaco Grand Prix,2024-05-26,Monaco,OCO,Esteban Ocon,Alpine,11,11,17,0,Retired,71.285,70.27,1.015,0.0244474016,11.66666667,12.66666667,0,7.5,0,0.154,-0.4,0,1
2024,9,Canadian Grand Prix,2024-06-09,Montréal,OCO,Esteban Ocon,Alpine,18,18,10,1,Finished,73.435,71.742,1.693,1.054672083,13.66666667,13.16666667,0.2,7,-1.1,0.258,0.6,0,0
2024,10,Spanish Grand Prix,2024-06-23,Barcelona,OCO,Esteban Ocon,Alpine,8,9,10,1,Finished,72.109,71.383,0.726,-0.2383351241,13.66666667,12.66666667,0.2,7.5,-0.9,0.02,-1,0,0
2024,11,Austrian Grand Prix,2024-06-30,Spielberg,OCO,Esteban Ocon,Alpine,10,10,12,0,Finished,65.274,64.314,0.96,-0.03157968517,12.33333333,10.83333333,0.2,9.5,0.2,0.404,-0.4,0,0
2024,12,British Grand Prix,2024-07-07,Silverstone,OCO,Esteban Ocon,Alpine,18,18,16,0,Lapped,94.557,85.819,8.738,1.700385438,10.66666667,10,0.2,17.5,2.4,0.171,0.6,0,0
2024,13,Hungarian Grand Prix,2024-07-21,Budapest,OCO,Esteban Ocon,Alpine,19,19,18,0,Lapped,78.049,75.227,2.822,1.575459699,12.66666667,12.83333333,0.2,14,2.4,0.022,-0.2,0,0
2024,14,Belgian Grand Prix,2024-07-28,Spa-Francorchamps,OCO,Esteban Ocon,Alpine,9,10,9,2,Finished,114.46,113.159,1.301,-0.3419568356,15.33333333,16,0,7.5,-1.2,0.595,-1.6,0,0
2024,15,Dutch Grand Prix,2024-08-25,Zandvoort,OCO,Esteban Ocon,Alpine,15,16,15,0,Lapped,71.995,69.673,2.322,1.180536413,14.33333333,16,0,9.5,-3.1,0.356,-0.2,0,0
2024,16,Italian Grand Prix,2024-09-01,Monza,OCO,Esteban Ocon,Alpine,15,15,14,0,Lapped,80.764,79.327,1.437,0.698925863,14,14,0,15,1,0.109,-0.6,0,0
2024,17,Azerbaijan Grand Prix,2024-09-15,Baku,OCO,Esteban Ocon,Alpine,20,19,15,0,Lapped,104.504,101.365,3.139,1.947190097,12.66666667,12.5,0,12.5,0.5,0.321,-1.2,0,1
2024,18,Singapore Grand Prix,2024-09-22,Marina Bay,OCO,Esteban Ocon,Alpine,15,15,13,0,Lapped,90.769,89.525,1.244,0.4519616699,14.66666667,13.33333333,0,17,0.5,0.155,-1.6,0,1
2024,19,United States Grand Prix,2024-10-20,Austin,OCO,Esteban Ocon,Alpine,12,13,18,0,Lapped,93.597,92.33,1.267,0.3955897138,14,14.33333333,0,14.5,-0.2,0.031,-1.8,0,0
2024,20,Mexico City Grand Prix,2024-10-27,Mexico City,OCO,Esteban Ocon,Alpine,20,19,13,0,Lapped,77.617,75.946,1.671,1.067978255,15.33333333,14.5,0,9,-0.9,0.225,-0.6,0,0
2024,21,São Paulo Grand Prix,2024-11-03,São Paulo,OCO,Esteban Ocon,Alpine,4,4,2,18,Finished,84.475,83.405,1.07,-0.9501595261,14.66666667,13.83333333,0,9,-2.3,0.173,-1.6,0,0
2024,22,Las Vegas Grand Prix,2024-11-23,Las Vegas,OCO,Esteban Ocon,Alpine,11,11,17,0,Lapped,93.221,92.312,0.909,-0.2009933519,11,9.666666667,0,4,0.9,0.098,-1.8,0,1
2024,23,Qatar Grand Prix,2024-12-01,Lusail,OCO,Esteban Ocon,Alpine,20,20,20,0,Retired,82.714,80.52,2.194,1.703812416,10.66666667,10.83333333,0,7,1.9,0.055,0.2,0,0
2025,1,Australian Grand Prix,2025-03-16,Melbourne,OCO,Esteban Ocon,Haas,19,19,13,0,Finished,77.147,75.096,2.051,1.889404475,13,11.5,0.2,12.33333333,0.3,0.084,0.6,0,0
2025,2,Chinese Grand Prix,2025-03-23,Shanghai,OCO,Esteban Ocon,Haas,11,11,5,10,Finished,91.625,90.641,0.984,0.3774718058,16.66666667,12.66666667,0.2,11,-0.3,0.082,-1.6,0,0
2025,3,Japanese Grand Prix,2025-04-06,Suzuka,OCO,Esteban Ocon,Haas,18,18,18,0,Finished,88.696,86.983,1.713,1.295131109,12.66666667,10.66666667,0.2,9.333333333,-1.6,0.012,-1.6,0,0
2025,4,Bahrain Grand Prix,2025-04-13,Sakhir,OCO,Esteban Ocon,Haas,14,14,8,4,Finished,91.594,89.841,1.753,0.5290028762,12,11.33333333,0.2,14,1.7,0.168,-1.2,0,0
2025,5,Saudi Arabian Grand Prix,2025-04-20,Jeddah,OCO,Esteban Ocon,Haas,19,19,14,0,Finished,89.092,87.294,1.798,1.554703533,10.33333333,9.833333333,0.2,9,-0.4,0.01,-3.6,0,1
2025,6,Miami Grand Prix,2025-05-04,Miami,OCO,Esteban Ocon,Haas,9,9,12,0,Finished,86.824,86.204,0.62,-0.2679798875,13.33333333,12.16666667,0,9,2.4,0.065,-4.6,0,1
2025,7,Emilia Romagna Grand Prix,2025-05-18,Imola,OCO,Esteban Ocon,Haas,18,18,20,0,Retired,76.613,74.67,1.943,1.408847633,11.33333333,12.66666667,0,14,0.6,0.034,-2.8,0,0
2025,8,Monaco Grand Prix,2025-05-25,Monaco,OCO,Esteban Ocon,Haas,8,8,7,6,Lapped,70.942,69.954,0.988,-0.3698155294,15.33333333,15.83333333,0.2,10.66666667,-0.6,0.109,-1.2,0,1
2025,9,Spanish Grand Prix,2025-06-01,Barcelona,OCO,Esteban Ocon,Haas,16,17,16,0,Finished,73.201,71.546,1.655,1.166788323,13,14.5,0.2,8.333333333,-1.3,0.209,-1.4,0,0
2025,10,Canadian Grand Prix,2025-06-15,Montréal,OCO,Esteban Ocon,Haas,14,15,9,2,Lapped,72.378,70.899,1.479,0.8811672404,14.33333333,14.83333333,0.2,8,0.7,0.16,-0.4,0,0
2025,11,Austrian Grand Prix,2025-06-29,Spielberg,OCO,Esteban Ocon,Haas,17,17,10,1,Lapped,65.364,63.971,1.393,0.9108909006,10.66666667,12,0.2,10.33333333,-1.9,0.521,-0.6,0,0
2025,12,British Grand Prix,2025-07-06,Silverstone,OCO,Esteban Ocon,Haas,14,15,13,0,Finished,85.95,84.892,1.058,0.3529746023,11.66666667,12.33333333,0.2,17,0.1,0.103,-2.6,0,0
2025,13,Belgian Grand Prix,2025-07-27,Spa-Francorchamps,OCO,Esteban Ocon,Haas,11,11,15,0,Finished,101.525,100.562,0.963,0.0685518816,10.66666667,10.83333333,0,8,0.3,0.064,-3.4,0,0
2025,14,Hungarian Grand Prix,2025-08-03,Budapest,OCO,Esteban Ocon,Haas,17,18,16,0,Lapped,76.023,75.372,0.651,1.310979872,12.66666667,11.83333333,0,15.33333333,2,0,-2.4,0,0
2025,15,Dutch Grand Prix,2025-08-31,Zandvoort,OCO,Esteban Ocon,Haas,18,18,10,1,Finished,70.197,68.662,1.535,1.506814519,14.66666667,14.33333333,0,11.33333333,-0.9,0.012,-2.6,0,0
2025,16,Italian Grand Prix,2025-09-07,Monza,OCO,Esteban Ocon,Haas,15,15,15,0,Lapped,79.707,78.792,0.915,0.5756940027,13.66666667,13,0,14.66666667,-2.2,0.077,-3,0,0
2025,17,Azerbaijan Grand Prix,2025-09-21,Baku,OCO,Esteban Ocon,Haas,20,20,14,0,Finished,,101.117,,,13.66666667,13.16666667,0,13.33333333,1.7,0.478,-1.6,0,1
2025,18,Singapore Grand Prix,2025-10-05,Marina Bay,OCO,Esteban Ocon,Haas,17,17,18,0,Lapped,90.989,89.158,1.831,1.354393528,13,11.5,0,15.66666667,-0.7,0.182,-2.4,0,1
2025,19,United States Grand Prix,2025-10-19,Austin,OCO,Esteban Ocon,Haas,17,17,15,0,Finished,94.136,92.51,1.626,1.173177316,15.66666667,13.33333333,0,15.66666667,-0.2,0.291,-3,0,0
2025,20,Mexico City Grand Prix,2025-10-26,Mexico City,OCO,Esteban Ocon,Haas,11,12,9,2,Finished,76.837,75.586,1.251,0.2718833541,15.66666667,12.83333333,0,10.33333333,-1.3,0.262,-3,0,0
2025,21,São Paulo Grand Prix,2025-11-09,São Paulo,OCO,Esteban Ocon,Haas,20,17,12,0,Finished,70.438,69.511,0.927,1.280229032,14,10.66666667,0,6.666666667,-1.2,0.174,-2,1,0
2025,22,Las Vegas Grand Prix,2025-11-22,Las Vegas,OCO,Esteban Ocon,Haas,13,13,9,2,Finished,112.987,107.934,5.053,0.2977627052,12,9.166666667,0,10.5,1.5,0.323,-3,0,1
2025,23,Qatar Grand Prix,2025-11-30,Lusail,OCO,Esteban Ocon,Haas,16,17,15,0,Lapped,80.864,79.387,1.477,1.067317302,10,8.333333333,0,13.5,2.3,0.108,-2.6,0,0
2025,24,Abu Dhabi Grand Prix,2025-12-07,Yas Island,OCO,Esteban Ocon,Haas,8,8,7,6,Finished,82.913,82.207,0.706,-0.1995808037,12,11.83333333,0,9.5,1,0.201,-3.2,0,0
2026,1,Australian Grand Prix,2026-03-08,Melbourne,OCO,Esteban Ocon,Haas,13,13,11,0,Lapped,80.491,78.518,1.973,0.1391602044,10.33333333,12,0,12.5,-3.2,0.293,-3,0,0
2026,2,Chinese Grand Prix,2026-03-15,Shanghai,OCO,Esteban Ocon,Haas,13,13,14,0,Lapped,93.538,92.064,1.474,-0.09473116493,11,11.83333333,0,8,-1,0.222,-2.8,0,0
2026,3,Japanese Grand Prix,2026-03-29,Suzuka,OCO,Esteban Ocon,Haas,12,12,10,1,Finished,90.309,88.778,1.531,-0.1341832748,10.66666667,9.333333333,0,11.5,3.3,0.298,-1.6,0,0
2026,4,Miami Grand Prix,2026-05-03,Miami,OCO,Esteban Ocon,Haas,14,14,13,0,Lapped,89.772,87.798,1.974,0.1120364703,11.66666667,11.5,0,9.75,0.8,0.166,-1.2,0,1
2026,5,Canadian Grand Prix,2026-05-24,Montréal,OCO,Esteban Ocon,Haas,17,17,14,0,Lapped,74.845,72.578,2.267,0.7833042085,12.33333333,12.5,0,8.25,-2.1,0.068,-1,0,0
2026,6,Monaco Grand Prix,2026-06-07,Monaco,OCO,Esteban Ocon,Haas,17,17,9,2,Finished,74.722,72.051,2.671,0.8634264557,12.33333333,13.33333333,0,9.75,1.9,0.043,-1.4,0,1
2026,7,Barcelona Grand Prix,2026-06-14,Barcelona,OCO,Esteban Ocon,Haas,17,17,13,0,Lapped,77.073,74.679,2.394,0.7027952803,12,12.83333333,0,10.25,0.9,0.064,-2.6,0,0
2026,8,Austrian Grand Prix,2026-06-28,Spielberg,OCO,Esteban Ocon,Haas,15,15,16,0,Lapped,67.817,66.113,1.704,0.2341766169,12,13.83333333,0,10.25,-0.8,0.236,-3.6,0,0
2026,9,British Grand Prix,2026-07-05,Silverstone,OCO,Esteban Ocon,Haas,17,17,13,0,Finished,90.68,88.111,2.569,0.520348994,12.66666667,14.83333333,0,16,-0.7,0.175,-3,0,0
2026,10,Belgian Grand Prix,2026-07-19,Spa-Francorchamps,OCO,Esteban Ocon,Haas,16,18,17,0,Finished,107.801,104.361,3.44,0.8812471207,14,14.16666667,0,9.75,-0.3,0.317,-3.6,0,0
2026,11,Hungarian Grand Prix,2026-07-26,Budapest,OCO,Esteban Ocon,Haas,15,15,16,0,Lapped,79.734,77.207,2.527,0.5837172633,15.33333333,14.33333333,0,15.5,1.8,0.012,-3.2,0,0
2026,12,Dutch Grand Prix,2026-08-23,Zandvoort,OCO,Esteban Ocon,Haas,15,15,19,0,Retired,73.137,71.163,1.974,0.5177962671,15.33333333,15.16666667,0,11,1.3,0.102,-1.4,0,0
2026,13,Italian Grand Prix,2026-09-06,Monza,OCO,Esteban Ocon,Haas,14,16,16,0,Lapped,83.454,81.786,1.668,0.4253551493,17.33333333,17.66666667,0.2,14.75,-0.5,0.06,0.2,0,0
2026,14,Spanish Grand Prix,2026-09-13,Madrid,OCO,Esteban Ocon,Haas,13,13,11,0,Lapped,93.667,91.824,1.843,0.08676275485,17,17.66666667,0.2,,-1.3,0.011,0,0,1
2026,15,Azerbaijan Grand Prix,2026-09-26,Baku,OCO,Esteban Ocon,Haas,13,14,8,4,Finished,105.016,102.526,2.49,0.07021746642,15.33333333,16.33333333,0.2,13.5,-1.7,0.837,0.4,0,1
2026,16,Bahrain Grand Prix,2026-10-04,Kuala Lumpur,OCO,Esteban Ocon,Haas,17,19,15,0,Finished,98.233,95.13,3.103,1.076598112,11.66666667,12.5,0.2,,-0.7,0.298,-0.6,0,0
2022,1,Bahrain Grand Prix,2022-03-20,Sakhir,PER,Sergio Perez,Red Bull Racing,4,4,18,0,Fuel pressure,90.921,90.558,0.363,-1.06878504,,,,,,0.123,,0,0
2022,2,Saudi Arabian Grand Prix,2022-03-27,Jeddah,PER,Sergio Perez,Red Bull Racing,1,1,4,12,Finished,88.2,88.2,0,-1.450051785,18,18.5,0,,,0.025,,0,1
2022,3,Australian Grand Prix,2022-04-10,Melbourne,PER,Sergio Perez,Red Bull Racing,3,3,2,18,Finished,78.24,77.868,0.372,-1.115540157,11,10.5,0,,,0.286,8.5,0,0
2022,4,Emilia Romagna Grand Prix,2022-04-24,Imola,PER,Sergio Perez,Red Bull Racing,3,7,2,18,Finished,79.296,78.793,0.503,-0.8435404842,8,10.33333333,0,,-0.4,0.003,5.333333333,0,0
2022,5,Miami Grand Prix,2022-05-08,Miami,PER,Sergio Perez,Red Bull Racing,4,4,4,12,Finished,89.036,88.796,0.24,-1.246246103,2.666666667,4.666666667,0,,-8.881784197e-17,0.19,2.75,0,1
2022,6,Spanish Grand Prix,2022-05-22,Barcelona,PER,Sergio Perez,Red Bull Racing,5,5,2,19,Finished,79.42,78.75,0.67,-0.9330997519,2.666666667,4.666666667,0,,-3.2,0.323,2.2,0,0
2022,7,Monaco Grand Prix,2022-05-29,Monaco,PER,Sergio Perez,Red Bull Racing,3,3,1,25,Finished,71.629,71.376,0.253,-1.112436014,2.666666667,1.833333333,0,,-0.2,0.225,-1.2,0,1
2022,8,Azerbaijan Grand Prix,2022-06-12,Baku,PER,Sergio Perez,Red Bull Racing,2,2,2,19,Finished,101.641,101.359,0.282,-1.396277424,2.333333333,2,0,,0.3,0.282,-2.2,0,1
2022,9,Canadian Grand Prix,2022-06-19,Montréal,PER,Sergio Perez,Red Bull Racing,13,13,20,0,Gearbox,93.127,81.299,10,1.13149452,1.666666667,1.666666667,0,,0.1,0.645,-2,0,0
2022,10,British Grand Prix,2022-07-03,Silverstone,PER,Sergio Perez,Red Bull Racing,4,4,2,18,Finished,100.521,100.19,0.331,-0.9840002853,7.666666667,4.666666667,0.2,,1.4,0,0.4,0,0
2022,11,Austrian Grand Prix,2022-07-10,Spielberg,PER,Sergio Perez,Red Bull Racing,5,13,20,0,Collision damage,66.143,64.984,1.159,0.08973958583,8,5.5,0.2,,-0.6,0.029,0,0,0
2022,12,French Grand Prix,2022-07-24,Le Castellet,PER,Sergio Perez,Red Bull Racing,3,3,4,12,Finished,91.335,90.872,0.463,-1.343774535,14,8.666666667,0.4,,2,0.304,2,0,0
2022,13,Hungarian Grand Prix,2022-07-31,Budapest,PER,Sergio Perez,Red Bull Racing,11,11,5,10,Finished,78.516,77.377,1.139,0.0739399859,8.666666667,6,0.4,,-2.8,0.044,2.6,0,0
2022,14,Belgian Grand Prix,2022-08-28,Spa-Francorchamps,PER,Sergio Perez,Red Bull Racing,2,3,2,18,Finished,104.462,103.665,0.797,-1.273360744,9.666666667,5.5,0.4,,-0.1,0.632,1.4,0,0
2022,15,Dutch Grand Prix,2022-09-04,Zandvoort,PER,Sergio Perez,Red Bull Racing,5,5,5,10,Finished,71.077,70.342,0.735,-0.5140887261,3.666666667,2.333333333,0.2,,-0.3,0.021,-0.2,0,0
2022,16,Italian Grand Prix,2022-09-11,Monza,PER,Sergio Perez,Red Bull Racing,13,4,6,9,Finished,81.206,80.161,1.045,-0.7903629597,4,2.5,0.2,,0.3,0.145,0.2,1,0
2022,17,Singapore Grand Prix,2022-10-02,Marina Bay,PER,Sergio Perez,Red Bull Racing,2,2,1,25,Finished,109.434,109.412,0.022,-1.258628193,4.333333333,2.666666667,0,,0.1,0.022,-0.8,0,1
2022,18,Japanese Grand Prix,2022-10-09,Suzuka,PER,Sergio Perez,Red Bull Racing,4,4,2,18,Finished,89.709,89.304,0.405,-1.182476192,4,3.5,0,,0.7,0.01,-1.2,0,0
2022,19,United States Grand Prix,2022-10-23,Austin,PER,Sergio Perez,Red Bull Racing,9,4,4,12,Finished,94.645,94.356,0.289,-1.311336259,3,3,0,,0.1,0.065,-0.4,1,0
2022,20,Mexico City Grand Prix,2022-10-30,Mexico City,PER,Sergio Perez,Red Bull Racing,4,4,3,15,Finished,78.128,77.775,0.353,-1.111907144,2.333333333,2.666666667,0,,-1,0.304,-0.2,0,0
2022,21,São Paulo Grand Prix,2022-11-13,São Paulo,PER,Sergio Perez,Red Bull Racing,4,9,7,6,Finished,71.456,71.41,0.046,-0.6224303829,3,2,0,,-0.1,0,-0.4,0,0
2022,22,Abu Dhabi Grand Prix,2022-11-20,Yas Island,PER,Sergio Perez,Red Bull Racing,2,2,3,15,Finished,84.052,83.824,0.228,-1.434916257,4.666666667,3.666666667,0,,1.4,0.228,-1.2,0,0
2023,1,Bahrain Grand Prix,2023-03-05,Sakhir,PER,Sergio Perez,Red Bull Racing,2,2,2,18,Finished,89.846,89.708,0.138,-1.475817251,4.333333333,3.5,0,18,-0.4,0.138,-0.8,0,0
2023,2,Saudi Arabian Grand Prix,2023-03-19,Jeddah,PER,Sergio Perez,Red Bull Racing,1,1,1,25,Finished,88.265,88.265,0,-0.7093907788,4,3.333333333,0,4,-1.1,0.155,-0.4,0,1
2023,3,Australian Grand Prix,2023-04-02,Melbourne,PER,Sergio Perez,Red Bull Racing,20,20,5,11,Finished,,76.732,,,2,1.666666667,0,2,0.1,0.236,-0.4,0,0
2023,4,Azerbaijan Grand Prix,2023-04-30,Baku,PER,Sergio Perez,Red Bull Racing,3,3,1,25,Finished,100.495,100.203,0.292,-0.7919414621,2.666666667,2,0,2,0.4,0.188,-3.2,0,1
2023,5,Miami Grand Prix,2023-05-07,Miami,PER,Sergio Perez,Red Bull Racing,1,1,2,18,Finished,86.841,86.841,0,-1.597953994,2.333333333,2,0,4,-0.4,0.256,-3.2,0,1
2023,6,Monaco Grand Prix,2023-05-28,Monaco,PER,Sergio Perez,Red Bull Racing,20,20,16,0,Lapped,73.85,71.365,2.485,2.003363959,2.666666667,2,0,1,0.1,0.084,-3.2,0,1
2023,7,Spanish Grand Prix,2023-06-04,Barcelona,PER,Sergio Perez,Red Bull Racing,11,11,4,12,Finished,73.334,72.272,1.062,-0.04977935221,6.333333333,3.833333333,0,2,1.2,0.462,-4,0,0
2023,8,Canadian Grand Prix,2023-06-18,Montréal,PER,Sergio Perez,Red Bull Racing,12,12,6,9,Finished,80.959,79.092,1.867,-0.03030532133,7.333333333,4.166666667,0,20,-1.2,1.213,-5.4,0,0
2023,9,Austrian Grand Prix,2023-07-02,Spielberg,PER,Sergio Perez,Red Bull Racing,15,15,3,15,Finished,65.177,64.391,0.786,-0.1564699853,8.666666667,4.833333333,0,20,0.2,0.048,-3.6,0,0
2023,10,British Grand Prix,2023-07-09,Silverstone,PER,Sergio Perez,Red Bull Racing,15,15,6,8,Finished,89.968,86.72,3.248,0.9170832405,4.333333333,2.666666667,0,2,-0.3,0.241,-5.6,0,0
2023,11,Hungarian Grand Prix,2023-07-23,Budapest,PER,Sergio Perez,Red Bull Racing,9,9,3,15,Finished,77.045,76.609,0.436,-0.717326745,5,3,0,5,0.3,0.003,-7.6,0,0
2023,12,Belgian Grand Prix,2023-07-30,Spa-Francorchamps,PER,Sergio Perez,Red Bull Racing,2,3,2,18,Finished,107.045,106.168,0.877,-1.032202769,4,2.5,0,2,-0.3,0.82,-8,0,0
2023,13,Dutch Grand Prix,2023-08-27,Zandvoort,PER,Sergio Perez,Red Bull Racing,7,7,4,12,Finished,71.88,70.567,1.313,-0.9850421143,3.666666667,2.333333333,0,5,-0.1,0.537,-6.8,0,0
2023,14,Italian Grand Prix,2023-09-03,Monza,PER,Sergio Perez,Red Bull Racing,5,5,2,18,Finished,80.688,80.294,0.394,-0.8941118187,3,2,0,6,0.2,0.013,-6.2,0,0
2023,15,Singapore Grand Prix,2023-09-17,Marina Bay,PER,Sergio Perez,Red Bull Racing,13,13,8,4,Finished,92.099,90.984,1.115,0.03020142045,2.666666667,1.833333333,0,1,-0.2,0.072,-4.4,0,1
2023,16,Japanese Grand Prix,2023-09-24,Suzuka,PER,Sergio Perez,Red Bull Racing,5,5,19,0,Retired,89.65,88.877,0.773,-0.9086926878,4.666666667,3.5,0,2,1.4,0.581,-3.6,0,0
2023,17,Qatar Grand Prix,2023-10-08,Lusail,PER,Sergio Perez,Red Bull Racing,20,13,10,1,Finished,85.462,83.778,1.684,0.161927303,9.666666667,6,0.2,,1.1,0.441,0.4,1,0
2023,18,United States Grand Prix,2023-10-22,Austin,PER,Sergio Perez,Red Bull Racing,9,9,4,12,Finished,95.173,94.723,0.45,-0.6456140102,12.33333333,7.333333333,0.2,4,-1.7,0.13,0,0,0
2023,19,Mexico City Grand Prix,2023-10-29,Mexico City,PER,Sergio Perez,Red Bull Racing,5,5,20,0,Collision damage,77.423,77.166,0.257,-0.8263040637,11,6,0.2,3,-0.6,0.067,-0.4,0,0
2023,20,São Paulo Grand Prix,2023-11-05,São Paulo,PER,Sergio Perez,Red Bull Racing,9,9,4,12,Finished,70.219,70.162,0.057,-0.9364604995,11.33333333,6.166666667,0.4,7,1.6,0.141,3.2,0,0
2023,21,Las Vegas Grand Prix,2023-11-18,Las Vegas,PER,Sergio Perez,Red Bull Racing,11,12,3,15,Finished,93.855,92.726,1.129,-0.06492750132,9.333333333,5.166666667,0.4,,-1.6,0.044,3.2,0,1
2023,22,Abu Dhabi Grand Prix,2023-11-26,Yas Island,PER,Sergio Perez,Red Bull Racing,9,9,4,12,Finished,84.116,83.445,0.671,-0.2253287803,9,5,0.2,3,-0.1,0.139,-1.4,0,0
2024,1,Bahrain Grand Prix,2024-03-02,Sakhir,PER,Sergio Perez,Red Bull Racing,5,5,2,18,Finished,89.537,89.179,0.358,-0.8406047614,3.666666667,2.333333333,0.2,10,0.1,0,-1.8,0,0
2024,2,Saudi Arabian Grand Prix,2024-03-09,Jeddah,PER,Sergio Perez,Red Bull Racing,3,3,2,18,Finished,87.807,87.472,0.335,-1.222528868,3,2,0.2,2.5,-0.2,0.319,-1.4,0,1
2024,3,Australian Grand Prix,2024-03-24,Melbourne,PER,Sergio Perez,Red Bull Racing,6,3,5,10,Finished,76.274,75.915,0.359,-1.049435806,2.666666667,1.833333333,0,3.5,0,0.27,-4.6,1,0
2024,4,Japanese Grand Prix,2024-04-07,Suzuka,PER,Sergio Perez,Red Bull Racing,2,2,2,18,Finished,88.263,88.197,0.066,-1.524684696,3,5,0,10.5,3.9,0.066,-3.2,0,0
2024,5,Chinese Grand Prix,2024-04-21,Shanghai,PER,Sergio Perez,Red Bull Racing,2,2,3,15,Finished,93.982,93.66,0.322,-1.221046908,3,5,0,,-0.3,0.322,-1.4,0,0
2024,6,Miami Grand Prix,2024-05-05,Miami,PER,Sergio Perez,Red Bull Racing,4,4,4,12,Finished,87.46,87.241,0.219,-1.260672695,3.333333333,5.166666667,0,3,-3.5,0.141,-0.2,0,1
2024,7,Emilia Romagna Grand Prix,2024-05-19,Imola,PER,Sergio Perez,Red Bull Racing,11,11,8,4,Finished,75.706,74.746,0.96,-0.04329709531,3,2.166666667,0,2,0.3,0.074,0.4,0,0
2024,8,Monaco Grand Prix,2024-05-26,Monaco,PER,Sergio Perez,Red Bull Racing,16,16,18,0,Retired,72.06,70.27,1.79,1.024275172,5,3.166666667,0,8.5,0.4,0.154,0,0,1
2024,9,Canadian Grand Prix,2024-06-09,Montréal,PER,Sergio Perez,Red Bull Racing,16,16,18,0,Retired,73.326,71.742,1.584,0.8971289049,10,6.5,0.2,13,1.8,0.258,0,0,0
2024,10,Spanish Grand Prix,2024-06-23,Barcelona,PER,Sergio Perez,Red Bull Racing,11,8,8,4,Finished,72.054,71.383,0.671,-0.327447509,14.66666667,8.666666667,0.4,3,0,0.02,0.4,1,0
2024,11,Austrian Grand Prix,2024-06-30,Spielberg,PER,Sergio Perez,Red Bull Racing,8,8,7,6,Finished,65.144,64.314,0.83,-0.3217110683,14.66666667,8.666666667,0.4,11.5,-2,0.404,0.2,0,0
2024,12,British Grand Prix,2024-07-07,Silverstone,PER,Sergio Perez,Red Bull Racing,20,19,17,0,Lapped,98.348,85.819,10,2.060521112,11,6.666666667,0.4,4,0.7,0.171,0,0,0
2024,13,Hungarian Grand Prix,2024-07-21,Budapest,PER,Sergio Perez,Red Bull Racing,16,16,7,6,Finished,77.886,75.227,2.659,1.409899818,10.66666667,6.666666667,0.4,4,1.2,0.022,0.2,0,0
2024,14,Belgian Grand Prix,2024-07-28,Spa-Francorchamps,PER,Sergio Perez,Red Bull Racing,2,3,7,7,Finished,113.765,113.159,0.606,-0.8747073417,10.33333333,7.166666667,0.2,2,-1,0.595,-2,0,0
2024,15,Dutch Grand Prix,2024-08-25,Zandvoort,PER,Sergio Perez,Red Bull Racing,5,5,6,8,Finished,70.416,69.673,0.743,-0.6514230823,10.33333333,7,0,4.5,0.4,0.356,-1.6,0,0
2024,16,Italian Grand Prix,2024-09-01,Monza,PER,Sergio Perez,Red Bull Racing,8,8,8,4,Finished,80.062,79.327,0.735,-0.3222958163,6.666666667,5.166666667,0,4,-0.7,0.109,-1.4,0,0
2024,17,Azerbaijan Grand Prix,2024-09-15,Baku,PER,Sergio Perez,Red Bull Racing,4,4,17,0,Retired,101.813,101.365,0.448,-1.102270737,7,5.5,0,1.5,0.6,0.321,-1.2,0,1
2024,18,Singapore Grand Prix,2024-09-22,Marina Bay,PER,Sergio Perez,Red Bull Racing,13,13,10,1,Lapped,90.579,89.525,1.054,0.1785252194,10.33333333,7.333333333,0,4.5,1.5,0.155,1.8,0,1
2024,19,United States Grand Prix,2024-10-20,Austin,PER,Sergio Perez,Red Bull Racing,9,10,7,6,Finished,93.02,92.33,0.69,-0.5715936118,11.66666667,8,0,4,-1.5,0.031,3,0,0
2024,20,Mexico City Grand Prix,2024-10-27,Mexico City,PER,Sergio Perez,Red Bull Racing,18,18,17,0,Lapped,77.611,75.946,1.665,1.057583463,11.33333333,7.333333333,0,11.5,-0.7,0.225,1.6,0,0
2024,21,São Paulo Grand Prix,2024-11-03,São Paulo,PER,Sergio Perez,Red Bull Racing,12,13,11,0,Finished,88.158,83.405,4.753,0.2459226869,11.33333333,7.5,0,5.5,1.8,0.173,1.2,0,0
2024,22,Las Vegas Grand Prix,2024-11-23,Las Vegas,PER,Sergio Perez,Red Bull Racing,15,16,10,1,Finished,94.155,92.312,1.843,1.091452711,11.66666667,7.5,0,3,-1,0.098,0.8,0,1
2024,23,Qatar Grand Prix,2024-12-01,Lusail,PER,Sergio Perez,Red Bull Racing,9,9,17,0,Retired,81.425,80.52,0.905,-0.1450083637,12.66666667,8.333333333,0,10,-0.3,0.055,-3,0,0
2024,24,Abu Dhabi Grand Prix,2024-12-08,Yas Island,PER,Sergio Perez,Red Bull Racing,10,10,20,0,Retired,83.264,82.595,0.669,-0.1946131585,12.66666667,7.5,0.2,3.5,0.7,0.209,-0.8,0,0
2026,1,Australian Grand Prix,2026-03-08,Melbourne,PER,Sergio Perez,Cadillac,18,18,16,0,Lapped,82.605,78.518,4.087,1.840167134,15.66666667,,0.4,4,,0.293,1.8,0,0
2026,2,Chinese Grand Prix,2026-03-15,Shanghai,PER,Sergio Perez,Cadillac,21,22,15,0,Lapped,96.906,92.064,4.842,2.520470175,17.66666667,17.5,0.4,3,,0.222,1.6,0,0
2026,3,Japanese Grand Prix,2026-03-29,Suzuka,PER,Sergio Perez,Cadillac,19,19,17,0,Finished,92.206,88.778,3.428,1.46902451,17,15.75,0.4,7.666666667,-0.1,0.298,0.6,0,0
2026,4,Miami Grand Prix,2026-05-03,Miami,PER,Sergio Perez,Cadillac,20,20,16,0,Lapped,91.967,87.798,4.169,1.520743807,16,16.5,0.4,3.333333333,1.2,0.166,1.4,0,1
2026,5,Canadian Grand Prix,2026-05-24,Montréal,PER,Sergio Perez,Cadillac,20,20,17,0,Retired,75.429,72.578,2.851,1.294810814,16,16.33333333,0.2,14.66666667,-0.7,0.068,-1,0,0
2026,6,Monaco Grand Prix,2026-06-07,Monaco,PER,Sergio Perez,Cadillac,18,18,15,0,Finished,74.747,72.051,2.696,0.8842574664,16.66666667,17.16666667,0.2,11.66666667,0.7,0.043,-3.6,0,1
2026,7,Barcelona Grand Prix,2026-06-14,Barcelona,PER,Sergio Perez,Cadillac,19,19,14,0,Lapped,77.545,74.679,2.866,1.078429735,16,17.16666667,0.2,4.666666667,0.8,0.064,-3.8,0,0
2026,8,Austrian Grand Prix,2026-06-28,Spielberg,PER,Sergio Perez,Cadillac,19,19,21,0,Retired,68.945,66.113,2.832,1.170581213,15.33333333,17.33333333,0.2,10,0.1,0.236,-3.4,0,0
2026,9,British Grand Prix,2026-07-05,Silverstone,PER,Sergio Perez,Cadillac,20,20,14,0,Finished,91.451,88.111,3.34,1.067199033,16.66666667,19,0.4,8.333333333,-0.3,0.175,-2.6,0,0
2026,10,Belgian Grand Prix,2026-07-19,Spa-Francorchamps,PER,Sergio Perez,Cadillac,18,20,21,0,Retired,107.971,104.361,3.61,0.9857086031,16.33333333,18,0.4,3.666666667,-1.5,0.317,-3,0,0
2026,11,Hungarian Grand Prix,2026-07-26,Budapest,PER,Sergio Perez,Cadillac,22,22,21,0,Retired,81.322,77.207,4.115,1.767483811,18.66666667,18.66666667,0.4,5,1.9,0.012,-2.2,0,0
2026,12,Dutch Grand Prix,2026-08-23,Zandvoort,PER,Sergio Perez,Cadillac,22,22,15,0,Lapped,74.6,71.163,3.437,1.870539015,18.66666667,18.66666667,0.6,5,0,0.102,-1.8,0,0
2026,13,Italian Grand Prix,2026-09-06,Monza,PER,Sergio Perez,Cadillac,17,20,18,0,Lapped,84.595,81.786,2.809,1.429990543,19,19.16666667,0.6,5.333333333,-1.2,0.06,-2.2,0,0
2026,14,Spanish Grand Prix,2026-09-13,Madrid,PER,Sergio Perez,Cadillac,18,19,20,0,Retired,95.913,91.824,4.089,1.414209263,18,18.83333333,0.4,,0.3,0.011,-3,0,1
2026,15,Azerbaijan Grand Prix,2026-09-26,Baku,PER,Sergio Perez,Cadillac,20,20,14,0,Finished,106.658,102.526,4.132,1.219010835,17.66666667,18,0.6,6.666666667,-0.4,0.837,-1.6,0,1
2026,16,Bahrain Grand Prix,2026-10-04,Kuala Lumpur,PER,Sergio Perez,Cadillac,20,22,19,0,Finished,98.933,95.13,3.803,1.660922174,17.33333333,17.5,0.4,,0.2,0.298,-3,0,0
2023,1,Bahrain Grand Prix,2023-03-05,Sakhir,PIA,Oscar Piastri,McLaren,18,18,20,0,Retired,92.101,89.708,2.393,1.355050306,,11.5,,,-1.3,0.138,,0,0
2023,2,Saudi Arabian Grand Prix,2023-03-19,Jeddah,PIA,Oscar Piastri,McLaren,8,9,15,0,Finished,89.243,88.265,0.978,-0.2408234728,20,15,1,,3.3,0.155,,0,1
2023,3,Australian Grand Prix,2023-04-02,Melbourne,PIA,Oscar Piastri,McLaren,16,16,8,4,Finished,78.517,76.732,1.785,1.254964321,17.5,14,0.5,,-2.7,0.236,4,0,0
2023,4,Azerbaijan Grand Prix,2023-04-30,Baku,PIA,Oscar Piastri,McLaren,10,10,11,0,Finished,101.611,100.203,1.408,-0.276797539,14.33333333,13.83333333,0.3333333333,,-2.3,0.188,0,0,1
2023,5,Miami Grand Prix,2023-05-07,Miami,PIA,Oscar Piastri,McLaren,19,19,19,0,Lapped,88.484,86.841,1.643,1.251601997,11.33333333,11,0.25,,2.5,0.256,0.25,0,1
2023,6,Monaco Grand Prix,2023-05-28,Monaco,PIA,Oscar Piastri,McLaren,11,11,10,1,Lapped,72.395,71.365,1.03,0.05627163719,12.66666667,11.66666667,0.2,,0.8,0.084,0.2,0,1
2023,7,Spanish Grand Prix,2023-06-04,Barcelona,PIA,Oscar Piastri,McLaren,9,10,13,0,Lapped,73.059,72.272,0.787,-0.5053308283,13.33333333,12.5,0,,-0.9,0.462,-0.4,0,0
2023,8,Canadian Grand Prix,2023-06-18,Montréal,PIA,Oscar Piastri,McLaren,8,9,11,0,Finished,79.659,79.092,0.567,-0.9236594647,14,14.16666667,0,,1.1,1.213,-1,0,0
2023,9,Austrian Grand Prix,2023-07-02,Spielberg,PIA,Oscar Piastri,McLaren,13,13,16,0,Lapped,65.605,64.391,1.214,0.6617237069,11.33333333,12.16666667,0,,-2.8,0.048,1,0,0
2023,10,British Grand Prix,2023-07-09,Silverstone,PIA,Oscar Piastri,McLaren,3,3,4,12,Finished,87.092,86.72,0.372,-0.9379817474,13.33333333,12.33333333,0,,-1.7,0.241,1.4,0,0
2023,11,Hungarian Grand Prix,2023-07-23,Budapest,PIA,Oscar Piastri,McLaren,4,4,5,10,Finished,76.905,76.609,0.296,-0.8671376562,10.33333333,8.333333333,0,,-1.6,0.003,1.6,0,0
2023,12,Belgian Grand Prix,2023-07-30,Spa-Francorchamps,PIA,Oscar Piastri,McLaren,5,6,20,0,Retired,107.365,106.168,1.197,-0.9551583373,8.333333333,5.5,0,,1.1,0.82,2,0,0
2023,13,Dutch Grand Prix,2023-08-27,Zandvoort,PIA,Oscar Piastri,McLaren,8,8,9,2,Finished,71.938,70.567,1.371,-0.9719067096,9.666666667,6.666666667,0.2,,2.5,0.537,4.2,0,0
2023,14,Italian Grand Prix,2023-09-03,Monza,PIA,Oscar Piastri,McLaren,7,7,12,0,Finished,80.785,80.294,0.491,-0.7804063498,11.33333333,8.333333333,0.2,,-0.9,0.013,4,0,0
2023,15,Singapore Grand Prix,2023-09-17,Marina Bay,PIA,Oscar Piastri,McLaren,17,17,7,6,Finished,92.902,90.984,1.918,1.080060322,13.66666667,10.5,0.2,,-0.7,0.072,4.4,0,1
2023,16,Japanese Grand Prix,2023-09-24,Suzuka,PIA,Oscar Piastri,McLaren,2,2,3,15,Finished,89.458,88.877,0.581,-1.185743329,9.333333333,7.5,0.2,,-1.7,0.581,2.2,0,0
2023,17,Qatar Grand Prix,2023-10-08,Lusail,PIA,Oscar Piastri,McLaren,6,6,2,18,Finished,84.54,83.778,0.762,-0.7437261599,7.333333333,5.666666667,0.2,,-0.2,0.441,2.2,0,0
2023,18,United States Grand Prix,2023-10-22,Austin,PIA,Oscar Piastri,McLaren,10,10,17,0,Retired,95.467,94.723,0.744,-0.1845731577,4,3.166666667,0,,-0.1,0.13,-1.4,0,0
2023,19,Mexico City Grand Prix,2023-10-29,Mexico City,PIA,Oscar Piastri,McLaren,7,7,8,4,Finished,77.623,77.166,0.457,-0.6390787675,7.333333333,4.833333333,0.2,,1.9,0.067,-0.2,0,0
2023,20,São Paulo Grand Prix,2023-11-05,São Paulo,PIA,Oscar Piastri,McLaren,10,10,14,0,Lapped,70.33,70.162,0.168,-0.5908916317,9,6.166666667,0.2,,-0.9,0.141,-1,0,0
2023,21,Las Vegas Grand Prix,2023-11-18,Las Vegas,PIA,Oscar Piastri,McLaren,18,19,10,2,Finished,94.85,92.726,2.124,1.044134538,13,8,0.2,,3.6,0.044,1.8,0,1
2023,22,Abu Dhabi Grand Prix,2023-11-26,Yas Island,PIA,Oscar Piastri,McLaren,3,3,6,8,Finished,83.782,83.445,0.337,-0.9743787748,10.66666667,9.833333333,0.2,,0.2,0.139,-0.2,0,0
2024,1,Bahrain Grand Prix,2024-03-02,Sakhir,PIA,Oscar Piastri,McLaren,8,8,8,4,Finished,89.683,89.179,0.504,-0.5873739863,10,9.5,0.2,20,-3.2,0,1.2,0,0
2024,2,Saudi Arabian Grand Prix,2024-03-09,Jeddah,PIA,Oscar Piastri,McLaren,5,5,4,12,Finished,88.089,87.472,0.617,-0.7786808078,8,9.166666667,0,15,0.8,0.319,-0.2,0,1
2024,3,Australian Grand Prix,2024-03-24,Melbourne,PIA,Oscar Piastri,McLaren,5,6,4,12,Finished,76.572,75.915,0.657,-0.6270054398,6,6.166666667,0,8,-1,0.27,-0.6,0,0
2024,4,Japanese Grand Prix,2024-04-07,Suzuka,PIA,Oscar Piastri,McLaren,6,6,8,4,Finished,88.76,88.197,0.563,-0.7828655147,5.333333333,5.5,0,3,-0.6,0.066,-1.8,0,0
2024,5,Chinese Grand Prix,2024-04-21,Shanghai,PIA,Oscar Piastri,McLaren,5,5,8,4,Finished,94.273,93.66,0.613,-0.8053895996,5.333333333,5.333333333,0,,0.2,0.322,0.4,0,0
2024,6,Miami Grand Prix,2024-05-05,Miami,PIA,Oscar Piastri,McLaren,6,6,13,0,Finished,87.675,87.241,0.434,-0.8022850248,6.666666667,5,0,19,-0.8,0.141,0.4,0,1
2024,7,Emilia Romagna Grand Prix,2024-05-19,Imola,PIA,Oscar Piastri,McLaren,5,2,4,12,Finished,74.82,74.746,0.074,-1.297795034,9.666666667,6.166666667,0,,0.5,0.074,1.8,1,0
2024,8,Monaco Grand Prix,2024-05-26,Monaco,PIA,Oscar Piastri,McLaren,2,2,2,18,Finished,70.424,70.27,0.154,-1.086328998,8.333333333,5,0,10,-0.3,0.154,2.4,0,1
2024,9,Canadian Grand Prix,2024-06-09,Montréal,PIA,Oscar Piastri,McLaren,4,4,5,10,Finished,72.103,71.742,0.361,-0.8705344602,6.333333333,4.333333333,0,11,-0.2,0.258,2.8,0,0
2024,10,Spanish Grand Prix,2024-06-23,Barcelona,PIA,Oscar Piastri,McLaren,9,10,7,6,Finished,72.011,71.383,0.628,-0.3971171918,3.666666667,3.166666667,0,13,-0.1,0.02,2.6,0,0
2024,11,Austrian Grand Prix,2024-06-30,Spielberg,PIA,Oscar Piastri,McLaren,7,7,2,18,Finished,65.048,64.314,0.734,-0.5359619359,4.666666667,3.666666667,0,16,3.8,0.404,1.4,0,0
2024,12,British Grand Prix,2024-07-07,Silverstone,PIA,Oscar Piastri,McLaren,5,5,4,12,Finished,86.237,85.819,0.418,-0.6738846181,4.666666667,6.333333333,0,4,-0.3,0.171,-1,0,0
2024,13,Hungarian Grand Prix,2024-07-21,Budapest,PIA,Oscar Piastri,McLaren,2,2,1,25,Finished,75.249,75.227,0.022,-1.268513711,4.333333333,6.333333333,0,5,-3.4,0.022,-1.6,0,0
2024,14,Belgian Grand Prix,2024-07-28,Spa-Francorchamps,PIA,Oscar Piastri,McLaren,5,6,2,18,Finished,114.027,113.159,0.868,-0.6738718992,2.333333333,5.333333333,0,20,0.1,0.595,-1.8,0,0
2024,15,Dutch Grand Prix,2024-08-25,Zandvoort,PIA,Oscar Piastri,McLaren,3,3,4,12,Finished,70.172,69.673,0.499,-0.9345124533,2.333333333,2.833333333,0,9,-0.1,0.356,-2.8,0,0
2024,16,Italian Grand Prix,2024-09-01,Monza,PIA,Oscar Piastri,McLaren,2,2,2,18,Finished,79.436,79.327,0.109,-1.232957884,2.333333333,2.5,0,12,-0.2,0.109,-2,0,0
2024,17,Azerbaijan Grand Prix,2024-09-15,Baku,PIA,Oscar Piastri,McLaren,2,2,1,25,Finished,101.686,101.365,0.321,-1.246188063,2.666666667,2.833333333,0,11,0.4,0.321,-1,0,1
2024,18,Singapore Grand Prix,2024-09-22,Marina Bay,PIA,Oscar Piastri,McLaren,5,5,3,15,Finished,89.64,89.525,0.115,-1.172826502,2.333333333,2.5,0,7,-0.5,0.155,-1,0,1
2024,19,United States Grand Prix,2024-10-20,Austin,PIA,Oscar Piastri,McLaren,5,5,5,10,Finished,92.95,92.33,0.62,-0.6889295439,2,2.333333333,0,17,0.2,0.031,-1.2,0,0
2024,20,Mexico City Grand Prix,2024-10-27,Mexico City,PIA,Oscar Piastri,McLaren,17,17,8,4,Finished,77.597,75.946,1.651,1.033328948,3,3,0,8,0.4,0.225,-0.4,0,0
2024,21,São Paulo Grand Prix,2024-11-03,São Paulo,PIA,Oscar Piastri,McLaren,8,8,8,4,Finished,84.686,83.405,1.281,-0.8816356741,5.333333333,3.833333333,0,14,0.7,0.173,-2.4,0,0
2024,22,Las Vegas Grand Prix,2024-11-23,Las Vegas,PIA,Oscar Piastri,McLaren,8,8,7,6,Finished,93.024,92.312,0.712,-0.473597072,7,5.5,0,10,0.8,0.098,-2.4,0,1
2024,23,Qatar Grand Prix,2024-12-01,Lusail,PIA,Oscar Piastri,McLaren,4,4,3,15,Finished,80.829,80.52,0.309,-0.9998548998,7.666666667,6.166666667,0,2,0.7,0.055,-2.4,0,0
2024,24,Abu Dhabi Grand Prix,2024-12-08,Yas Island,PIA,Oscar Piastri,McLaren,2,2,10,1,Finished,82.804,82.595,0.209,-1.239821015,6,6.666666667,0,6,-1.4,0.209,-2.2,0,0
2025,1,Australian Grand Prix,2025-03-16,Melbourne,PIA,Oscar Piastri,McLaren,2,2,9,2,Finished,75.18,75.096,0.084,-1.556799207,6.666666667,6.166666667,0,6,-1.1,0.084,-0.6,0,0
2025,2,Chinese Grand Prix,2025-03-23,Shanghai,PIA,Oscar Piastri,McLaren,1,1,1,25,Finished,90.641,90.641,0,-1.528286311,7.333333333,5.666666667,0,8,0.1,0.082,2.6,0,0
2025,3,Japanese Grand Prix,2025-04-06,Suzuka,PIA,Oscar Piastri,McLaren,3,3,3,15,Finished,87.027,86.983,0.044,-1.282159723,6.666666667,4,0,5.5,-0.6,0.012,2.6,0,0
2025,4,Bahrain Grand Prix,2025-04-13,Sakhir,PIA,Oscar Piastri,McLaren,1,1,1,25,Finished,89.841,89.841,0,-1.487396432,4.333333333,3,0,14,0.4,0.168,2.8,0,0
2025,5,Saudi Arabian Grand Prix,2025-04-20,Jeddah,PIA,Oscar Piastri,McLaren,2,2,1,25,Finished,87.304,87.294,0.01,-1.455703568,1.666666667,2,0,9.5,0.2,0.01,3,0,1
2025,6,Miami Grand Prix,2025-05-04,Miami,PIA,Oscar Piastri,McLaren,4,4,1,25,Finished,86.269,86.204,0.065,-1.25983609,1.666666667,2.333333333,0,16,-0.2,0.065,1.2,0,1
2025,7,Emilia Romagna Grand Prix,2025-05-18,Imola,PIA,Oscar Piastri,McLaren,1,1,3,15,Finished,74.67,74.67,0,-1.512265991,1,2,0,4,-0.4,0.034,-0.8,0,0
2025,8,Monaco Grand Prix,2025-05-25,Monaco,PIA,Oscar Piastri,McLaren,3,3,3,15,Finished,70.129,69.954,0.175,-1.406216858,1.666666667,2.166666667,0,6,0,0.109,-0.4,0,1
2025,9,Spanish Grand Prix,2025-06-01,Barcelona,PIA,Oscar Piastri,McLaren,1,1,1,25,Finished,71.546,71.546,0,-1.601615723,2.333333333,2,0,10,0,0.209,-0.4,0,0
2025,10,Canadian Grand Prix,2025-06-15,Montréal,PIA,Oscar Piastri,McLaren,3,3,4,12,Finished,71.12,70.899,0.221,-1.479370214,2.333333333,2,0,8,3.2,0.16,-0.4,0,0
2025,11,Austrian Grand Prix,2025-06-29,Spielberg,PIA,Oscar Piastri,McLaren,3,3,2,18,Finished,64.554,63.971,0.583,-1.101715836,2.666666667,4.833333333,0,9,0.1,0.521,0,0,0
2025,12,British Grand Prix,2025-07-06,Silverstone,PIA,Oscar Piastri,McLaren,2,2,2,18,Finished,84.995,84.892,0.103,-1.171977875,2.333333333,4.666666667,0,4,-3.6,0.103,0.4,0,0
2025,13,Belgian Grand Prix,2025-07-27,Spa-Francorchamps,PIA,Oscar Piastri,McLaren,2,2,1,25,Finished,100.626,100.562,0.064,-1.608404351,2.666666667,4.666666667,0,11,0.2,0.064,0,0,0
2025,14,Hungarian Grand Prix,2025-08-03,Budapest,PIA,Oscar Piastri,McLaren,2,2,2,18,Finished,74.941,75.372,0,-1.093437361,1.666666667,1.5,0,3,-0.1,0,-0.2,0,0
2025,15,Dutch Grand Prix,2025-08-31,Zandvoort,PIA,Oscar Piastri,McLaren,1,1,1,25,Finished,68.662,68.662,0,-1.760807271,1.666666667,1.5,0,6.5,3.3,0.012,-0.2,0,0
2025,16,Italian Grand Prix,2025-09-07,Monza,PIA,Oscar Piastri,McLaren,3,3,3,15,Finished,78.982,78.792,0.19,-1.131374103,1.333333333,4.166666667,0,7,0.1,0.077,-0.4,0,0
2025,17,Azerbaijan Grand Prix,2025-09-21,Baku,PIA,Oscar Piastri,McLaren,9,9,20,0,Retired,101.414,101.117,0.297,-0.8163149855,2,4.5,0,6,-2,0.478,-0.2,0,1
2025,18,Singapore Grand Prix,2025-10-05,Marina Bay,PIA,Oscar Piastri,McLaren,3,3,4,12,Finished,89.524,89.158,0.366,-0.9203251098,8,8.5,0.2,5,1.9,0.182,2,0,1
2025,19,United States Grand Prix,2025-10-19,Austin,PIA,Oscar Piastri,McLaren,6,6,5,10,Finished,93.084,92.51,0.574,-0.5152924559,9,6.5,0.2,11,-2.6,0.291,2.4,0,0
2025,20,Mexico City Grand Prix,2025-10-26,Mexico City,PIA,Oscar Piastri,McLaren,7,8,5,10,Finished,76.174,75.586,0.588,-0.7210038052,9.666666667,6.833333333,0.2,8,-0.3,0.262,2.2,0,0
2025,21,São Paulo Grand Prix,2025-11-09,São Paulo,PIA,Oscar Piastri,McLaren,4,4,5,10,Finished,69.835,69.511,0.324,-0.6363506123,4.666666667,3.333333333,0.2,11,-0.2,0.174,1.6,0,0
2025,22,Las Vegas Grand Prix,2025-11-22,Las Vegas,PIA,Oscar Piastri,McLaren,5,5,20,0,Disqualified,108.961,107.934,1.027,-0.9330937569,5,3.166666667,0.2,8.5,3.6,0.323,1.8,0,1
2025,23,Qatar Grand Prix,2025-11-30,Lusail,PIA,Oscar Piastri,McLaren,1,1,2,18,Finished,79.387,79.387,0,-1.832126611,10,8.5,0.2,2.5,2.1,0.108,2.6,0,0
2025,24,Abu Dhabi Grand Prix,2025-12-07,Yas Island,PIA,Oscar Piastri,McLaren,3,3,2,18,Finished,82.437,82.207,0.23,-1.376057121,9,8.5,0.2,8,-5,0.201,2.6,0,0
2026,1,Australian Grand Prix,2026-03-08,Melbourne,PIA,Oscar Piastri,McLaren,5,5,21,0,Did not start,79.38,78.518,0.862,-0.7547937686,8,8.333333333,0.2,7,0.2,0.293,2.6,0,0
2026,2,Chinese Grand Prix,2026-03-15,Shanghai,PIA,Oscar Piastri,McLaren,5,5,19,0,Did not start,92.55,92.064,0.486,-0.8618983039,8.333333333,6.166666667,0.4,4.5,5.3,0.222,6.4,0,0
2026,3,Japanese Grand Prix,2026-03-29,Suzuka,PIA,Oscar Piastri,McLaren,3,3,2,18,Finished,89.132,88.778,0.354,-1.128898911,14,11.66666667,0.6,4.666666667,-0.2,0.298,9,0,0
2026,4,Miami Grand Prix,2026-05-03,Miami,PIA,Oscar Piastri,McLaren,7,7,3,15,Finished,88.332,87.798,0.534,-0.8121268852,14,12,0.4,11,-5.3,0.166,5.8,0,1
2026,5,Canadian Grand Prix,2026-05-24,Montréal,PIA,Oscar Piastri,McLaren,4,4,11,0,Lapped,72.781,72.578,0.203,-1.024486262,8,8.5,0.4,6.666666667,2.7,0.068,4.8,0,0
2026,6,Monaco Grand Prix,2026-06-07,Monaco,PIA,Oscar Piastri,McLaren,7,7,4,12,Finished,72.624,72.051,0.573,-0.8847119611,5.333333333,6.833333333,0.4,5,4.2,0.043,6.4,0,1
2026,7,Barcelona Grand Prix,2026-06-14,Barcelona,PIA,Oscar Piastri,McLaren,7,7,5,10,Finished,75.09,74.679,0.411,-0.8753469319,6,9.5,0.2,7,-3.7,0.064,2.6,0,0
2026,8,Austrian Grand Prix,2026-06-28,Spielberg,PIA,Oscar Piastri,McLaren,7,7,4,12,Finished,66.511,66.113,0.398,-0.849993953,6.666666667,10,0,6.666666667,-2.3,0.236,-0.6,0,0
2026,9,British Grand Prix,2026-07-05,Silverstone,PIA,Oscar Piastri,McLaren,8,8,11,0,Finished,89.032,88.111,0.921,-0.6485340993,4.333333333,7,0,3.333333333,0.1,0.175,-1,0,0
2026,10,Belgian Grand Prix,2026-07-19,Spa-Francorchamps,PIA,Oscar Piastri,McLaren,6,7,5,10,Finished,105.016,104.361,0.655,-0.8300777529,6.666666667,5.666666667,0,7.666666667,0.7,0.317,0.4,0,0
2026,11,Hungarian Grand Prix,2026-07-26,Budapest,PIA,Oscar Piastri,McLaren,3,5,20,0,Retired,77.684,77.207,0.477,-0.9444448412,6.666666667,6.333333333,0,2.666666667,-1.2,0.012,-1.4,0,0
2026,12,Dutch Grand Prix,2026-08-23,Zandvoort,PIA,Oscar Piastri,McLaren,4,4,6,8,Finished,71.305,71.163,0.142,-1.176137235,12,8,0.2,4.666666667,0.3,0.102,2.2,0,0
2026,13,Italian Grand Prix,2026-09-06,Monza,PIA,Oscar Piastri,McLaren,6,3,5,10,Finished,81.966,81.786,0.18,-0.8848091496,10.33333333,6.666666667,0.2,5.666666667,-0.8,0.06,3,1,0
2026,14,Spanish Grand Prix,2026-09-13,Madrid,PIA,Oscar Piastri,McLaren,7,7,8,4,Finished,92.294,91.824,0.47,-0.7247172343,10.33333333,6.166666667,0.2,,0.3,0.011,4,0,1
2026,15,Azerbaijan Grand Prix,2026-09-26,Baku,PIA,Oscar Piastri,McLaren,3,3,13,0,Finished,103.364,102.526,0.838,-1.085572207,6.333333333,4.5,0.2,10.66666667,3.3,0.837,3.6,0,1
2026,16,Bahrain Grand Prix,2026-10-04,Kuala Lumpur,PIA,Oscar Piastri,McLaren,6,7,6,8,Finished,95.762,95.13,0.632,-0.9860658259,8.666666667,8.666666667,0.2,,1.7,0.298,6,0,0
2022,1,Bahrain Grand Prix,2022-03-20,Sakhir,RIC,Daniel Ricciardo,McLaren,18,18,14,0,Finished,92.945,90.558,2.387,1.197910534,,,,,,0.123,,0,0
2022,2,Saudi Arabian Grand Prix,2022-03-27,Jeddah,RIC,Daniel Ricciardo,McLaren,14,12,17,0,Gearbox,89.773,88.2,1.573,0.2558881339,14,14.5,0,,,0.025,,0,1
2022,3,Australian Grand Prix,2022-04-10,Melbourne,RIC,Daniel Ricciardo,McLaren,7,7,6,8,Finished,79.032,77.868,1.164,-0.2912510196,15.5,13.25,0.5,,-1.7,0.286,0.5,0,0
2022,4,Emilia Romagna Grand Prix,2022-04-24,Imola,RIC,Daniel Ricciardo,McLaren,6,6,18,0,+1 Lap,79.98,78.793,1.187,-0.1143013348,12.33333333,10.66666667,0.3333333333,,-1.9,0.003,0,0,0
2022,5,Miami Grand Prix,2022-05-08,Miami,RIC,Daniel Ricciardo,McLaren,14,14,13,0,Finished,90.31,88.796,1.514,0.3983394702,13.66666667,9.333333333,0.25,,4,0.19,3,0,1
2022,6,Spanish Grand Prix,2022-05-22,Barcelona,RIC,Daniel Ricciardo,McLaren,9,9,12,0,+1 Lap,80.287,78.75,1.537,0.03131281876,12.33333333,10.66666667,0.2,,0.5,0.323,2.2,0,0
2022,7,Monaco Grand Prix,2022-05-29,Monaco,RIC,Daniel Ricciardo,McLaren,14,14,13,0,Finished,72.964,71.376,1.588,0.1661159886,14.33333333,12.16666667,0.2,,-2.7,0.225,3.6,0,1
2022,8,Azerbaijan Grand Prix,2022-06-12,Baku,RIC,Daniel Ricciardo,McLaren,12,12,8,4,Finished,103.574,101.359,2.215,0.09678240925,12.66666667,11.83333333,0,,0.3,0.282,2.4,0,1
2022,9,Canadian Grand Prix,2022-06-19,Montréal,RIC,Daniel Ricciardo,McLaren,9,9,11,0,Finished,83.749,81.299,2.45,-0.7149750149,11,9.333333333,0,,1.3,0.645,1.8,0,0
2022,10,British Grand Prix,2022-07-03,Silverstone,RIC,Daniel Ricciardo,McLaren,14,14,13,0,Finished,101.933,100.19,1.743,0.4890790222,10.66666667,10.33333333,0,,-0.3,0,-0.2,0,0
2022,11,Austrian Grand Prix,2022-07-10,Spielberg,RIC,Daniel Ricciardo,McLaren,11,16,9,2,+1 Lap,66.613,64.984,1.629,0.8125777236,10.66666667,10.33333333,0,,-1.4,0.029,-0.2,0,0
2022,12,French Grand Prix,2022-07-24,Le Castellet,RIC,Daniel Ricciardo,McLaren,9,11,9,2,Finished,92.922,90.872,2.05,0.3415853948,11,10.16666667,0,,-0.2,0.304,-2.2,0,0
2022,13,Hungarian Grand Prix,2022-07-31,Budapest,RIC,Daniel Ricciardo,McLaren,9,9,15,0,+1 Lap,78.198,77.377,0.821,-0.3574896566,10.33333333,8.5,0,,0,0.044,-2.4,0,0
2022,14,Belgian Grand Prix,2022-08-28,Spa-Francorchamps,RIC,Daniel Ricciardo,McLaren,7,11,15,0,Finished,105.767,103.665,2.102,0.0789632883,11,9,0,,1.6,0.632,-0.4,0,0
2022,15,Dutch Grand Prix,2022-09-04,Zandvoort,RIC,Daniel Ricciardo,McLaren,17,17,17,0,Finished,72.081,70.342,1.739,0.8160106967,13,10.83333333,0,,0,0.021,0,0,0
2022,16,Italian Grand Prix,2022-09-11,Monza,RIC,Daniel Ricciardo,McLaren,4,8,17,0,Oil leak,81.855,80.161,1.694,-0.007299741861,15.66666667,12.16666667,0,,-0.8,0.145,0.2,0,0
2022,17,Singapore Grand Prix,2022-10-02,Marina Bay,RIC,Daniel Ricciardo,McLaren,16,17,5,10,Finished,116.226,109.412,6.814,1.134664644,16.33333333,12.5,0.2,,-0.6,0.022,3.4,0,1
2022,18,Japanese Grand Prix,2022-10-09,Suzuka,RIC,Daniel Ricciardo,McLaren,11,11,11,0,Finished,90.659,89.304,1.355,0.1541320327,13,9.5,0.2,,-0.6,0.01,1.4,0,0
2022,19,United States Grand Prix,2022-10-23,Austin,RIC,Daniel Ricciardo,McLaren,15,17,16,0,Finished,97.046,94.356,2.69,1.054814388,11,9,0.2,,1,0.065,0.2,0,0
2022,20,Mexico City Grand Prix,2022-10-30,Mexico City,RIC,Daniel Ricciardo,McLaren,11,11,7,6,+1 Lap,79.325,77.775,1.55,0.05754444318,10.66666667,8.666666667,0.2,,0.3,0.304,-0.8,0,0
2022,21,São Paulo Grand Prix,2022-11-13,São Paulo,RIC,Daniel Ricciardo,McLaren,11,14,20,0,Collision,72.14,71.41,0.73,-0.2533269264,11.33333333,9.833333333,0.2,,1.5,0,-1.6,0,0
2022,22,Abu Dhabi Grand Prix,2022-11-20,Yas Island,RIC,Daniel Ricciardo,McLaren,13,10,9,2,Finished,85.045,83.824,1.221,0.006678080517,14.33333333,12.66666667,0.2,,0.7,0.228,-2.2,1,0
2023,11,Hungarian Grand Prix,2023-07-23,Budapest,RIC,Daniel Ricciardo,AlphaTauri,13,13,13,0,Lapped,78.002,76.609,1.393,0.3067378406,12,16.83333333,0.2,15,0.4,0.003,0,0,0
2023,12,Belgian Grand Prix,2023-07-30,Spa-Francorchamps,RIC,Daniel Ricciardo,AlphaTauri,19,19,16,0,Finished,122.159,106.168,10,1.164285816,14,16.16666667,0.2,15,-1.2,0.82,0,0,0
2023,18,United States Grand Prix,2023-10-22,Austin,RIC,Daniel Ricciardo,AlphaTauri,14,15,15,0,Lapped,95.974,94.723,1.251,0.6104870881,12.66666667,13.83333333,0.2,16,-0.2,0.13,-0.4,0,0
2023,19,Mexico City Grand Prix,2023-10-29,Mexico City,RIC,Daniel Ricciardo,AlphaTauri,4,4,7,6,Finished,77.382,77.166,0.216,-0.8646852494,14.66666667,13,0.2,7,-1,0.067,0.4,0,0
2023,20,São Paulo Grand Prix,2023-11-05,São Paulo,RIC,Daniel Ricciardo,AlphaTauri,17,17,13,0,Lapped,70.843,70.162,0.681,1.00619692,12.66666667,12.33333333,0,20,-1.4,0.141,-0.2,0,0
2023,21,Las Vegas Grand Prix,2023-11-18,Las Vegas,RIC,Daniel Ricciardo,AlphaTauri,14,15,14,0,Finished,94.308,92.726,1.582,0.4400022514,11.66666667,10.66666667,0,,0.8,0.044,-0.8,0,1
2023,22,Abu Dhabi Grand Prix,2023-11-26,Yas Island,RIC,Daniel Ricciardo,AlphaTauri,15,15,11,0,Finished,84.442,83.445,0.997,0.505779897,11.33333333,12.16666667,0,9,1.3,0.139,-1,0,0
2024,1,Bahrain Grand Prix,2024-03-02,Sakhir,RIC,Daniel Ricciardo,RB,14,14,13,0,Lapped,90.278,89.179,1.099,0.4446281452,12.66666667,12.16666667,0,14,,0,-1.2,0,0
2024,2,Saudi Arabian Grand Prix,2024-03-09,Jeddah,RIC,Daniel Ricciardo,RB,14,14,16,0,Lapped,89.025,87.472,1.553,0.6945170098,12.66666667,13,0,17,,0.319,-1.4,0,1
2024,3,Australian Grand Prix,2024-03-24,Melbourne,RIC,Daniel Ricciardo,RB,18,18,12,0,Lapped,78.085,75.915,2.17,1.517750079,13.33333333,12.83333333,0,6,,0.27,-1.6,0,0
2024,4,Japanese Grand Prix,2024-04-07,Suzuka,RIC,Daniel Ricciardo,RB,11,11,19,0,Retired,89.472,88.197,1.275,0.2798613613,13.66666667,12.83333333,0,11,-1.8,0.066,-2,0,0
2024,5,Chinese Grand Prix,2024-04-21,Shanghai,RIC,Daniel Ricciardo,RB,12,12,18,0,Retired,94.934,93.66,1.274,0.1387666926,15.66666667,13.16666667,0.2,,-0.3,0.322,-0.2,0,0
2024,6,Miami Grand Prix,2024-05-05,Miami,RIC,Daniel Ricciardo,RB,20,18,15,0,Finished,88.617,87.241,1.376,1.206092582,16.33333333,14.16666667,0.4,13,2.3,0.141,1.8,0,1
2024,7,Emilia Romagna Grand Prix,2024-05-19,Imola,RIC,Daniel Ricciardo,RB,9,9,13,0,Lapped,75.674,74.746,0.928,-0.08860627595,17.33333333,14.66666667,0.4,18,-0.9,0.074,1.4,0,0
2024,8,Monaco Grand Prix,2024-05-26,Monaco,RIC,Daniel Ricciardo,RB,12,12,12,0,Lapped,71.482,70.27,1.212,0.2785971702,15.33333333,13.66666667,0.4,13,-2,0.154,1.8,0,1
2024,9,Canadian Grand Prix,2024-06-09,Montréal,RIC,Daniel Ricciardo,RB,5,5,8,4,Finished,72.178,71.742,0.436,-0.7621331909,13.33333333,10.83333333,0.4,11,0.1,0.258,3,0,0
2024,10,Spanish Grand Prix,2024-06-23,Barcelona,RIC,Daniel Ricciardo,RB,18,18,15,0,Lapped,73.075,71.383,1.692,1.326802401,11,10.83333333,0.2,12,0.4,0.02,2,0,0
2024,11,Austrian Grand Prix,2024-06-30,Spielberg,RIC,Daniel Ricciardo,RB,11,11,9,2,Finished,65.289,64.314,0.975,0.00189701289,11.66666667,12.66666667,0,9,2.9,0.404,0.2,0,0
2024,12,British Grand Prix,2024-07-07,Silverstone,RIC,Daniel Ricciardo,RB,15,15,13,0,Lapped,87.949,85.819,2.13,-0.1853328952,10.66666667,13.16666667,0,13,-0.6,0.171,0.4,0,0
2024,13,Hungarian Grand Prix,2024-07-21,Budapest,RIC,Daniel Ricciardo,RB,9,9,12,0,Lapped,76.202,75.227,0.975,-0.3005470472,12.33333333,13.33333333,0,14,-1.4,0.022,-0.8,0,0
2024,14,Belgian Grand Prix,2024-07-28,Spa-Francorchamps,RIC,Daniel Ricciardo,RB,13,13,10,1,Finished,114.682,113.159,1.523,-0.1717832927,11.33333333,11.16666667,0,15.5,-1.1,0.595,-0.2,0,0
2024,15,Dutch Grand Prix,2024-08-25,Zandvoort,RIC,Daniel Ricciardo,RB,13,15,12,0,Lapped,71.943,69.673,2.27,1.120205891,11.66666667,11.66666667,0,17,1,0.356,-1.4,0,0
2024,16,Italian Grand Prix,2024-09-01,Monza,RIC,Daniel Ricciardo,RB,12,12,13,0,Finished,80.479,79.327,1.152,0.284327318,11.33333333,12.66666667,0,17,1.8,0.109,-1.4,0,0
2024,17,Azerbaijan Grand Prix,2024-09-15,Baku,RIC,Daniel Ricciardo,RB,14,15,13,0,Finished,103.547,101.365,2.182,0.8627107144,11.66666667,14.66666667,0,8,0.9,0.321,-0.8,0,1
2024,18,Singapore Grand Prix,2024-09-22,Marina Bay,RIC,Daniel Ricciardo,RB,16,16,18,0,Lapped,91.085,89.525,1.56,0.9067296613,12.66666667,15.83333333,0,5,0.6,0.155,-0.8,0,1
2022,1,Bahrain Grand Prix,2022-03-20,Sakhir,RUS,George Russell,Mercedes,9,9,4,12,Finished,91.252,90.558,0.694,-0.6980952005,,,,,,0.123,,0,0
2022,2,Saudi Arabian Grand Prix,2022-03-27,Jeddah,RUS,George Russell,Mercedes,6,6,5,10,Finished,89.104,88.2,0.904,-0.4696514757,4,3.5,0,,,0.025,,0,1
2022,3,Australian Grand Prix,2022-04-10,Melbourne,RUS,George Russell,Mercedes,6,6,3,15,Finished,78.933,77.868,1.065,-0.3942871618,4.5,5.5,0,,0.3,0.286,-3,0,0
2022,4,Emilia Romagna Grand Prix,2022-04-24,Imola,RUS,George Russell,Mercedes,11,11,4,12,Finished,80.383,78.793,1.59,0.3153527254,4,4.833333333,0,,0.4,0.003,-3,0,0
2022,5,Miami Grand Prix,2022-05-08,Miami,RUS,George Russell,Mercedes,12,12,5,10,Finished,90.173,88.796,1.377,0.2214884313,4,6.5,0,,0.5,0.19,-4,0,1
2022,6,Spanish Grand Prix,2022-05-22,Barcelona,RUS,George Russell,Mercedes,4,4,3,15,Finished,79.393,78.75,0.643,-0.9631333613,4,5.833333333,0,,-1.5,0.323,-4.6,0,0
2022,7,Monaco Grand Prix,2022-05-29,Monaco,RUS,George Russell,Mercedes,6,6,5,10,Finished,72.112,71.376,0.736,-0.6498587725,4,6,0,,0.2,0.225,-3.8,0,1
2022,8,Azerbaijan Grand Prix,2022-06-12,Baku,RUS,George Russell,Mercedes,5,5,3,15,Finished,102.712,101.359,1.353,-0.5690311325,4.333333333,5.333333333,0,,0,0.282,-3.8,0,1
2022,9,Canadian Grand Prix,2022-06-19,Montréal,RUS,George Russell,Mercedes,8,8,4,12,Finished,83.557,81.299,2.258,-0.7619315911,3.666666667,4.666666667,0,,-1.2,0.645,-3.6,0,0
2022,10,British Grand Prix,2022-07-03,Silverstone,RUS,George Russell,Mercedes,8,8,18,0,Collision,100.028,100.19,0,-1.329318452,4,4.5,0,,-0.1,0,-3,0,0
2022,11,Austrian Grand Prix,2022-07-10,Spielberg,RUS,George Russell,Mercedes,4,4,4,12,Finished,65.431,64.984,0.447,-1.005283295,8.333333333,5.833333333,0.2,,1.4,0.029,0.4,0,0
2022,12,French Grand Prix,2022-07-24,Le Castellet,RUS,George Russell,Mercedes,6,6,3,15,Finished,92.131,90.872,1.259,-0.4984396239,8.666666667,5.833333333,0.2,,-1.6,0.304,0.6,0,0
2022,13,Hungarian Grand Prix,2022-07-31,Budapest,RUS,George Russell,Mercedes,1,1,3,15,Finished,77.377,77.377,0,-1.471337885,8.333333333,5.5,0.2,,-0.3,0.044,0.2,0,0
2022,14,Belgian Grand Prix,2022-08-28,Spa-Francorchamps,RUS,George Russell,Mercedes,5,8,4,12,Finished,105.461,103.665,1.796,-0.2381333812,3.333333333,2.833333333,0.2,,3.6,0.632,1,0,0
2022,15,Dutch Grand Prix,2022-09-04,Zandvoort,RUS,George Russell,Mercedes,6,6,2,18,Finished,70.824,70.342,0.482,-0.8492631823,3.333333333,5.666666667,0.2,,0.5,0.021,1,0,0
2022,16,Italian Grand Prix,2022-09-11,Monza,RUS,George Russell,Mercedes,2,6,3,15,Finished,81.542,80.161,1.381,-0.3849558084,3,5.833333333,0,,-3.2,0.145,-1.8,0,0
2022,17,Singapore Grand Prix,2022-10-02,Marina Bay,RUS,George Russell,Mercedes,20,11,14,0,+2 Laps,114.012,109.412,4.6,0.3545188344,3,6.333333333,0,,1.1,0.022,-2.4,1,1
2022,18,Japanese Grand Prix,2022-10-09,Suzuka,RUS,George Russell,Mercedes,8,8,8,4,Finished,90.389,89.304,1.085,-0.2257460944,6.333333333,6.166666667,0,,1.1,0.01,-1.2,0,0
2022,19,United States Grand Prix,2022-10-23,Austin,RUS,George Russell,Mercedes,4,6,5,11,Finished,94.988,94.356,0.632,-0.9733147382,8.333333333,7.333333333,0,,-2,0.065,-1.6,0,0
2022,20,Mexico City Grand Prix,2022-10-30,Mexico City,RUS,George Russell,Mercedes,2,2,4,13,Finished,78.079,77.775,0.304,-1.159779431,9,7.166666667,0,,-0.9,0.304,-1,0,0
2022,21,São Paulo Grand Prix,2022-11-13,São Paulo,RUS,George Russell,Mercedes,1,3,1,26,Finished,71.318,71.41,0,-0.64725313,5.666666667,4.333333333,0,,-0.1,0,0.2,0,0
2022,22,Abu Dhabi Grand Prix,2022-11-20,Yas Island,RUS,George Russell,Mercedes,6,6,5,10,Finished,84.511,83.824,0.687,-0.7685599621,3.333333333,2.666666667,0,,2.9,0.228,0.4,0,0
2023,1,Bahrain Grand Prix,2023-03-05,Sakhir,RUS,George Russell,Mercedes,6,6,7,6,Finished,90.34,89.708,0.632,-0.8556626727,3.333333333,5.333333333,0,4,1,0.138,-0.4,0,0
2023,2,Saudi Arabian Grand Prix,2023-03-19,Jeddah,RUS,George Russell,Mercedes,3,4,4,12,Finished,88.857,88.265,0.592,-0.4257590353,4.333333333,6.333333333,0,5,-2.4,0.155,-0.2,0,1
2023,3,Australian Grand Prix,2023-04-02,Melbourne,RUS,George Russell,Mercedes,2,2,18,0,Retired,76.968,76.732,0.236,-1.281770221,5.333333333,7.333333333,0,3,-0.9,0.236,0,0,0
2023,4,Azerbaijan Grand Prix,2023-04-30,Baku,RUS,George Russell,Mercedes,11,11,8,5,Finished,101.654,100.203,1.451,-0.2569488036,9.666666667,6.833333333,0.2,3,1.6,0.188,2.8,0,1
2023,5,Miami Grand Prix,2023-05-07,Miami,RUS,George Russell,Mercedes,6,6,4,12,Finished,87.743,86.841,0.902,-0.03355989557,10,7.166666667,0.2,5,-0.2,0.256,2.6,0,1
2023,6,Monaco Grand Prix,2023-05-28,Monaco,RUS,George Russell,Mercedes,8,8,5,10,Finished,71.964,71.365,0.599,-0.5204959164,10,7.333333333,0.2,5,-0.8,0.084,2.4,0,1
2023,7,Spanish Grand Prix,2023-06-04,Barcelona,RUS,George Russell,Mercedes,12,12,3,15,Finished,73.326,72.272,1.054,-0.06303175879,5.666666667,5.5,0.2,3,-0.7,0.462,1.6,0,0
2023,8,Canadian Grand Prix,2023-06-18,Montréal,RUS,George Russell,Mercedes,4,5,19,0,Retired,80.098,79.092,1.006,-0.6219806425,4,4,0.2,4,-0.4,1.213,-0.2,0,0
2023,9,Austrian Grand Prix,2023-07-02,Spielberg,RUS,George Russell,Mercedes,11,11,7,6,Finished,65.428,64.391,1.037,0.3233585585,9,6,0.2,4,2.8,0.048,-0.6,0,0
2023,10,British Grand Prix,2023-07-09,Silverstone,RUS,George Russell,Mercedes,6,6,5,10,Finished,87.155,86.72,0.435,-0.8973457619,9.666666667,7,0.2,18,-1.2,0.241,-0.8,0,0
2023,11,Hungarian Grand Prix,2023-07-23,Budapest,RUS,George Russell,Mercedes,18,18,6,8,Finished,79.027,76.609,2.418,1.403567726,10.33333333,7.5,0.2,3,-1,0.003,-0.6,0,0
2023,12,Belgian Grand Prix,2023-07-30,Spa-Francorchamps,RUS,George Russell,Mercedes,8,8,6,8,Finished,107.805,106.168,1.637,-0.8492222443,6,5.5,0.2,4,0.3,0.82,-2.4,0,0
2023,13,Dutch Grand Prix,2023-08-27,Zandvoort,RUS,George Russell,Mercedes,3,3,17,0,Finished,71.294,70.567,0.727,-1.117754996,5.666666667,4.666666667,0.2,2,0.4,0.537,-1,0,0
2023,14,Italian Grand Prix,2023-09-03,Monza,RUS,George Russell,Mercedes,4,4,5,10,Finished,80.671,80.294,0.377,-0.9140395813,9.666666667,7.166666667,0,3,1.5,0.013,-1,0,0
2023,15,Singapore Grand Prix,2023-09-17,Marina Bay,RUS,George Russell,Mercedes,2,2,16,0,Retired,91.056,90.984,0.072,-1.333438473,9.333333333,7.333333333,0,14,-1.8,0.072,0,0,1
2023,16,Japanese Grand Prix,2023-09-24,Suzuka,RUS,George Russell,Mercedes,8,8,7,6,Finished,90.219,88.877,1.342,-0.08764156805,12.66666667,8.833333333,0,8,0.9,0.581,3,0,0
2023,17,Qatar Grand Prix,2023-10-08,Lusail,RUS,George Russell,Mercedes,2,2,4,12,Finished,84.219,83.778,0.441,-1.059035012,9.333333333,7,0,,2.3,0.441,5.2,0,0
2023,18,United States Grand Prix,2023-10-22,Austin,RUS,George Russell,Mercedes,5,5,5,10,Finished,95.079,94.723,0.356,-0.7930216298,9,9,0,5,2.5,0.13,6,0,0
2023,19,Mexico City Grand Prix,2023-10-29,Mexico City,RUS,George Russell,Mercedes,8,8,6,8,Finished,77.673,77.166,0.507,-0.5922724435,5.333333333,9.833333333,0,4,-3.3,0.067,3.2,0,0
2023,20,São Paulo Grand Prix,2023-11-05,São Paulo,RUS,George Russell,Mercedes,8,6,15,0,Retired,70.316,70.162,0.154,-0.6344768943,5,9.166666667,0,1,-2.1,0.141,2.6,0,0
2023,21,Las Vegas Grand Prix,2023-11-18,Las Vegas,RUS,George Russell,Mercedes,3,4,8,4,Finished,93.112,92.726,0.386,-0.8931014666,8.666666667,9.166666667,0.2,,1.9,0.044,1.6,0,1
2023,22,Abu Dhabi Grand Prix,2023-11-26,Yas Island,RUS,George Russell,Mercedes,4,4,3,15,Finished,83.788,83.445,0.343,-0.9609227869,9.666666667,7.666666667,0.2,5,-0.5,0.139,2.6,0,0
2024,1,Bahrain Grand Prix,2024-03-02,Sakhir,RUS,George Russell,Mercedes,3,3,5,10,Finished,89.485,89.179,0.306,-0.9307965443,8.666666667,8.333333333,0.2,5.5,-0.5,0,2,0,0
2024,2,Saudi Arabian Grand Prix,2024-03-09,Jeddah,RUS,George Russell,Mercedes,7,7,6,8,Finished,88.316,87.472,0.844,-0.4213988584,5.333333333,6.5,0.2,4.5,0.2,0.319,2.4,0,1
2024,3,Australian Grand Prix,2024-03-24,Melbourne,RUS,George Russell,Mercedes,7,7,17,0,Retired,76.724,75.915,0.809,-0.4115376019,4.666666667,6.5,0.2,10.5,2.3,0.27,2.6,0,0
2024,4,Japanese Grand Prix,2024-04-07,Suzuka,RUS,George Russell,Mercedes,9,9,7,6,Finished,89.008,88.197,0.811,-0.4127022208,9.333333333,10.33333333,0,7.5,1.1,0.066,2.8,0,0
2024,5,Chinese Grand Prix,2024-04-21,Shanghai,RUS,George Russell,Mercedes,8,8,6,8,Finished,94.433,93.66,0.773,-0.5768494986,10,11,0,,-2.8,0.322,1.6,0,0
2024,6,Miami Grand Prix,2024-05-05,Miami,RUS,George Russell,Mercedes,7,7,8,4,Finished,88.067,87.241,0.826,0.03347296011,10,11,0,4.5,-0.7,0.141,1.4,0,1
2024,7,Emilia Romagna Grand Prix,2024-05-19,Imola,RUS,George Russell,Mercedes,6,6,7,7,Finished,75.234,74.746,0.488,-0.7116075097,7,7.5,0,4,-0.4,0.074,1.2,0,0
2024,8,Monaco Grand Prix,2024-05-26,Monaco,RUS,George Russell,Mercedes,5,5,5,10,Finished,70.543,70.27,0.273,-0.9328070569,7,7,0,5,0.1,0.154,1.6,0,1
2024,9,Canadian Grand Prix,2024-06-09,Montréal,RUS,George Russell,Mercedes,1,1,3,15,Finished,71.742,71.742,0,-1.392305903,6.666666667,6.5,0,11.5,-0.6,0.258,-0.4,0,0
2024,10,Spanish Grand Prix,2024-06-23,Barcelona,RUS,George Russell,Mercedes,4,4,4,12,Finished,71.703,71.383,0.32,-0.8961465475,5,5.333333333,0,3,-1,0.02,0.4,0,0
2024,11,Austrian Grand Prix,2024-06-30,Spielberg,RUS,George Russell,Mercedes,3,3,1,25,Finished,64.84,64.314,0.526,-1.000172149,4,4.333333333,0,5.5,0.1,0.404,0.8,0,0
2024,12,British Grand Prix,2024-07-07,Silverstone,RUS,George Russell,Mercedes,1,1,19,0,Retired,85.819,85.819,0,-0.7931688589,2.666666667,3.166666667,0,11.5,-0.7,0.171,0.2,0,0
2024,13,Hungarian Grand Prix,2024-07-21,Budapest,RUS,George Russell,Mercedes,17,17,8,5,Finished,77.968,75.227,2.741,1.493187611,8,5.333333333,0.2,4.5,1.6,0.022,3.6,0,0
2024,14,Belgian Grand Prix,2024-07-28,Spa-Francorchamps,RUS,George Russell,Mercedes,6,7,20,0,Disqualified,114.095,113.159,0.936,-0.6217466698,9.333333333,6,0.2,5,-1.1,0.595,1.8,0,0
2024,15,Dutch Grand Prix,2024-08-25,Zandvoort,RUS,George Russell,Mercedes,4,4,7,6,Finished,70.244,69.673,0.571,-0.8509778849,15.66666667,8.666666667,0.2,9.5,2.2,0.356,4,0,0
2024,16,Italian Grand Prix,2024-09-01,Monza,RUS,George Russell,Mercedes,3,3,7,6,Finished,79.44,79.327,0.113,-1.227138957,11.66666667,7.833333333,0.2,4,-0.5,0.109,4.6,0,0
2024,17,Azerbaijan Grand Prix,2024-09-15,Baku,RUS,George Russell,Mercedes,5,5,3,15,Finished,101.874,101.365,0.509,-1.033145092,11.33333333,8,0.2,5.5,0.2,0.321,5.8,0,1
2024,18,Singapore Grand Prix,2024-09-22,Marina Bay,RUS,George Russell,Mercedes,4,4,4,12,Finished,89.867,89.525,0.342,-0.8461419004,5.666666667,6.5,0,15,-0.2,0.155,1.8,0,1
2024,19,United States Grand Prix,2024-10-20,Austin,RUS,George Russell,Mercedes,20,6,6,8,Finished,92.974,92.33,0.644,-0.6487000815,4.666666667,5.666666667,0,5,2.3,0.031,3.6,1,0
2024,20,Mexico City Grand Prix,2024-10-27,Mexico City,RUS,George Russell,Mercedes,5,5,5,10,Finished,76.356,75.946,0.41,-1.116660531,4.333333333,8,0,5,-0.2,0.225,1,0,0
2024,21,São Paulo Grand Prix,2024-11-03,São Paulo,RUS,George Russell,Mercedes,2,2,4,12,Finished,83.578,83.405,0.173,-1.241467087,5,7.5,0,8,-2.1,0.173,0.4,0,0
2024,22,Las Vegas Grand Prix,2024-11-23,Las Vegas,RUS,George Russell,Mercedes,1,1,1,25,Finished,92.312,92.312,0,-1.458845035,5,8.166666667,0,8,-0.5,0.098,0,0,1
2024,23,Qatar Grand Prix,2024-12-01,Lusail,RUS,George Russell,Mercedes,1,2,4,12,Finished,80.575,80.52,0.055,-1.364168692,3.333333333,4.333333333,0,4,0.1,0.055,0.4,0,0
2024,24,Abu Dhabi Grand Prix,2024-12-08,Yas Island,RUS,George Russell,Mercedes,6,7,5,10,Finished,83.132,82.595,0.537,-0.4945423695,3,5.5,0,4,0.7,0.209,0.8,0,0
2025,1,Australian Grand Prix,2025-03-16,Melbourne,RUS,George Russell,Mercedes,4,4,3,15,Finished,75.546,75.096,0.45,-0.9155635447,3.333333333,4.666666667,0,12.66666667,-1.5,0.084,0.4,0,0
2025,2,Chinese Grand Prix,2025-03-23,Shanghai,RUS,George Russell,Mercedes,2,2,3,15,Finished,90.723,90.641,0.082,-1.369473134,4,5.333333333,0,6,0.2,0.082,0.2,0,0
2025,3,Japanese Grand Prix,2025-04-06,Suzuka,RUS,George Russell,Mercedes,5,5,5,10,Finished,87.318,86.983,0.335,-0.8327938562,3.666666667,4.166666667,0,7.333333333,0.4,0.012,0,0,0
2025,4,Bahrain Grand Prix,2025-04-13,Sakhir,RUS,George Russell,Mercedes,3,2,2,18,Finished,90.009,89.841,0.168,-1.294153372,3.666666667,4.5,0,5.333333333,1.2,0.168,0,0,0
2025,5,Saudi Arabian Grand Prix,2025-04-20,Jeddah,RUS,George Russell,Mercedes,3,3,5,10,Finished,87.407,87.294,0.113,-1.282285262,3.333333333,5.5,0,5,-0.3,0.01,-0.4,0,1
2025,6,Miami Grand Prix,2025-05-04,Miami,RUS,George Russell,Mercedes,5,5,3,15,Finished,86.385,86.204,0.181,-1.052529208,4,5.833333333,0,5.666666667,-0.7,0.065,0.4,0,1
2025,7,Emilia Romagna Grand Prix,2025-05-18,Imola,RUS,George Russell,Mercedes,3,3,7,6,Finished,74.807,74.67,0.137,-1.306299667,3.333333333,5.5,0,5.5,2.4,0.034,0.2,0,0
2025,8,Monaco Grand Prix,2025-05-25,Monaco,RUS,George Russell,Mercedes,14,14,11,0,Lapped,71.507,69.954,1.553,0.3504387764,5,7.666666667,0,5,2.8,0.109,0.8,0,1
2025,9,Spanish Grand Prix,2025-06-01,Barcelona,RUS,George Russell,Mercedes,4,4,4,12,Finished,71.848,71.546,0.302,-1.096444713,7,10.66666667,0,3.333333333,0.2,0.209,0.2,0,0
2025,10,Canadian Grand Prix,2025-06-15,Montréal,RUS,George Russell,Mercedes,1,1,1,25,Finished,70.899,70.899,0,-1.894059226,7.333333333,12.83333333,0,8.666666667,-3.7,0.16,0.2,0,0
2025,11,Austrian Grand Prix,2025-06-29,Spielberg,RUS,George Russell,Mercedes,5,5,5,10,Finished,64.763,63.971,0.792,-0.5824136036,5.333333333,9.166666667,0,4,-0.1,0.521,-0.2,0,0
2025,12,British Grand Prix,2025-07-06,Silverstone,RUS,George Russell,Mercedes,4,4,10,1,Finished,85.029,84.892,0.137,-1.117686373,3.333333333,8.333333333,0,14,3,0.103,0.2,0,0
2025,13,Belgian Grand Prix,2025-07-27,Spa-Francorchamps,RUS,George Russell,Mercedes,6,6,5,10,Finished,101.254,100.562,0.692,-0.4369599528,5.333333333,9,0,10,-0.1,0.064,0.6,0,0
2025,14,Hungarian Grand Prix,2025-08-03,Budapest,RUS,George Russell,Mercedes,4,4,3,15,Finished,75.201,75.372,0,-1.093437361,6.666666667,11.83333333,0,5.666666667,-1.7,0,1,0,0
2025,15,Dutch Grand Prix,2025-08-31,Zandvoort,RUS,George Russell,Mercedes,5,5,4,12,Finished,69.255,68.662,0.593,-0.4984621753,6,10,0,8.666666667,-0.2,0.012,0.8,0,0
2025,16,Italian Grand Prix,2025-09-07,Monza,RUS,George Russell,Mercedes,5,6,5,10,Finished,79.157,78.792,0.365,-0.7193231813,4,9,0,5,-0.1,0.077,0.6,0,0
2025,17,Azerbaijan Grand Prix,2025-09-21,Baku,RUS,George Russell,Mercedes,5,5,2,18,Finished,101.455,101.117,0.338,-0.7598649745,4,7.833333333,0,4.666666667,-2.3,0.478,0.4,0,1
2025,18,Singapore Grand Prix,2025-10-05,Marina Bay,RUS,George Russell,Mercedes,1,1,1,25,Finished,89.158,89.158,0,-1.488616592,3.666666667,6.666666667,0,11.33333333,-1.1,0.182,-1.4,0,1
2025,19,United States Grand Prix,2025-10-19,Austin,RUS,George Russell,Mercedes,4,4,6,8,Finished,92.826,92.51,0.316,-0.9293848524,2.666666667,4.333333333,0,5.333333333,1.7,0.291,-1.2,0,0
2025,20,Mexico City Grand Prix,2025-10-26,Mexico City,RUS,George Russell,Mercedes,4,4,7,6,Finished,76.034,75.586,0.448,-0.9306632355,3,5.166666667,0,5,0.7,0.262,-0.6,0,0
2025,21,São Paulo Grand Prix,2025-11-09,São Paulo,RUS,George Russell,Mercedes,6,6,4,12,Finished,69.88,69.511,0.369,-0.4933222807,4.666666667,6.333333333,0,6.666666667,-2.1,0.174,0.2,0,0
2025,22,Las Vegas Grand Prix,2025-11-22,Las Vegas,RUS,George Russell,Mercedes,4,4,2,18,Finished,108.803,107.934,0.869,-0.9813986056,5.666666667,6.333333333,0,4.5,-0.9,0.323,0,0,1
2025,23,Qatar Grand Prix,2025-11-30,Lusail,RUS,George Russell,Mercedes,4,4,6,8,Finished,79.662,79.387,0.275,-1.292284311,4.333333333,4,0,4,0.4,0.108,0.2,0,0
2025,24,Abu Dhabi Grand Prix,2025-12-07,Yas Island,RUS,George Russell,Mercedes,4,4,5,10,Finished,82.645,82.207,0.438,-0.8619666292,4,3.666666667,0,4.333333333,2.8,0.201,0.6,0,0
2026,1,Australian Grand Prix,2026-03-08,Melbourne,RUS,George Russell,Mercedes,1,1,1,25,Finished,78.518,78.518,0,-1.448392621,4.333333333,6,0,10.25,-0.7,0.293,0.4,0,0
2026,2,Chinese Grand Prix,2026-03-15,Shanghai,RUS,George Russell,Mercedes,2,2,2,18,Finished,92.286,92.064,0.222,-1.066890333,4,5.666666667,0,4.5,-3.2,0.222,-0.2,0,0
2026,3,Japanese Grand Prix,2026-03-29,Suzuka,RUS,George Russell,Mercedes,2,2,4,12,Finished,89.076,88.778,0.298,-1.176226078,2.666666667,4.333333333,0,6.75,-0.1,0.298,0.2,0,0
2026,4,Miami Grand Prix,2026-05-03,Miami,RUS,George Russell,Mercedes,5,5,4,12,Finished,88.197,87.798,0.399,-0.8987671997,2.333333333,1.833333333,0,5,0.2,0.166,1,0,1
2026,5,Canadian Grand Prix,2026-05-24,Montréal,RUS,George Russell,Mercedes,1,1,19,0,Retired,72.578,72.578,0,-1.202287359,3.333333333,2.166666667,0,6.75,0,0.068,0.4,0,0
2026,6,Monaco Grand Prix,2026-06-07,Monaco,RUS,George Russell,Mercedes,6,6,12,0,Finished,72.445,72.051,0.394,-1.033861998,9,5,0.2,6.5,1.5,0.043,3.8,0,1
2026,7,Barcelona Grand Prix,2026-06-14,Barcelona,RUS,George Russell,Mercedes,1,1,2,18,Finished,74.679,74.679,0,-1.202435409,11.66666667,6.333333333,0.2,3.5,2.3,0.064,5,0,0
2026,8,Austrian Grand Prix,2026-06-28,Spielberg,RUS,George Russell,Mercedes,1,1,1,25,Finished,66.113,66.113,0,-1.180392029,11,8.5,0.2,4.25,-0.6,0.236,5.2,0,0
2026,9,British Grand Prix,2026-07-05,Silverstone,RUS,George Russell,Mercedes,4,4,2,18,Finished,88.481,88.111,0.37,-1.03934392,5,5.833333333,0.2,13,-0.3,0.175,4.8,0,0
2026,10,Belgian Grand Prix,2026-07-19,Spa-Francorchamps,RUS,George Russell,Mercedes,3,4,22,0,Retired,104.869,104.361,0.508,-0.9204062112,1.666666667,6.5,0.2,8.75,-0.3,0.317,4.6,0,0
2026,11,Hungarian Grand Prix,2026-07-26,Budapest,RUS,George Russell,Mercedes,6,7,7,6,Finished,77.76,77.207,0.553,-0.8877910266,8.333333333,7.333333333,0.2,5,-0.4,0.012,4.6,0,0
2026,12,Dutch Grand Prix,2026-08-23,Zandvoort,RUS,George Russell,Mercedes,2,2,3,15,Finished,71.265,71.163,0.102,-1.213122683,10.33333333,8.333333333,0.2,7.5,-1.3,0.102,3.4,0,0
2026,13,Italian Grand Prix,2026-09-06,Monza,RUS,George Russell,Mercedes,2,2,2,18,Finished,81.846,81.786,0.06,-0.9904675608,10.66666667,6.333333333,0.2,5,-0.8,0.06,3.4,0,0
2026,14,Spanish Grand Prix,2026-09-13,Madrid,RUS,George Russell,Mercedes,6,6,5,10,Finished,92.149,91.824,0.325,-0.8104161407,4,3,0.2,,-0.3,0.011,3.4,0,1
2026,15,Azerbaijan Grand Prix,2026-09-26,Baku,RUS,George Russell,Mercedes,1,1,1,25,Finished,102.526,102.526,0,-1.671862611,3.333333333,2.333333333,0.2,4,1.1,0.837,3.6,0,1
2026,16,Bahrain Grand Prix,2026-10-04,Kuala Lumpur,RUS,George Russell,Mercedes,7,8,20,0,Retired,95.871,95.13,0.741,-0.895078222,2.666666667,2.5,0,,-0.2,0.298,0,0,0
2022,1,Bahrain Grand Prix,2022-03-20,Sakhir,SAI,Carlos Sainz,Ferrari,3,3,2,18,Finished,90.687,90.558,0.129,-1.330843718,,,,,,0.123,,0,0
2022,2,Saudi Arabian Grand Prix,2022-03-27,Jeddah,SAI,Carlos Sainz,Ferrari,3,3,3,15,Finished,88.402,88.2,0.202,-1.230980035,2,1.5,0,,,0.025,,0,1
2022,3,Australian Grand Prix,2022-04-10,Melbourne,SAI,Carlos Sainz,Ferrari,9,9,20,0,Spun off,78.469,77.868,0.601,-0.8772040301,2.5,2,0,,0.1,0.286,-0.5,0,0
2022,4,Emilia Romagna Grand Prix,2022-04-24,Imola,SAI,Carlos Sainz,Ferrari,4,10,20,0,Collision,78.99,78.793,0.197,-1.169779051,8.333333333,4.833333333,0.3333333333,,2.5,0.003,3.333333333,0,0
2022,5,Miami Grand Prix,2022-05-08,Miami,SAI,Carlos Sainz,Ferrari,2,2,3,15,Finished,88.986,88.796,0.19,-1.310790278,14.33333333,8.666666667,0.5,,0.2,0.19,5,0,1
2022,6,Spanish Grand Prix,2022-05-22,Barcelona,SAI,Carlos Sainz,Ferrari,3,3,4,12,Finished,79.166,78.75,0.416,-1.215638152,14.33333333,8.666666667,0.4,,1.1,0.323,4.2,0,0
2022,7,Monaco Grand Prix,2022-05-29,Monaco,SAI,Carlos Sainz,Ferrari,2,2,2,18,Finished,71.601,71.376,0.225,-1.139252086,9,9.166666667,0.4,,0.5,0.225,4.6,0,1
2022,8,Azerbaijan Grand Prix,2022-06-12,Baku,SAI,Carlos Sainz,Ferrari,4,4,20,0,Hydraulics,101.814,101.359,0.455,-1.262651272,3,5.833333333,0.4,,-0.4,0.282,4.6,0,1
2022,9,Canadian Grand Prix,2022-06-19,Montréal,SAI,Carlos Sainz,Ferrari,3,3,2,19,Finished,82.096,81.299,0.797,-1.119241789,8.666666667,11.5,0.4,,2,0.645,5.6,0,0
2022,10,British Grand Prix,2022-07-03,Silverstone,SAI,Carlos Sainz,Ferrari,1,1,1,25,Finished,100.19,100.19,0,-1.329318452,8,8.666666667,0.2,,-4.8,0,3.4,0,0
2022,11,Austrian Grand Prix,2022-07-10,Spielberg,SAI,Carlos Sainz,Ferrari,3,3,18,0,Power Unit,65.066,64.984,0.082,-1.566636317,7.666666667,8.5,0.2,,-0.9,0.029,3.2,0,0
2022,12,French Grand Prix,2022-07-24,Le Castellet,SAI,Carlos Sainz,Ferrari,19,9,5,11,Finished,91.081,90.872,0.209,-1.613517082,7,5.166666667,0.4,,4.7,0.304,6,1,0
2022,13,Hungarian Grand Prix,2022-07-31,Budapest,SAI,Carlos Sainz,Ferrari,2,2,4,12,Finished,77.421,77.377,0.044,-1.411643217,8,8,0.4,,-0.3,0.044,5.2,0,0
2022,14,Belgian Grand Prix,2022-08-28,Spa-Francorchamps,SAI,Carlos Sainz,Ferrari,1,2,3,15,Finished,104.297,103.665,0.632,-1.444344242,9,8.833333333,0.2,,-2.7,0.632,2.4,0,0
2022,15,Dutch Grand Prix,2022-09-04,Zandvoort,SAI,Carlos Sainz,Ferrari,3,3,8,4,Finished,70.434,70.342,0.092,-1.365935269,4,7.166666667,0.2,,-0.7,0.021,2.8,0,0
2022,16,Italian Grand Prix,2022-09-11,Monza,SAI,Carlos Sainz,Ferrari,18,3,4,12,Finished,80.429,80.161,0.268,-1.727866997,5,5,0.2,,-0.3,0.145,3.8,1,0
2022,17,Singapore Grand Prix,2022-10-02,Marina Bay,SAI,Carlos Sainz,Ferrari,4,4,3,15,Finished,109.583,109.412,0.171,-1.206125155,5,4.333333333,0,,-0.6,0.022,1,0,1
2022,18,Japanese Grand Prix,2022-10-09,Suzuka,SAI,Carlos Sainz,Ferrari,3,3,19,0,Accident,89.361,89.304,0.057,-1.672096889,5,3.666666667,0,,0.1,0.01,1.6,0,0
2022,19,United States Grand Prix,2022-10-23,Austin,SAI,Carlos Sainz,Ferrari,1,1,20,0,Collision damage,94.356,94.356,0,-1.596141564,8.666666667,5.5,0.2,,1.8,0.065,4.4,0,0
2022,20,Mexico City Grand Prix,2022-10-30,Mexico City,SAI,Carlos Sainz,Ferrari,5,5,5,10,Finished,78.351,77.775,0.576,-0.894039388,14,8.333333333,0.4,,0.7,0.304,8,0,0
2022,21,São Paulo Grand Prix,2022-11-13,São Paulo,SAI,Carlos Sainz,Ferrari,7,5,3,15,Finished,70.89,71.41,0,-0.64725313,14.66666667,9.333333333,0.4,,-1.3,0,7,0,0
2022,22,Abu Dhabi Grand Prix,2022-11-20,Yas Island,SAI,Carlos Sainz,Ferrari,4,4,4,12,Finished,84.242,83.824,0.418,-1.159082497,9.333333333,6.833333333,0.4,,-1,0.228,6.4,0,0
2023,1,Bahrain Grand Prix,2023-03-05,Sakhir,SAI,Carlos Sainz,Ferrari,4,4,4,12,Finished,90.154,89.708,0.446,-1.08916217,4,4,0.4,2,3.1,0.138,6.6,0,0
2023,2,Saudi Arabian Grand Prix,2023-03-19,Jeddah,SAI,Carlos Sainz,Ferrari,4,5,6,8,Finished,88.931,88.265,0.666,-0.3903050673,3.666666667,6,0.2,3,1,0.155,3.4,0,1
2023,3,Australian Grand Prix,2023-04-02,Melbourne,SAI,Carlos Sainz,Ferrari,5,5,12,0,Finished,77.27,76.732,0.538,-0.7871970563,4.666666667,7,0,20,0.4,0.236,-0.2,0,0
2023,4,Azerbaijan Grand Prix,2023-04-30,Baku,SAI,Carlos Sainz,Ferrari,4,4,5,10,Finished,101.016,100.203,0.813,-0.5514486449,7.333333333,11.33333333,0,20,-0.2,0.188,1.2,0,1
2023,5,Miami Grand Prix,2023-05-07,Miami,SAI,Carlos Sainz,Ferrari,3,3,5,10,Finished,87.148,86.841,0.307,-1.065505005,7.666666667,8.833333333,0,3,-3.3,0.256,1.8,0,1
2023,6,Monaco Grand Prix,2023-05-28,Monaco,SAI,Carlos Sainz,Ferrari,4,5,8,4,Finished,71.63,71.365,0.265,-0.9674573153,7.333333333,8.666666667,0,2,0.6,0.084,2.2,0,1
2023,7,Spanish Grand Prix,2023-06-04,Barcelona,SAI,Carlos Sainz,Ferrari,2,2,5,10,Finished,72.734,72.272,0.462,-1.043709846,6,5.666666667,0,4,1.1,0.462,2.8,0,0
2023,8,Canadian Grand Prix,2023-06-18,Montréal,SAI,Carlos Sainz,Ferrari,11,8,5,10,Finished,79.856,79.092,0.764,-0.7882819522,6,7,0,2,-0.7,1.213,3.2,1,0
2023,9,Austrian Grand Prix,2023-07-02,Spielberg,SAI,Carlos Sainz,Ferrari,3,3,6,8,Finished,64.581,64.391,0.19,-1.295823818,6,6.5,0,18,-1.8,0.048,1.2,0,0
2023,10,British Grand Prix,2023-07-09,Silverstone,SAI,Carlos Sainz,Ferrari,5,5,10,1,Finished,87.148,86.72,0.428,-0.9018608714,5.333333333,5.5,0,1,1.1,0.241,1.6,0,0
2023,11,Hungarian Grand Prix,2023-07-23,Budapest,SAI,Carlos Sainz,Ferrari,11,11,8,4,Finished,77.703,76.609,1.094,-0.01321546252,7,6,0,4,1.4,0.003,2.2,0,0
2023,12,Belgian Grand Prix,2023-07-30,Spa-Francorchamps,SAI,Carlos Sainz,Ferrari,4,5,19,0,Retired,107.152,106.168,0.984,-1.006441037,8,7,0,3,-1.4,0.82,1,0,0
2023,13,Dutch Grand Prix,2023-08-27,Zandvoort,SAI,Carlos Sainz,Ferrari,6,6,5,10,Finished,71.754,70.567,1.187,-1.013577649,12.33333333,9.333333333,0.2,8,3.5,0.537,3.2,0,0
2023,14,Italian Grand Prix,2023-09-03,Monza,SAI,Carlos Sainz,Ferrari,1,1,3,15,Finished,80.294,80.294,0,-1.355967022,10.66666667,10.16666667,0.2,4,-1.2,0.013,3.6,0,0
2023,15,Singapore Grand Prix,2023-09-17,Marina Bay,SAI,Carlos Sainz,Ferrari,1,1,1,25,Finished,90.984,90.984,0,-1.42757277,9,8.833333333,0.2,3,-3.2,0.072,3.4,0,1
2023,16,Japanese Grand Prix,2023-09-24,Suzuka,SAI,Carlos Sainz,Ferrari,6,6,6,8,Finished,89.85,88.877,0.973,-0.6200982696,3,6,0.2,19,-0.2,0.581,2.4,0,0
2023,17,Qatar Grand Prix,2023-10-08,Lusail,SAI,Carlos Sainz,Ferrari,12,12,20,0,Did not start,85.328,83.778,1.55,0.030303047,3.333333333,3.666666667,0.2,,0.7,0.441,3,0,0
2023,18,United States Grand Prix,2023-10-22,Austin,SAI,Carlos Sainz,Ferrari,4,4,3,15,Finished,94.945,94.723,0.222,-1.003155896,9,6.666666667,0.2,20,4.6,0.13,1.8,0,0
2023,19,Mexico City Grand Prix,2023-10-29,Mexico City,SAI,Carlos Sainz,Ferrari,2,2,4,12,Finished,77.233,77.166,0.067,-1.004168095,9.666666667,9.666666667,0.2,5,-2.1,0.067,1.8,0,0
2023,20,São Paulo Grand Prix,2023-11-05,São Paulo,SAI,Carlos Sainz,Ferrari,7,8,6,8,Finished,70.254,70.162,0.092,-0.827497343,9,9.166666667,0.2,3,0.1,0.141,1.8,0,0
2023,21,Las Vegas Grand Prix,2023-11-18,Las Vegas,SAI,Carlos Sainz,Ferrari,12,2,6,8,Finished,92.77,92.726,0.044,-1.27430671,4.333333333,9.333333333,0.2,,0,0.044,1.4,1,1
2023,22,Abu Dhabi Grand Prix,2023-11-26,Yas Island,SAI,Carlos Sainz,Ferrari,16,16,18,0,Retired,84.738,83.445,1.293,1.169608635,5.333333333,6.833333333,0.2,4,-3.6,0.139,2.2,0,0
2024,1,Bahrain Grand Prix,2024-03-02,Sakhir,SAI,Carlos Sainz,Ferrari,4,4,3,15,Finished,89.507,89.179,0.328,-0.8926384823,10,9,0,3,1.6,0,1,0,0
2024,3,Australian Grand Prix,2024-03-24,Melbourne,SAI,Carlos Sainz,Ferrari,2,2,1,25,Finished,76.185,75.915,0.27,-1.175597896,9,6.166666667,0,16,-0.4,0.27,1,0,0
2024,4,Japanese Grand Prix,2024-04-07,Suzuka,SAI,Carlos Sainz,Ferrari,4,4,3,15,Finished,88.682,88.197,0.485,-0.8992878411,7.333333333,3.333333333,0,12.5,-0.8,0.066,0.4,0,0
2024,5,Chinese Grand Prix,2024-04-21,Shanghai,SAI,Carlos Sainz,Ferrari,7,7,5,10,Finished,94.297,93.66,0.637,-0.7711085844,2.333333333,3.333333333,0,,0.6,0.322,0.6,0,0
2024,6,Miami Grand Prix,2024-05-05,Miami,SAI,Carlos Sainz,Ferrari,3,3,5,10,Finished,87.455,87.241,0.214,-1.271332874,3,3.166666667,0,4,0,0.141,-0.6,0,1
2024,7,Emilia Romagna Grand Prix,2024-05-19,Imola,SAI,Carlos Sainz,Ferrari,4,5,5,10,Finished,75.233,74.746,0.487,-0.7130234216,4.333333333,4,0,20,-0.2,0.074,-0.6,0,0
2024,8,Monaco Grand Prix,2024-05-26,Monaco,SAI,Carlos Sainz,Ferrari,3,3,3,15,Finished,70.518,70.27,0.248,-0.9650595656,5,4.166666667,0,5,-0.4,0.154,-0.4,0,1
2024,9,Canadian Grand Prix,2024-06-09,Montréal,SAI,Carlos Sainz,Ferrari,12,12,16,0,Retired,72.728,71.742,0.986,0.03280945085,4.333333333,3.333333333,0,3.5,3,0.258,-0.2,0,0
2024,10,Spanish Grand Prix,2024-06-23,Barcelona,SAI,Carlos Sainz,Ferrari,6,6,6,8,Finished,71.736,71.383,0.353,-0.8426791165,8,7.833333333,0.2,4.5,2.1,0.02,0.8,0,0
2024,11,Austrian Grand Prix,2024-06-30,Spielberg,SAI,Carlos Sainz,Ferrari,4,4,3,15,Finished,64.851,64.314,0.537,-0.9756225704,8.333333333,8.333333333,0.2,12,-2.6,0.404,1.2,0,0
2024,12,British Grand Prix,2024-07-07,Silverstone,SAI,Carlos Sainz,Ferrari,7,7,5,11,Finished,86.509,85.819,0.69,-0.5962642509,8.333333333,10,0.2,5.5,1.5,0.171,0.6,0,0
2024,13,Hungarian Grand Prix,2024-07-21,Budapest,SAI,Carlos Sainz,Ferrari,4,4,6,8,Finished,75.696,75.227,0.469,-0.8144936706,4.666666667,7.333333333,0.2,6,-1.2,0.022,0.2,0,0
2024,14,Belgian Grand Prix,2024-07-28,Spa-Francorchamps,SAI,Carlos Sainz,Ferrari,7,8,6,8,Finished,114.112,113.159,0.953,-0.6087153624,4.666666667,7.166666667,0.2,11,-2.1,0.595,0.6,0,0
2024,15,Dutch Grand Prix,2024-08-25,Zandvoort,SAI,Carlos Sainz,Ferrari,10,10,5,10,Finished,70.914,69.673,1.241,-0.07364231696,5.666666667,6.333333333,0,6.5,-0.2,0.356,-0.6,0,0
2024,16,Italian Grand Prix,2024-09-01,Monza,SAI,Carlos Sainz,Ferrari,5,5,4,12,Finished,79.467,79.327,0.14,-1.1878612,5.666666667,4.5,0,3.5,-0.5,0.109,-1.6,0,0
2024,17,Azerbaijan Grand Prix,2024-09-15,Baku,SAI,Carlos Sainz,Ferrari,3,3,18,0,Retired,101.805,101.365,0.44,-1.111336395,5,3.666666667,0,12.5,-0.3,0.321,-1.6,0,1
2024,18,Singapore Grand Prix,2024-09-22,Marina Bay,SAI,Carlos Sainz,Ferrari,10,10,7,6,Finished,90.108,89.525,0.583,-0.49930935,9,5.5,0,2,2.2,0.155,1.8,0,1
2024,19,United States Grand Prix,2024-10-20,Austin,SAI,Carlos Sainz,Ferrari,3,3,2,18,Finished,92.652,92.33,0.322,-1.188445369,9.666666667,6.166666667,0,11.5,-1.3,0.031,0.8,0,0
2024,20,Mexico City Grand Prix,2024-10-27,Mexico City,SAI,Carlos Sainz,Ferrari,1,1,1,25,Finished,75.946,75.946,0,-1.826971317,9,5.833333333,0,4.5,-0.9,0.225,1,0,0
2024,21,São Paulo Grand Prix,2024-11-03,São Paulo,SAI,Carlos Sainz,Ferrari,20,14,16,0,Retired,89.406,83.405,6.001,0.6512201623,3.333333333,3.166666667,0,4.5,0.7,0.173,2,1,0
2024,22,Las Vegas Grand Prix,2024-11-23,Las Vegas,SAI,Carlos Sainz,Ferrari,2,2,3,15,Finished,92.41,92.312,0.098,-1.323235062,6.333333333,4.666666667,0.2,6,1.7,0.098,2.6,0,1
2024,23,Qatar Grand Prix,2024-12-01,Lusail,SAI,Carlos Sainz,Ferrari,7,7,6,8,Finished,81.041,80.52,0.521,-0.6957819708,6.666666667,5.333333333,0.2,20,-1.9,0.055,-0.2,0,0
2024,24,Abu Dhabi Grand Prix,2024-12-08,Yas Island,SAI,Carlos Sainz,Ferrari,3,3,2,18,Finished,82.824,82.595,0.229,-1.194377195,8.333333333,6,0.2,11,0.1,0.209,0.2,0,0
2025,1,Australian Grand Prix,2025-03-16,Melbourne,SAI,Carlos Sainz,Williams,10,10,18,0,Retired,75.931,75.096,0.835,-0.2410396924,3.666666667,16.16666667,0.2,11,-2,0.084,0.2,0,0
2025,2,Chinese Grand Prix,2025-03-23,Shanghai,SAI,Carlos Sainz,Williams,15,15,10,1,Finished,91.628,90.641,0.987,0.383282044,8.666666667,14.5,0.4,5,-0.9,0.082,1.8,0,0
2025,3,Japanese Grand Prix,2025-04-06,Suzuka,SAI,Carlos Sainz,Williams,15,12,14,0,Finished,87.836,86.983,0.853,-0.03289172842,10,11.66666667,0.2,9.333333333,0,0.012,0.4,1,0
2025,4,Bahrain Grand Prix,2025-04-13,Sakhir,SAI,Carlos Sainz,Williams,8,8,19,0,Retired,90.68,89.841,0.839,-0.5223313896,14,10.5,0.2,3,1.4,0.168,0.6,0,0
2025,5,Saudi Arabian Grand Prix,2025-04-20,Jeddah,SAI,Carlos Sainz,Williams,6,6,8,4,Finished,88.024,87.294,0.73,-0.2434590978,14.33333333,11.83333333,0.4,4.5,0.5,0.01,3,0,1
2025,6,Miami Grand Prix,2025-05-04,Miami,SAI,Carlos Sainz,Williams,6,6,9,2,Finished,86.569,86.204,0.365,-0.7236976022,13.66666667,11.83333333,0.4,4.333333333,-2.5,0.065,3.6,0,1
2025,7,Emilia Romagna Grand Prix,2025-05-18,Imola,SAI,Carlos Sainz,Williams,6,6,8,4,Finished,75.198,74.67,0.528,-0.7184687733,12,10.33333333,0.2,12.5,-0.7,0.034,2.6,0,0
2025,8,Monaco Grand Prix,2025-05-25,Monaco,SAI,Carlos Sainz,Williams,11,11,10,1,Lapped,71.362,69.954,1.408,0.165594751,8.333333333,7.333333333,0.2,4.333333333,0.7,0.109,4,0,1
2025,9,Spanish Grand Prix,2025-06-01,Barcelona,SAI,Carlos Sainz,Williams,17,18,14,0,Finished,73.203,71.546,1.657,1.170133827,9,7.666666667,0.2,5,3,0.209,3.4,0,0
2025,10,Canadian Grand Prix,2025-06-15,Montréal,SAI,Carlos Sainz,Williams,16,17,10,1,Lapped,72.398,70.899,1.499,0.9186956578,10.66666667,10.83333333,0,7.666666667,2.6,0.16,0.4,0,0
2025,11,Austrian Grand Prix,2025-06-29,Spielberg,SAI,Carlos Sainz,Williams,19,19,20,0,Did not start,65.582,63.971,1.611,1.45255543,11.33333333,13.66666667,0,9,-0.8,0.521,-1.4,0,0
2025,12,British Grand Prix,2025-07-06,Silverstone,SAI,Carlos Sainz,Williams,9,11,12,0,Finished,85.746,84.892,0.854,0.02722559135,14.66666667,16.66666667,0.2,5.333333333,-1.4,0.103,-1.8,0,0
2025,13,Belgian Grand Prix,2025-07-27,Spa-Francorchamps,SAI,Carlos Sainz,Williams,17,15,18,0,Finished,101.691,100.562,1.129,0.3782011971,14,14.5,0.2,9.333333333,-3,0.064,-2,0,0
2025,14,Hungarian Grand Prix,2025-08-03,Budapest,SAI,Carlos Sainz,Williams,13,13,14,0,Lapped,75.652,75.372,0.28,-0.05927941104,16.66666667,13.5,0.2,6,2,0,-1.2,0,0
2025,15,Dutch Grand Prix,2025-08-31,Zandvoort,SAI,Carlos Sainz,Williams,9,9,13,0,Finished,69.472,68.662,0.81,-0.03652476267,14.66666667,12.16666667,0.2,6,-0.6,0.012,-0.2,0,0
2025,16,Italian Grand Prix,2025-09-07,Monza,SAI,Carlos Sainz,Williams,13,13,11,0,Finished,79.528,78.792,0.736,0.1542247737,15,11.83333333,0.2,3.666666667,-1.7,0.077,2,0,0
2025,17,Azerbaijan Grand Prix,2025-09-21,Baku,SAI,Carlos Sainz,Williams,2,2,3,15,Finished,101.595,101.117,0.478,-0.5671088394,12.66666667,10.83333333,0,14.33333333,1.4,0.478,1.4,0,1
2025,18,Singapore Grand Prix,2025-10-05,Marina Bay,SAI,Carlos Sainz,Williams,18,20,10,1,Lapped,,89.158,,,9,8.666666667,0,3.666666667,0.6,0.182,1.4,0,1
2025,19,United States Grand Prix,2025-10-19,Austin,SAI,Carlos Sainz,Williams,9,9,20,0,Retired,93.124,92.51,0.614,-0.4510920843,8,9.666666667,0,8.333333333,0.9,0.291,-1.2,0,0
2025,20,Mexico City Grand Prix,2025-10-26,Mexico City,SAI,Carlos Sainz,Williams,12,7,17,0,Retired,76.172,75.586,0.586,-0.7239989399,11,12.33333333,0.2,3.333333333,0.6,0.262,0.8,1,0
2025,21,São Paulo Grand Prix,2025-11-09,São Paulo,SAI,Carlos Sainz,Williams,15,15,13,0,Finished,70.184,69.511,0.673,0.4729135597,15.66666667,14.5,0.2,8.333333333,-0.9,0.174,2,0,0
2025,22,Las Vegas Grand Prix,2025-11-22,Las Vegas,SAI,Carlos Sainz,Williams,3,3,5,10,Finished,108.296,107.934,0.362,-1.136402139,16.66666667,14.5,0.2,4.5,0.4,0.323,2,0,1
2025,23,Qatar Grand Prix,2025-11-30,Lusail,SAI,Carlos Sainz,Williams,7,7,3,15,Finished,80.251,79.387,0.864,-0.1360402594,11.66666667,12.33333333,0.2,13,-0.8,0.108,2.2,0,0
2025,24,Abu Dhabi Grand Prix,2025-12-07,Yas Island,SAI,Carlos Sainz,Williams,12,12,13,0,Finished,83.042,82.207,0.835,0.1192541645,7,9.833333333,0.2,8,-0.2,0.201,3.4,0,0
2026,1,Australian Grand Prix,2026-03-08,Melbourne,SAI,Carlos Sainz,Williams,21,,15,0,Lapped,,78.518,,,7,10.66666667,0,12.75,1.2,0.293,1.4,0,0
2026,2,Chinese Grand Prix,2026-03-15,Shanghai,SAI,Carlos Sainz,Williams,17,17,9,2,Lapped,94.317,92.064,2.253,0.5101506177,10.33333333,11.66666667,0,7.5,1.4,0.222,-0.75,0,0
2026,3,Japanese Grand Prix,2026-03-29,Suzuka,SAI,Carlos Sainz,Williams,16,16,15,0,Finished,90.927,88.778,2.149,0.3881058189,12.33333333,14.5,0,10.5,1,0.298,-2.25,0,0
2026,4,Miami Grand Prix,2026-05-03,Miami,SAI,Carlos Sainz,Williams,13,13,9,2,Finished,89.54,87.798,1.742,-0.03685651477,13,15.5,0,5.5,-1.8,0.166,-3,0,1
2026,5,Canadian Grand Prix,2026-05-24,Montréal,SAI,Carlos Sainz,Williams,15,15,9,2,Lapped,74.273,72.578,1.695,0.2823080123,11,14.16666667,0,8.25,-0.4,0.068,-3,0,0
2026,6,Monaco Grand Prix,2026-06-07,Monaco,SAI,Carlos Sainz,Williams,12,12,16,0,Retired,73.815,72.051,1.764,0.107677388,11,14,0,5.75,-0.4,0.043,-4.75,0,1
2026,7,Barcelona Grand Prix,2026-06-14,Barcelona,SAI,Carlos Sainz,Williams,16,16,12,0,Lapped,76.881,74.679,2.202,0.5499948241,11.33333333,12.16666667,0,7.25,0.1,0.064,-3,0,0
2026,8,Austrian Grand Prix,2026-06-28,Spielberg,SAI,Carlos Sainz,Williams,17,17,20,0,Retired,68.252,66.113,2.139,0.5952900916,12.33333333,14,0,11.75,1.4,0.236,-2.2,0,0
2026,9,British Grand Prix,2026-07-05,Silverstone,SAI,Carlos Sainz,Williams,14,15,17,0,Lapped,90.562,88.111,2.451,0.4366546948,16,15.16666667,0.2,7,1.4,0.175,-1.4,0,0
2026,10,Belgian Grand Prix,2026-07-19,Spa-Francorchamps,SAI,Carlos Sainz,Williams,19,15,16,0,Finished,106.777,104.361,2.416,0.252020309,16.33333333,17.5,0.2,11.5,-0.7,0.317,-0.2,1,0
2026,11,Hungarian Grand Prix,2026-07-26,Budapest,SAI,Carlos Sainz,Williams,18,18,18,0,Lapped,80.621,77.207,3.414,1.244926915,17.66666667,17.66666667,0.2,8,-0.9,0.012,1.2,0,0
2026,12,Dutch Grand Prix,2026-08-23,Zandvoort,SAI,Carlos Sainz,Williams,17,17,16,0,Lapped,73.574,71.163,2.411,0.9218622826,17,17.33333333,0.2,7.75,0.6,0.102,0.4,0,0
2026,13,Italian Grand Prix,2026-09-06,Monza,SAI,Carlos Sainz,Williams,13,15,13,0,Finished,83.453,81.786,1.667,0.4244746626,16.66666667,16.5,0.2,5.5,-0.2,0.06,1,0,0
2026,14,Spanish Grand Prix,2026-09-13,Madrid,SAI,Carlos Sainz,Williams,20,17,19,0,Retired,95.312,91.824,3.488,1.059002072,15.66666667,16.33333333,0,,-0.7,0.011,0,1,1
2026,15,Azerbaijan Grand Prix,2026-09-26,Baku,SAI,Carlos Sainz,Williams,14,9,10,1,Finished,104.566,102.526,2.04,-0.2446162825,16,16.16666667,0.2,11.5,1.2,0.837,0,1,1
2026,16,Bahrain Grand Prix,2026-10-04,Kuala Lumpur,SAI,Carlos Sainz,Williams,13,13,17,0,Finished,97.527,95.13,2.397,0.4872655586,14,15.66666667,0.2,,0.3,0.298,0,0,0
2023,1,Bahrain Grand Prix,2023-03-05,Sakhir,SAR,Logan Sargeant,Williams,16,16,12,0,Lapped,91.652,89.708,1.944,0.7913875423,,15.5,,,-0.7,0.138,,0,0
2023,2,Saudi Arabian Grand Prix,2023-03-19,Jeddah,SAR,Logan Sargeant,Williams,20,20,16,0,Finished,128.51,88.265,10,4.08168597,12,14.16666667,0,,0.5,0.155,,0,1
2023,3,Australian Grand Prix,2023-04-02,Melbourne,SAR,Logan Sargeant,Williams,18,18,16,0,Retired,78.557,76.732,1.825,1.3204707,14,14.83333333,0,,2.2,0.236,-4,0,0
2023,4,Azerbaijan Grand Prix,2023-04-30,Baku,SAR,Logan Sargeant,Williams,14,15,16,0,Finished,102.242,100.203,2.039,0.01447111289,14.66666667,15.33333333,0,,-1.4,0.188,-3.333333333,0,1
2023,5,Miami Grand Prix,2023-05-07,Miami,SAR,Logan Sargeant,Williams,20,20,20,0,Lapped,88.577,86.841,1.736,1.412897619,16,16.33333333,0,,-1,0.256,-2.25,0,1
2023,6,Monaco Grand Prix,2023-05-28,Monaco,SAR,Logan Sargeant,Williams,16,16,18,0,Lapped,73.113,71.365,1.748,1.017104824,17.33333333,16.16666667,0,,0.8,0.084,-1.8,0,1
2023,7,Spanish Grand Prix,2023-06-04,Barcelona,SAR,Logan Sargeant,Williams,20,20,20,0,Lapped,74.699,72.272,2.427,2.21141252,18,15.66666667,0,,0.2,0.462,-0.6,0,0
2023,8,Canadian Grand Prix,2023-06-18,Montréal,SAR,Logan Sargeant,Williams,18,19,20,0,Retired,83.337,79.092,4.245,1.603845566,19.33333333,17,0,,-1.2,1.213,0.2,0,0
2023,9,Austrian Grand Prix,2023-07-02,Spielberg,SAR,Logan Sargeant,Williams,18,18,13,0,Lapped,65.948,64.391,1.557,1.317425661,19.33333333,15.83333333,0.2,,-1,0.048,0.8,0,0
2023,10,British Grand Prix,2023-07-09,Silverstone,SAR,Logan Sargeant,Williams,14,14,11,0,Finished,89.031,86.72,2.311,0.3127035835,17.66666667,14.5,0.2,,-0.5,0.241,-0.4,0,0
2023,11,Hungarian Grand Prix,2023-07-23,Budapest,SAR,Logan Sargeant,Williams,20,20,18,0,Retired,79.248,76.609,2.639,1.64005495,14.66666667,11.66666667,0.2,,-0.2,0.003,-1,0,0
2023,12,Belgian Grand Prix,2023-07-30,Spa-Francorchamps,SAR,Logan Sargeant,Williams,18,18,17,0,Finished,121.535,106.168,10,1.164285816,14,12,0.2,,1.9,0.82,-1.8,0,0
2023,13,Dutch Grand Prix,2023-08-27,Zandvoort,SAR,Logan Sargeant,Williams,10,10,20,0,Accident,76.748,70.567,6.181,0.1174259883,15.33333333,13.16666667,0.2,,-0.7,0.537,-2,0,0
2023,14,Italian Grand Prix,2023-09-03,Monza,SAR,Logan Sargeant,Williams,15,15,13,0,Finished,81.93,80.294,1.636,0.5617870719,18.33333333,14.66666667,0.2,,-1.1,0.013,-0.2,0,0
2023,15,Singapore Grand Prix,2023-09-17,Marina Bay,SAR,Logan Sargeant,Williams,18,18,14,0,Finished,93.252,90.984,2.268,1.537657601,16.66666667,13.16666667,0.2,,-0.1,0.072,0.4,0,1
2023,16,Japanese Grand Prix,2023-09-24,Suzuka,SAR,Logan Sargeant,Williams,20,20,17,0,Retired,,88.877,,,15.66666667,12.16666667,0.2,,1.9,0.581,0.2,0,0
2023,17,Qatar Grand Prix,2023-10-08,Lusail,SAR,Logan Sargeant,Williams,15,16,18,0,Retired,86.21,83.778,2.432,0.8966656873,14.66666667,13,0.4,,0.7,0.441,0,0,0
2023,18,United States Grand Prix,2023-10-22,Austin,SAR,Logan Sargeant,Williams,16,20,10,1,Finished,96.827,94.723,2.104,1.948132827,16.33333333,14.83333333,0.6,,-1.3,0.13,0.6,0,0
2023,19,Mexico City Grand Prix,2023-10-29,Mexico City,SAR,Logan Sargeant,Williams,19,20,16,0,Retired,,77.166,,,15,13.83333333,0.4,,-1.6,0.067,-3.4,0,0
2023,20,São Paulo Grand Prix,2023-11-05,São Paulo,SAR,Logan Sargeant,Williams,19,19,11,0,Lapped,71.035,70.162,0.873,1.603937664,14.66666667,12.5,0.4,,2.6,0.141,-3.8,0,0
2023,21,Las Vegas Grand Prix,2023-11-18,Las Vegas,SAR,Logan Sargeant,Williams,6,7,16,0,Finished,93.513,92.726,0.787,-0.4461327451,12.33333333,12.33333333,0.4,,0.1,0.044,-4.6,0,1
2023,22,Abu Dhabi Grand Prix,2023-11-26,Yas Island,SAR,Logan Sargeant,Williams,20,20,16,0,Finished,,83.445,,,14.33333333,13.83333333,0.2,,-0.5,0.139,-2.2,0,0
2024,1,Bahrain Grand Prix,2024-03-02,Sakhir,SAR,Logan Sargeant,Williams,18,18,20,0,Lapped,90.77,89.179,1.591,1.297981168,14.33333333,14.66666667,0,12,0.6,0,-3.4,0,0
2024,2,Saudi Arabian Grand Prix,2024-03-09,Jeddah,SAR,Logan Sargeant,Williams,19,19,14,0,Lapped,89.526,87.472,2.054,1.483055585,17.33333333,15.5,0,16,-0.2,0.319,-1,0,1
2024,4,Japanese Grand Prix,2024-04-07,Suzuka,SAR,Logan Sargeant,Williams,19,19,17,0,Lapped,90.139,88.197,1.942,1.275421511,16.66666667,13.66666667,0,17,0,0.066,-1.2,0,0
2024,5,Chinese Grand Prix,2024-04-21,Shanghai,SAR,Logan Sargeant,Williams,20,20,17,0,Finished,96.358,93.66,2.698,2.172773591,17,14,0,,0.2,0.322,0,0,0
2024,6,Miami Grand Prix,2024-05-05,Miami,SAR,Logan Sargeant,Williams,17,17,20,0,Retired,88.487,87.241,1.246,0.928927944,16,14.66666667,0,20,-0.4,0.141,-2.4,0,1
2024,7,Emilia Romagna Grand Prix,2024-05-19,Imola,SAR,Logan Sargeant,Williams,19,20,17,0,Lapped,,74.746,,,18,17.33333333,0.2,,1.9,0.074,-1,0,0
2024,8,Monaco Grand Prix,2024-05-26,Monaco,SAR,Logan Sargeant,Williams,15,15,15,0,Lapped,72.02,70.27,1.75,0.9726711577,18,17.33333333,0.2,18,-2.1,0.154,-2,0,1
2024,9,Canadian Grand Prix,2024-06-09,Montréal,SAR,Logan Sargeant,Williams,13,13,20,0,Retired,72.736,71.742,0.994,0.04437225291,17.33333333,16.5,0.2,20,-0.8,0.258,-1,0,0
2024,10,Spanish Grand Prix,2024-06-23,Barcelona,SAR,Logan Sargeant,Williams,19,20,20,0,Lapped,73.509,71.383,2.126,2.029980129,17.33333333,16.33333333,0.4,20,2.3,0.02,0.8,0,0
2024,11,Austrian Grand Prix,2024-06-30,Spielberg,SAR,Logan Sargeant,Williams,19,19,19,0,Lapped,65.856,64.314,1.542,1.267316199,18.33333333,16.5,0.4,13,-0.4,0.404,1.4,0,0
2024,12,British Grand Prix,2024-07-07,Silverstone,SAR,Logan Sargeant,Williams,12,12,11,0,Finished,87.175,85.819,1.356,-0.4062084989,19.66666667,18.16666667,0.2,11,-1.9,0.171,0.8,0,0
2024,13,Hungarian Grand Prix,2024-07-21,Budapest,SAR,Logan Sargeant,Williams,14,14,17,0,Lapped,76.543,75.227,1.316,0.045808286,16.66666667,15.33333333,0.2,18,-1,0.022,1.2,0,0
2024,14,Belgian Grand Prix,2024-07-28,Spa-Francorchamps,SAR,Logan Sargeant,Williams,18,19,17,0,Finished,117.23,113.159,4.071,1.781379714,15.66666667,14.16666667,0.2,17,1.2,0.595,1.8,0,0
2024,15,Dutch Grand Prix,2024-08-25,Zandvoort,SAR,Logan Sargeant,Williams,18,20,16,0,Lapped,,69.673,,,15,13.33333333,0,20,0,0.356,0,0,0
2022,1,Bahrain Grand Prix,2022-03-20,Sakhir,STR,Lance Stroll,Aston Martin,19,19,12,0,Finished,93.032,90.558,2.474,1.295342606,,,,,,0.123,,0,0
2022,2,Saudi Arabian Grand Prix,2022-03-27,Jeddah,STR,Lance Stroll,Aston Martin,13,15,13,0,+1 Lap,90.256,88.2,2.056,0.7797082108,12,14.5,0,,,0.025,,0,1
2022,3,Australian Grand Prix,2022-04-10,Melbourne,STR,Lance Stroll,Aston Martin,19,20,12,0,Finished,,77.868,,,12.5,13.5,0,,,0.286,-4.5,0,0
2022,4,Emilia Romagna Grand Prix,2022-04-24,Imola,STR,Lance Stroll,Aston Martin,15,15,10,1,+1 Lap,80.342,78.793,1.549,0.271641022,12.33333333,14.16666667,0,,1.4,0.003,-5.666666667,0,0
2022,5,Miami Grand Prix,2022-05-08,Miami,STR,Lance Stroll,Aston Martin,20,10,10,1,Finished,89.996,88.796,1.2,-0.00699794737,11.66666667,12.33333333,0,,-1.2,0.19,-5.5,1,1
2022,6,Spanish Grand Prix,2022-05-22,Barcelona,STR,Lance Stroll,Aston Martin,17,18,15,0,+1 Lap,81.418,78.75,2.668,1.289387349,10.66666667,12.66666667,0,,-0.4,0.323,-4.4,0,0
2022,7,Monaco Grand Prix,2022-05-29,Monaco,STR,Lance Stroll,Aston Martin,18,18,14,0,Finished,73.678,71.376,2.302,0.8499258237,11.66666667,11.83333333,0,,1.1,0.225,-3.6,0,1
2022,8,Azerbaijan Grand Prix,2022-06-12,Baku,STR,Lance Stroll,Aston Martin,19,19,16,0,Vibrations,105.371,101.359,4.012,1.484795094,13,12.83333333,0,,-1.5,0.282,-4,0,1
2022,9,Canadian Grand Prix,2022-06-19,Montréal,STR,Lance Stroll,Aston Martin,17,18,10,1,Finished,95.532,81.299,10,1.13149452,15,12,0,,-0.8,0.645,-3,0,0
2022,10,British Grand Prix,2022-07-03,Silverstone,STR,Lance Stroll,Aston Martin,20,20,11,0,Finished,103.43,100.19,3.24,2.0508352,13.33333333,11.33333333,0,,-0.2,0,-3.6,0,0
2022,11,Austrian Grand Prix,2022-07-10,Spielberg,STR,Lance Stroll,Aston Martin,12,17,13,0,+1 Lap,66.847,64.984,1.863,1.172458839,12.33333333,10.66666667,0,,0.7,0.029,-5.4,0,0
2022,12,French Grand Prix,2022-07-24,Le Castellet,STR,Lance Stroll,Aston Martin,15,17,10,1,Finished,93.439,90.872,2.567,0.8906282957,11.33333333,12,0,,1.2,0.304,-5.6,0,0
2022,13,Hungarian Grand Prix,2022-07-31,Budapest,STR,Lance Stroll,Aston Martin,14,14,11,0,+1 Lap,79.137,77.377,1.76,0.916448816,11.33333333,11.83333333,0,,0.1,0.044,-6.2,0,0
2022,14,Belgian Grand Prix,2022-08-28,Spa-Francorchamps,STR,Lance Stroll,Aston Martin,9,14,11,0,Finished,106.256,103.665,2.591,0.5856962014,11.33333333,12,0,,-1.3,0.632,-6.2,0,0
2022,15,Dutch Grand Prix,2022-09-04,Zandvoort,STR,Lance Stroll,Aston Martin,10,10,10,1,Finished,71.416,70.342,1.074,-0.06498145089,10.66666667,10.16666667,0,,-0.6,0.021,-5.2,0,0
2022,16,Italian Grand Prix,2022-09-11,Monza,STR,Lance Stroll,Aston Martin,12,18,18,0,Engine,82.748,80.161,2.587,1.070166288,10.66666667,10.66666667,0,,0.7,0.145,-3.4,0,0
2022,17,Singapore Grand Prix,2022-10-02,Marina Bay,STR,Lance Stroll,Aston Martin,11,12,6,8,Finished,114.211,109.412,4.799,0.4246403413,13,13.5,0.2,,3.2,0.022,-2.6,0,1
2022,18,Japanese Grand Prix,2022-10-09,Suzuka,STR,Lance Stroll,Aston Martin,19,19,12,0,Finished,91.419,89.304,2.115,1.223418613,11.33333333,12.66666667,0.2,,-2.4,0.01,-2.4,0,0
2022,19,United States Grand Prix,2022-10-23,Austin,STR,Lance Stroll,Aston Martin,5,7,18,0,Collision,95.598,94.356,1.242,-0.372168593,12,11.66666667,0.2,,-2.2,0.065,-3.2,0,0
2022,20,Mexico City Grand Prix,2022-10-30,Mexico City,STR,Lance Stroll,Aston Martin,20,18,15,0,+1 Lap,80.52,77.775,2.745,1.225042059,12,9.666666667,0.4,,0.6,0.304,-0.4,0,0
2022,21,São Paulo Grand Prix,2022-11-13,São Paulo,STR,Lance Stroll,Aston Martin,15,15,10,1,Finished,72.21,71.41,0.8,-0.2155531809,15,12.16666667,0.4,,1.3,0,-1,0,0
2022,22,Abu Dhabi Grand Prix,2022-11-20,Yas Island,STR,Lance Stroll,Aston Martin,14,14,8,4,Finished,85.359,83.824,1.535,0.4625296636,14.33333333,12.66666667,0.2,,0.1,0.228,-2,0,0
2023,1,Bahrain Grand Prix,2023-03-05,Sakhir,STR,Lance Stroll,Aston Martin,8,8,6,8,Finished,90.836,89.708,1.128,-0.2329973475,11,11.33333333,0.2,12,-1.5,0.138,-2,0,0
2023,2,Saudi Arabian Grand Prix,2023-03-19,Jeddah,STR,Lance Stroll,Aston Martin,5,6,20,0,Retired,88.945,88.265,0.68,-0.3835975599,8,8,0.2,13,-1.4,0.155,-1,0,1
2023,3,Australian Grand Prix,2023-04-02,Melbourne,STR,Lance Stroll,Aston Martin,6,6,4,12,Finished,77.308,76.732,0.576,-0.7249659959,11.33333333,8.333333333,0.2,12,1.4,0.236,-0.4,0,0
2023,4,Azerbaijan Grand Prix,2023-04-30,Baku,STR,Lance Stroll,Aston Martin,9,9,7,6,Finished,101.576,100.203,1.373,-0.2929534864,10,6.5,0.2,16,-1.4,0.188,-0.2,0,1
2023,5,Miami Grand Prix,2023-05-07,Miami,STR,Lance Stroll,Aston Martin,18,18,12,0,Finished,88.476,86.841,1.635,1.237727105,10.33333333,6.833333333,0.2,10,0.3,0.256,0.4,0,1
2023,6,Monaco Grand Prix,2023-05-28,Monaco,STR,Lance Stroll,Aston Martin,14,14,20,0,Retired,72.623,71.365,1.258,0.3613830113,7.666666667,5.5,0.2,14,0.1,0.084,0.4,0,1
2023,7,Spanish Grand Prix,2023-06-04,Barcelona,STR,Lance Stroll,Aston Martin,5,6,6,8,Finished,72.994,72.272,0.722,-0.6130066318,13,8,0.4,15,1.6,0.462,2,0,0
2023,8,Canadian Grand Prix,2023-06-18,Montréal,STR,Lance Stroll,Aston Martin,16,13,9,2,Finished,81.484,79.092,2.392,0.3304723135,12.66666667,8.333333333,0.2,10,-1.4,1.213,-0.8,1,0
2023,9,Austrian Grand Prix,2023-07-02,Spielberg,STR,Lance Stroll,Aston Martin,6,6,9,2,Finished,64.893,64.391,0.502,-0.6993835567,11.66666667,7.666666667,0.2,13,-0.1,0.048,-1.2,0,0
2023,10,British Grand Prix,2023-07-09,Silverstone,STR,Lance Stroll,Aston Martin,12,12,14,0,Finished,88.935,86.72,2.215,0.2507820818,8,6.333333333,0.2,11,1,0.241,-0.2,0,0
2023,11,Hungarian Grand Prix,2023-07-23,Budapest,STR,Lance Stroll,Aston Martin,14,14,10,1,Lapped,78.144,76.609,1.535,0.4586889077,10.66666667,7.666666667,0.2,11,1.3,0.003,1.4,0,0
2023,12,Belgian Grand Prix,2023-07-30,Spa-Francorchamps,STR,Lance Stroll,Aston Martin,10,10,9,2,Finished,108.841,106.168,2.673,-0.5997908979,11,9,0,11,-0.8,0.82,-0.6,0,0
2023,13,Dutch Grand Prix,2023-08-27,Zandvoort,STR,Lance Stroll,Aston Martin,11,11,11,0,Finished,80.121,70.567,9.554,0.8813177119,11,9,0,10,-1.5,0.537,-0.8,0,0
2023,14,Italian Grand Prix,2023-09-03,Monza,STR,Lance Stroll,Aston Martin,20,20,16,0,Finished,82.86,80.294,2.566,1.651952908,10,7.666666667,0,18,1,0.013,0,0,0
2023,15,Singapore Grand Prix,2023-09-17,Marina Bay,STR,Lance Stroll,Aston Martin,,20,,0,Withdrew,93.397,90.984,2.413,1.727233617,12,8.666666667,0,6,3.1,0.072,-1.4,0,1
2023,16,Japanese Grand Prix,2023-09-24,Suzuka,STR,Lance Stroll,Aston Martin,17,17,18,0,Retired,91.181,88.877,2.304,1.300497584,13.5,11.33333333,0.2,12,,0.581,-2.25,0,0
2023,17,Qatar Grand Prix,2023-10-08,Lusail,STR,Lance Stroll,Aston Martin,16,17,11,0,Finished,86.345,83.778,2.567,1.029272214,17,13.5,0.4,,,0.441,-1,0,0
2023,18,United States Grand Prix,2023-10-22,Austin,STR,Lance Stroll,Aston Martin,20,19,7,6,Finished,96.589,94.723,1.866,1.57490928,14.5,12.16666667,0.4,18,0.9,0.13,-2.25,0,0
2023,19,Mexico City Grand Prix,2023-10-29,Mexico City,STR,Lance Stroll,Aston Martin,20,18,17,0,Collision damage,79.227,77.166,2.061,0.8624681077,12,11,0.4,15,2,0.067,-5.25,0,0
2023,20,São Paulo Grand Prix,2023-11-05,São Paulo,STR,Lance Stroll,Aston Martin,3,3,5,10,Finished,70.375,70.162,0.213,-0.4507961447,11.66666667,12.5,0.4,10,-1.6,0.141,-4.5,0,0
2023,21,Las Vegas Grand Prix,2023-11-18,Las Vegas,STR,Lance Stroll,Aston Martin,19,14,5,10,Finished,94.199,92.726,1.473,0.3185070129,9.666666667,11,0.2,,-3,0.044,-3.2,1,1
2023,22,Abu Dhabi Grand Prix,2023-11-26,Yas Island,STR,Lance Stroll,Aston Martin,13,13,10,1,Finished,84.405,83.445,0.96,0.4228013048,9,9.5,0,8,0.8,0.139,-5.2,0,0
2024,1,Bahrain Grand Prix,2024-03-02,Sakhir,STR,Lance Stroll,Aston Martin,12,12,10,1,Finished,89.965,89.179,0.786,-0.09825700966,6.666666667,6.5,0,9,0.5,0,-4.6,0,0
2024,2,Saudi Arabian Grand Prix,2024-03-09,Jeddah,STR,Lance Stroll,Aston Martin,10,10,19,0,Retired,88.25,87.472,0.778,-0.5252781917,8.333333333,8.333333333,0,16.5,-0.4,0.319,-2.6,0,1
2024,3,Australian Grand Prix,2024-03-24,Melbourne,STR,Lance Stroll,Aston Martin,9,9,6,8,Finished,76.78,75.915,0.865,-0.3321547142,13,10,0.2,8,0.7,0.27,-0.6,0,0
2024,4,Japanese Grand Prix,2024-04-07,Suzuka,STR,Lance Stroll,Aston Martin,16,16,12,0,Lapped,90.024,88.197,1.827,1.103773209,11.66666667,9.5,0.2,15,-1.1,0.066,-1.6,0,0
2024,5,Chinese Grand Prix,2024-04-21,Shanghai,STR,Lance Stroll,Aston Martin,11,11,15,0,Finished,94.838,93.66,1.178,0.001642631976,12.33333333,9.333333333,0.2,,0.4,0.322,-0.6,0,0
2024,6,Miami Grand Prix,2024-05-05,Miami,STR,Lance Stroll,Aston Martin,11,11,17,0,Finished,88.177,87.241,0.936,0.2679968845,11,9,0.2,11,0.9,0.141,0.8,0,1
2024,7,Emilia Romagna Grand Prix,2024-05-19,Imola,STR,Lance Stroll,Aston Martin,13,13,9,2,Finished,75.992,74.746,1.246,0.3616537066,14.66666667,11,0.2,10,2.6,0.074,2.4,0,0
2024,8,Monaco Grand Prix,2024-05-26,Monaco,STR,Lance Stroll,Aston Martin,13,13,14,0,Lapped,71.563,70.27,1.293,0.3830952985,13.66666667,12.66666667,0,17,-0.4,0.154,-0.2,0,1
2024,9,Canadian Grand Prix,2024-06-09,Montréal,STR,Lance Stroll,Aston Martin,9,9,7,6,Finished,72.659,71.742,0.917,-0.06691971693,13.33333333,13.16666667,0,9.5,-2.1,0.258,0.6,0,0
2024,10,Spanish Grand Prix,2024-06-23,Barcelona,STR,Lance Stroll,Aston Martin,14,14,14,0,Lapped,72.372,71.383,0.989,0.1877840985,10,11,0,10.5,-0.5,0.02,1,0,0
2024,11,Austrian Grand Prix,2024-06-30,Spielberg,STR,Lance Stroll,Aston Martin,17,17,13,0,Lapped,65.819,64.314,1.505,1.184740344,11.66666667,10.66666667,0,11,3.1,0.404,0.2,0,0
2024,12,British Grand Prix,2024-07-07,Silverstone,STR,Lance Stroll,Aston Martin,8,8,7,6,Finished,86.585,85.819,0.766,-0.5745762072,11.33333333,11.66666667,0,12.5,-0.9,0.171,-1.8,0,0
2024,13,Hungarian Grand Prix,2024-07-21,Budapest,STR,Lance Stroll,Aston Martin,8,8,10,1,Finished,76.075,75.227,0.848,-0.4295415554,11.33333333,12,0,10.5,-2,0.022,-1.2,0,0
2024,14,Belgian Grand Prix,2024-07-28,Spa-Francorchamps,STR,Lance Stroll,Aston Martin,15,15,11,0,Finished,115.716,113.159,2.557,0.6208268128,10,11.16666667,0,10,0.3,0.595,-1,0,0
2024,15,Dutch Grand Prix,2024-08-25,Zandvoort,STR,Lance Stroll,Aston Martin,8,8,13,0,Lapped,70.661,69.673,0.988,-0.367173509,9.333333333,9.166666667,0,10.5,-0.1,0.356,-1.4,0,0
2024,16,Italian Grand Prix,2024-09-01,Monza,STR,Lance Stroll,Aston Martin,17,17,19,0,Lapped,81.013,79.327,1.686,1.061154066,11.33333333,10.5,0,17,0.8,0.109,-0.4,0,0
2024,17,Azerbaijan Grand Prix,2024-09-15,Baku,STR,Lance Stroll,Aston Martin,13,14,19,0,Retired,103.37,101.365,2.005,0.662133023,14.33333333,12,0,11.5,-0.2,0.321,0.8,0,1
2024,18,Singapore Grand Prix,2024-09-22,Marina Bay,STR,Lance Stroll,Aston Martin,17,17,14,0,Lapped,91.094,89.525,1.569,0.9196819142,17,13,0,6,-0.6,0.155,2,0,1
2024,19,United States Grand Prix,2024-10-20,Austin,STR,Lance Stroll,Aston Martin,13,14,15,0,Lapped,93.759,92.33,1.429,0.6671385851,17.33333333,12.83333333,0,12.5,0.9,0.031,1,0,0
2024,20,Mexico City Grand Prix,2024-10-27,Mexico City,STR,Lance Stroll,Aston Martin,14,14,11,0,Lapped,77.294,75.946,1.348,0.5083919521,16,12.5,0,16,2.1,0.225,2,0,0
2024,21,São Paulo Grand Prix,2024-11-03,São Paulo,STR,Lance Stroll,Aston Martin,10,10,19,0,Did not start,86.334,83.405,2.929,-0.3464351618,13.33333333,13.16666667,0,7.5,-0.2,0.173,0.4,0,0
2024,22,Las Vegas Grand Prix,2024-11-23,Las Vegas,STR,Lance Stroll,Aston Martin,18,20,15,0,Finished,94.484,92.312,2.172,1.546714762,15,15,0.2,5,-0.6,0.098,1.8,0,1
2024,23,Qatar Grand Prix,2024-12-01,Lusail,STR,Lance Stroll,Aston Martin,15,15,18,0,Retired,81.911,80.52,1.391,0.5520644827,15,14.66666667,0.2,11,-1.8,0.055,-0.2,0,0
2024,24,Abu Dhabi Grand Prix,2024-12-08,Yas Island,STR,Lance Stroll,Aston Martin,13,13,14,0,Lapped,83.729,82.595,1.134,0.8619556529,17.33333333,14,0.4,9,-0.1,0.209,1,0,0
2025,1,Australian Grand Prix,2025-03-16,Melbourne,STR,Lance Stroll,Aston Martin,13,13,6,8,Finished,76.369,75.096,1.273,0.5263406902,15.66666667,12.33333333,0.4,7.333333333,1.6,0.084,1,0,0
2025,2,Chinese Grand Prix,2025-03-23,Shanghai,STR,Lance Stroll,Aston Martin,14,14,9,2,Finished,91.773,90.641,1.132,0.6641102217,12.66666667,11.83333333,0.4,15,0.8,0.082,0.2,0,0
2025,3,Japanese Grand Prix,2025-04-06,Suzuka,STR,Lance Stroll,Aston Martin,20,20,20,0,Lapped,89.271,86.983,2.288,2.183053355,9.666666667,12,0.2,14,-0.9,0.012,-2.6,0,0
2025,4,Bahrain Grand Prix,2025-04-13,Sakhir,STR,Lance Stroll,Aston Martin,19,19,17,0,Finished,92.283,89.841,2.442,1.321529473,11.66666667,13.33333333,0.2,9.333333333,0.7,0.168,-1.6,0,0
2025,5,Saudi Arabian Grand Prix,2025-04-20,Jeddah,STR,Lance Stroll,Aston Martin,16,16,16,0,Lapped,88.645,87.294,1.351,0.8021017578,15.33333333,14.83333333,0,17.33333333,-0.3,0.01,-2.6,0,1
2025,6,Miami Grand Prix,2025-05-04,Miami,STR,Lance Stroll,Aston Martin,18,19,16,0,Lapped,87.83,86.204,1.626,1.529871175,17.66666667,15,0,13,-0.1,0.065,-2.8,0,1
2025,7,Emilia Romagna Grand Prix,2025-05-18,Imola,STR,Lance Stroll,Aston Martin,8,8,15,0,Finished,75.497,74.67,0.827,-0.2689510309,16.33333333,15,0,9.5,0,0.034,-2,0,0
2025,8,Monaco Grand Prix,2025-05-25,Monaco,STR,Lance Stroll,Aston Martin,19,19,15,0,Lapped,72.563,69.954,2.609,1.696613196,15.66666667,14,0,16,0.7,0.109,0.4,0,1
2025,10,Canadian Grand Prix,2025-06-15,Montréal,STR,Lance Stroll,Aston Martin,17,18,17,0,Lapped,72.517,70.899,1.618,1.141989741,15.33333333,13,0,8.666666667,-2.6,0.16,-0.4,0,0
2025,11,Austrian Grand Prix,2025-06-29,Spielberg,STR,Lance Stroll,Aston Martin,16,16,14,0,Lapped,65.329,63.971,1.358,0.823926412,15.66666667,12.66666667,0,11.66666667,-0.8,0.521,-0.2,0,0
2025,12,British Grand Prix,2025-07-06,Silverstone,STR,Lance Stroll,Aston Martin,17,18,7,6,Finished,86.504,84.892,1.612,1.23760672,15.33333333,10.5,0,10.66666667,0.1,0.103,-0.6,0,0
2025,13,Belgian Grand Prix,2025-07-27,Spa-Francorchamps,STR,Lance Stroll,Aston Martin,16,20,14,0,Finished,102.502,100.562,1.94,1.891005986,12.66666667,10.16666667,0,10.33333333,1.3,0.064,-2.2,0,0
2025,14,Hungarian Grand Prix,2025-08-03,Budapest,STR,Lance Stroll,Aston Martin,6,6,7,6,Finished,75.129,75.372,0,-1.093437361,11.66666667,11.33333333,0,10.33333333,-0.1,0,-4.8,0,0
2025,15,Dutch Grand Prix,2025-08-31,Zandvoort,STR,Lance Stroll,Aston Martin,19,20,7,6,Finished,,68.662,,,9.333333333,9.833333333,0,11.33333333,-2.5,0.012,-3.8,0,0
2025,16,Italian Grand Prix,2025-09-07,Monza,STR,Lance Stroll,Aston Martin,16,17,18,0,Lapped,79.948,78.792,1.156,1.143146987,9.333333333,9.666666667,0,17.66666667,2.8,0.077,-6.2,0,0
2025,17,Azerbaijan Grand Prix,2025-09-21,Baku,STR,Lance Stroll,Aston Martin,14,14,17,0,Finished,102.101,101.117,0.984,0.1295669058,10.66666667,10.66666667,0,14,2.5,0.478,-5.6,0,1
2025,18,Singapore Grand Prix,2025-10-05,Marina Bay,STR,Lance Stroll,Aston Martin,15,15,13,0,Lapped,90.949,89.158,1.791,1.292285169,14,14,0,10,-2.5,0.182,-2.8,0,1
2025,19,United States Grand Prix,2025-10-19,Austin,STR,Lance Stroll,Aston Martin,19,18,12,0,Finished,94.54,92.51,2.03,1.821601069,16,14.83333333,0,13.33333333,-1.4,0.291,-2,0,0
2025,20,Mexico City Grand Prix,2025-10-26,Mexico City,STR,Lance Stroll,Aston Martin,19,19,14,0,Lapped,77.606,75.586,2.02,1.423512653,14,12.33333333,0,14.33333333,2.1,0.262,-3.4,0,0
2025,21,São Paulo Grand Prix,2025-11-09,São Paulo,STR,Lance Stroll,Aston Martin,14,14,16,0,Finished,70.041,69.511,0.53,0.01840130582,13,12.33333333,0,11.33333333,1,0.174,-1.8,0,0
2025,22,Las Vegas Grand Prix,2025-11-22,Las Vegas,STR,Lance Stroll,Aston Martin,12,12,18,0,Retired,112.85,107.934,4.916,0.2558781212,14,14,0,10,-1.2,0.323,-1.6,0,1
2025,23,Qatar Grand Prix,2025-11-30,Lusail,STR,Lance Stroll,Aston Martin,18,19,17,0,Retired,81.058,79.387,1.671,1.448151506,16,15.16666667,0.2,14.5,-1.2,0.108,-1,0,0
2025,24,Abu Dhabi Grand Prix,2025-12-07,Yas Island,STR,Lance Stroll,Aston Martin,15,15,10,1,Finished,83.097,82.207,0.89,0.255191554,17,13.83333333,0.2,10.66666667,-1.1,0.201,-1,0,0
2026,1,Australian Grand Prix,2026-03-08,Melbourne,STR,Lance Stroll,Aston Martin,22,,17,0,Lapped,,78.518,,,15,11.5,0.2,7,1.5,0.293,-0.8,0,0
2026,2,Chinese Grand Prix,2026-03-15,Shanghai,STR,Lance Stroll,Aston Martin,20,21,18,0,Retired,95.995,92.064,3.931,1.813092378,14.66666667,12.5,0.4,12,2.9,0.222,0.25,0,0
2026,3,Japanese Grand Prix,2026-03-29,Suzuka,STR,Lance Stroll,Aston Martin,22,22,21,0,Retired,92.92,88.778,4.142,2.07244589,15,14.33333333,0.6,15.5,0.1,0.298,-1,0,0
2026,4,Miami Grand Prix,2026-05-03,Miami,STR,Lance Stroll,Aston Martin,18,18,17,0,Lapped,91.164,87.798,3.366,1.005394381,18.66666667,18.16666667,0.6,13.75,-0.1,0.166,-2.75,0,1
2026,5,Canadian Grand Prix,2026-05-24,Montréal,STR,Lance Stroll,Aston Martin,22,21,15,0,Lapped,76.195,72.578,3.617,1.965725301,18.66666667,17.66666667,0.6,10.75,0,0.068,-2.5,0,0
2026,6,Monaco Grand Prix,2026-06-07,Monaco,STR,Lance Stroll,Aston Martin,22,22,18,0,Retired,76.061,72.051,4.01,1.979135388,17.66666667,17.66666667,0.6,15.75,-1.2,0.043,-2.75,0,1
2026,7,Barcelona Grand Prix,2026-06-14,Barcelona,STR,Lance Stroll,Aston Martin,21,21,22,0,Retired,78.758,74.679,4.079,2.043778451,16.66666667,15.83333333,0.6,11.66666667,0.1,0.064,-3,0,0
2026,8,Austrian Grand Prix,2026-06-28,Spielberg,STR,Lance Stroll,Aston Martin,22,22,19,0,Retired,70.363,66.113,4.25,2.347728126,18.33333333,17.33333333,0.6,12.25,2,0.236,-2.2,0,0
2026,9,British Grand Prix,2026-07-05,Silverstone,STR,Lance Stroll,Aston Martin,22,21,19,0,Lapped,92.863,88.111,4.752,2.068693528,19.66666667,17.66666667,0.6,9.75,-0.5,0.175,-2.6,0,0
2026,10,Belgian Grand Prix,2026-07-19,Spa-Francorchamps,STR,Lance Stroll,Aston Martin,20,22,20,0,Retired,110.177,104.361,5.816,2.341249957,20,19.16666667,0.6,11.25,0.2,0.317,-2.8,0,0
2026,11,Hungarian Grand Prix,2026-07-26,Budapest,STR,Lance Stroll,Aston Martin,20,20,13,0,Lapped,80.659,77.207,3.452,1.273253823,19.33333333,18.83333333,0.8,9.5,-0.7,0.012,-2,0,0
2026,12,Dutch Grand Prix,2026-08-23,Zandvoort,STR,Lance Stroll,Aston Martin,19,19,20,0,Retired,73.818,71.163,2.655,1.147473513,17.33333333,17.16666667,0.6,10.25,-2.7,0.102,-2.6,0,0
2026,13,Italian Grand Prix,2026-09-06,Monza,STR,Lance Stroll,Aston Martin,18,22,20,0,Retired,85.222,81.786,3.436,1.982055741,17.66666667,15.83333333,0.6,17.75,2.1,0.06,-2.6,0,0
2026,14,Spanish Grand Prix,2026-09-13,Madrid,STR,Lance Stroll,Aston Martin,21,,21,0,Retired,,91.824,,,17.66666667,16.16666667,0.6,,1.6,0.011,-2.4,0,1
2026,15,Azerbaijan Grand Prix,2026-09-26,Baku,STR,Lance Stroll,Aston Martin,22,21,22,0,Retired,107.337,102.526,4.811,1.69405998,20.33333333,18,0.8,14.75,0.1,0.837,-2.5,0,1
2026,16,Bahrain Grand Prix,2026-10-04,Kuala Lumpur,STR,Lance Stroll,Aston Martin,14,14,12,0,Finished,97.566,95.13,2.436,0.5198207563,21,20.33333333,0.8,,-1.7,0.298,-1.75,0,0
2022,1,Bahrain Grand Prix,2022-03-20,Sakhir,TSU,Yuki Tsunoda,AlphaTauri,16,16,8,4,Finished,92.75,90.558,2.192,0.9795283021,,,,,,0.123,,0,0
2022,2,Saudi Arabian Grand Prix,2022-03-27,Jeddah,TSU,Yuki Tsunoda,AlphaTauri,19,20,19,0,Power Unit,,88.2,,,8,14,0,,,0.025,,0,1
2022,3,Australian Grand Prix,2022-04-10,Melbourne,TSU,Yuki Tsunoda,AlphaTauri,13,13,15,0,+1 Lap,79.424,77.868,1.556,0.1167304726,13.5,13.75,0.5,,-1.1,0.286,-4.5,0,0
2022,4,Emilia Romagna Grand Prix,2022-04-24,Imola,TSU,Yuki Tsunoda,AlphaTauri,12,16,7,6,Finished,80.474,78.793,1.681,0.4123713842,14,13.16666667,0.3333333333,,0.4,0.003,-2.333333333,0,0
2022,5,Miami Grand Prix,2022-05-08,Miami,TSU,Yuki Tsunoda,AlphaTauri,9,9,12,0,Finished,89.932,88.796,1.136,-0.08961449108,13.66666667,11.66666667,0.25,,1,0.19,-4,0,1
2022,6,Spanish Grand Prix,2022-05-22,Barcelona,TSU,Yuki Tsunoda,AlphaTauri,13,13,10,1,+1 Lap,80.639,78.75,1.889,0.4228620977,11.33333333,12.16666667,0.2,,0.7,0.323,-2.6,0,0
2022,7,Monaco Grand Prix,2022-05-29,Monaco,TSU,Yuki Tsunoda,AlphaTauri,11,11,17,0,+1 Lap,72.797,71.376,1.421,0.00617727372,9.666666667,12,0.2,,-1.6,0.225,-1.6,0,1
2022,8,Azerbaijan Grand Prix,2022-06-12,Baku,TSU,Yuki Tsunoda,AlphaTauri,8,8,13,0,+1 Lap,103.056,101.359,1.697,-0.3033236402,13,13.5,0,,-0.9,0.282,-0.2,0,1
2022,9,Canadian Grand Prix,2022-06-19,Montréal,TSU,Yuki Tsunoda,AlphaTauri,20,20,18,0,Accident,96.575,81.299,10,1.13149452,13.33333333,11.5,0,,0.2,0.645,0.4,0,0
2022,10,British Grand Prix,2022-07-03,Silverstone,TSU,Yuki Tsunoda,AlphaTauri,13,13,14,0,Finished,101.893,100.19,1.703,0.4473487302,16,13,0.2,,2.7,0,1.8,0,0
2022,11,Austrian Grand Prix,2022-07-10,Spielberg,TSU,Yuki Tsunoda,AlphaTauri,16,14,16,0,+1 Lap,66.463,64.984,1.479,0.5818847009,15,13.33333333,0.2,,-0.2,0.029,1.4,0,0
2022,12,French Grand Prix,2022-07-24,Le Castellet,TSU,Yuki Tsunoda,AlphaTauri,8,8,20,0,Undertray,92.78,90.872,1.908,0.1907844432,16,15.5,0.2,,-0.6,0.304,2.4,0,0
2022,13,Hungarian Grand Prix,2022-07-31,Budapest,TSU,Yuki Tsunoda,AlphaTauri,16,16,19,0,+2 Laps,79.24,77.377,1.863,1.056188606,16.66666667,15.5,0.4,,-0.2,0.044,3.6,0,0
2022,14,Belgian Grand Prix,2022-08-28,Spa-Francorchamps,TSU,Yuki Tsunoda,AlphaTauri,20,19,13,0,Finished,106.692,103.665,3.027,1.037507142,18.33333333,15.66666667,0.4,,-0.7,0.632,3.2,0,0
2022,15,Dutch Grand Prix,2022-09-04,Zandvoort,TSU,Yuki Tsunoda,AlphaTauri,9,9,20,0,Differential,71.427,70.342,1.085,-0.05040864844,17.33333333,14.16666667,0.2,,-0.8,0.021,2.4,0,0
2022,16,Italian Grand Prix,2022-09-11,Monza,TSU,Yuki Tsunoda,AlphaTauri,20,15,14,0,+1 Lap,82.02,80.161,1.859,0.1917841271,17.33333333,14,0.4,,0.5,0.145,4.4,1,0
2022,17,Singapore Grand Prix,2022-10-02,Marina Bay,TSU,Yuki Tsunoda,AlphaTauri,10,10,15,0,Accident,111.983,109.412,2.571,-0.36043864,15.66666667,12.5,0.4,,-0.8,0.022,3.8,0,1
2022,18,Japanese Grand Prix,2022-10-09,Suzuka,TSU,Yuki Tsunoda,AlphaTauri,13,13,13,0,Finished,90.808,89.304,1.504,0.3637684806,16.33333333,13,0.4,,2.1,0.01,2.4,0,0
2022,19,United States Grand Prix,2022-10-23,Austin,TSU,Yuki Tsunoda,AlphaTauri,19,15,10,1,Finished,96.808,94.356,2.452,0.8202688426,14,13,0.4,,0.6,0.065,1.8,1,0
2022,20,Mexico City Grand Prix,2022-10-30,Mexico City,TSU,Yuki Tsunoda,AlphaTauri,13,13,20,0,Collision damage,79.589,77.775,1.814,0.3154686027,12.66666667,13.33333333,0.4,,-1.7,0.304,2,0,0
2022,21,São Paulo Grand Prix,2022-11-13,São Paulo,TSU,Yuki Tsunoda,AlphaTauri,20,19,17,0,+1 Lap,76.264,71.41,4.854,1.972086311,14.33333333,14.33333333,0.4,,1,0,1.2,0,0
2022,22,Abu Dhabi Grand Prix,2022-11-20,Yas Island,TSU,Yuki Tsunoda,AlphaTauri,11,12,11,0,Finished,85.219,83.824,1.395,0.2592837349,15.66666667,14.33333333,0.4,,0.3,0.228,1,0,0
2023,1,Bahrain Grand Prix,2023-03-05,Sakhir,TSU,Yuki Tsunoda,AlphaTauri,14,14,11,0,Finished,91.4,89.708,1.692,0.4750333852,16,14.5,0.2,8,-0.6,0.138,-0.2,0,0
2023,2,Saudi Arabian Grand Prix,2023-03-19,Jeddah,TSU,Yuki Tsunoda,AlphaTauri,16,16,11,0,Finished,89.939,88.265,1.674,0.09263546893,13,13.5,0.2,19,0,0.155,-0.8,0,1
2023,3,Australian Grand Prix,2023-04-02,Melbourne,TSU,Yuki Tsunoda,AlphaTauri,12,12,10,1,Finished,78.099,76.732,1.367,0.5704226562,11,12.5,0.2,15,0.2,0.236,-0.8,0,0
2023,4,Azerbaijan Grand Prix,2023-04-30,Baku,TSU,Yuki Tsunoda,AlphaTauri,8,8,10,1,Finished,101.569,100.203,1.366,-0.2961846759,10.66666667,12.5,0,13,1.1,0.188,-2.6,0,1
2023,5,Miami Grand Prix,2023-05-07,Miami,TSU,Yuki Tsunoda,AlphaTauri,17,17,11,0,Finished,88.429,86.841,1.588,1.156212113,10.33333333,13.33333333,0,12,0.6,0.256,-1.8,0,1
2023,6,Monaco Grand Prix,2023-05-28,Monaco,TSU,Yuki Tsunoda,AlphaTauri,9,9,15,0,Lapped,72.082,71.365,0.717,-0.3625873983,10.33333333,14,0,17,-1.5,0.084,-2.8,0,1
2023,7,Spanish Grand Prix,2023-06-04,Barcelona,TSU,Yuki Tsunoda,AlphaTauri,15,15,12,0,Finished,73.862,72.272,1.59,0.8248794819,12,14.33333333,0,10,-0.4,0.462,-1,0,0
2023,8,Canadian Grand Prix,2023-06-18,Montréal,TSU,Yuki Tsunoda,AlphaTauri,19,16,14,0,Finished,82.746,79.092,3.654,1.197713028,12.66666667,13.66666667,0,18,0.9,1.213,-0.6,1,0
2023,9,Austrian Grand Prix,2023-07-02,Spielberg,TSU,Yuki Tsunoda,AlphaTauri,16,16,19,0,Lapped,65.784,64.391,1.393,1.00391219,13.66666667,14.16666667,0,16,0.8,0.048,-0.6,0,0
2023,10,British Grand Prix,2023-07-09,Silverstone,TSU,Yuki Tsunoda,AlphaTauri,16,16,16,0,Finished,90.025,86.72,3.305,0.9538491322,15,15.66666667,0,14,0.3,0.241,-0.4,0,0
2023,11,Hungarian Grand Prix,2023-07-23,Budapest,TSU,Yuki Tsunoda,AlphaTauri,17,17,15,0,Lapped,78.919,76.609,2.31,1.287999309,16.33333333,16.83333333,0,19,-1.1,0.003,0.8,0,0
2023,12,Belgian Grand Prix,2023-07-30,Spa-Francorchamps,TSU,Yuki Tsunoda,AlphaTauri,11,11,10,1,Finished,113.148,106.168,6.98,0.437178995,16.66666667,16.16666667,0,13,-0.3,0.82,-0.8,0,0
2023,13,Dutch Grand Prix,2023-08-27,Zandvoort,TSU,Yuki Tsunoda,AlphaTauri,17,14,15,0,Finished,80.23,70.567,9.663,0.9060032138,13.66666667,14.5,0,20,-0.5,0.537,-0.4,1,0
2023,14,Italian Grand Prix,2023-09-03,Monza,TSU,Yuki Tsunoda,AlphaTauri,11,11,20,0,Did not start,81.594,80.294,1.3,0.1679207054,13.33333333,13.66666667,0,14,-0.5,0.013,0.2,0,0
2023,15,Singapore Grand Prix,2023-09-17,Marina Bay,TSU,Yuki Tsunoda,AlphaTauri,15,15,19,0,Retired,91.991,90.984,1.007,-0.1110000258,15,14.16666667,0.2,15,-0.3,0.072,1.4,0,1
2023,16,Japanese Grand Prix,2023-09-24,Suzuka,TSU,Yuki Tsunoda,AlphaTauri,9,9,12,0,Lapped,90.204,88.877,1.327,-0.1092861494,18,14.5,0.4,13,-0.1,0.581,2.2,0,0
2023,17,Qatar Grand Prix,2023-10-08,Lusail,TSU,Yuki Tsunoda,AlphaTauri,11,11,15,0,Lapped,85.301,83.778,1.523,0.003781741684,17,13.66666667,0.4,,0.9,0.441,3.2,0,0
2023,18,United States Grand Prix,2023-10-22,Austin,TSU,Yuki Tsunoda,AlphaTauri,11,11,8,5,Finished,95.697,94.723,0.974,0.1761050604,15.33333333,13.83333333,0.4,10,1.1,0.13,4.2,0,0
2023,19,Mexico City Grand Prix,2023-10-29,Mexico City,TSU,Yuki Tsunoda,AlphaTauri,18,15,12,0,Finished,78.89,77.166,1.724,0.5469934837,11.66666667,13,0.4,20,-2.7,0.067,3.4,1,0
2023,20,São Paulo Grand Prix,2023-11-05,São Paulo,TSU,Yuki Tsunoda,AlphaTauri,16,16,9,2,Finished,70.837,70.162,0.675,0.9875175214,11.66666667,12.33333333,0.2,17,0,0.141,1,0,0
2023,21,Las Vegas Grand Prix,2023-11-18,Las Vegas,TSU,Yuki Tsunoda,AlphaTauri,20,20,18,0,Retired,96.447,92.726,3.721,2.824206978,9.666666667,10.66666667,0,,1.1,0.044,-1.2,0,1
2023,22,Abu Dhabi Grand Prix,2023-11-26,Yas Island,TSU,Yuki Tsunoda,AlphaTauri,6,6,8,4,Finished,83.968,83.445,0.523,-0.5572431491,13,12.16666667,0,11,0.5,0.139,-2.2,0,0
2024,1,Bahrain Grand Prix,2024-03-02,Sakhir,TSU,Yuki Tsunoda,RB,11,11,14,0,Lapped,90.129,89.179,0.95,0.186193998,11.66666667,12.16666667,0,9.5,,0,-2.6,0,0
2024,2,Saudi Arabian Grand Prix,2024-03-09,Jeddah,TSU,Yuki Tsunoda,RB,9,9,15,0,Lapped,88.547,87.472,1.075,-0.0578211919,13.33333333,13,0,15,,0.319,-1.4,0,1
2024,3,Australian Grand Prix,2024-03-24,Melbourne,TSU,Yuki Tsunoda,RB,8,8,7,6,Finished,76.788,75.915,0.873,-0.3208143017,12.33333333,12.83333333,0,12.5,-0.1,0.27,0.4,0,0
2024,4,Japanese Grand Prix,2024-04-07,Suzuka,TSU,Yuki Tsunoda,RB,10,10,10,1,Lapped,89.413,88.197,1.216,0.1917983196,12,12.83333333,0,12.5,-0.2,0.066,1.6,0,0
2024,5,Chinese Grand Prix,2024-04-21,Shanghai,TSU,Yuki Tsunoda,RB,19,19,19,0,Retired,95.746,93.66,2.086,1.298607705,10.66666667,13.16666667,0,,1.5,0.322,2,0,0
2024,6,Miami Grand Prix,2024-05-05,Miami,TSU,Yuki Tsunoda,RB,10,10,7,6,Finished,88.167,87.241,0.926,0.2466765277,12,14.16666667,0.2,11.5,0.1,0.141,1.6,0,1
2024,7,Emilia Romagna Grand Prix,2024-05-19,Imola,TSU,Yuki Tsunoda,RB,7,7,10,1,Lapped,75.358,74.746,0.612,-0.5360344348,12,14.66666667,0.2,7,-2.2,0.074,0.4,0,0
2024,8,Monaco Grand Prix,2024-05-26,Monaco,TSU,Yuki Tsunoda,RB,8,8,8,4,Lapped,70.858,70.27,0.588,-0.5264254472,12,13.66666667,0.2,16,-0.3,0.154,-0.2,0,1
2024,9,Canadian Grand Prix,2024-06-09,Montréal,TSU,Yuki Tsunoda,RB,8,8,14,0,Finished,72.303,71.742,0.561,-0.5814644087,8.333333333,10.83333333,0.2,16,-1.2,0.258,0,0,0
2024,10,Spanish Grand Prix,2024-06-23,Barcelona,TSU,Yuki Tsunoda,RB,17,17,19,0,Lapped,72.985,71.383,1.602,1.180982134,10.66666667,10.83333333,0.2,11,1.2,0.02,1.2,0,0
2024,11,Austrian Grand Prix,2024-06-30,Spielberg,TSU,Yuki Tsunoda,RB,14,14,14,0,Lapped,65.412,64.314,1.098,0.276405937,13.66666667,12.66666667,0,17.5,0.7,0.404,1.6,0,0
2024,12,British Grand Prix,2024-07-07,Silverstone,TSU,Yuki Tsunoda,RB,13,13,10,1,Finished,87.269,85.819,1.45,-0.3793838132,15.66666667,13.16666667,0,15,-0.9,0.171,2.2,0,0
2024,13,Hungarian Grand Prix,2024-07-21,Budapest,TSU,Yuki Tsunoda,RB,10,10,9,2,Finished,76.121,75.227,0.894,-0.3828191351,14.33333333,13.33333333,0,17,0.2,0.022,1,0,0
2024,14,Belgian Grand Prix,2024-07-28,Spa-Francorchamps,TSU,Yuki Tsunoda,RB,20,18,16,0,Finished,116.593,113.159,3.434,1.293088962,11,11.16666667,0,11.5,-0.7,0.595,0.8,0,0
2024,15,Dutch Grand Prix,2024-08-25,Zandvoort,TSU,Yuki Tsunoda,RB,11,12,17,0,Lapped,70.955,69.673,1.282,-0.02607402101,11.66666667,11.66666667,0,17.5,0.7,0.356,-0.8,0,0
2024,16,Italian Grand Prix,2024-09-01,Monza,TSU,Yuki Tsunoda,RB,16,16,20,0,Retired,80.945,79.327,1.618,0.9622323074,14,12.66666667,0,17,0.7,0.109,-0.2,0,0
2024,17,Azerbaijan Grand Prix,2024-09-15,Baku,TSU,Yuki Tsunoda,RB,11,12,20,0,Retired,103.035,101.365,1.67,0.2825085789,17.66666667,14.66666667,0.2,11.5,0.5,0.321,0.6,0,1
2024,18,Singapore Grand Prix,2024-09-22,Marina Bay,TSU,Yuki Tsunoda,RB,8,8,12,0,Lapped,90.289,89.525,0.764,-0.2388251524,19,15.83333333,0.4,17,1,0.155,2.8,0,1
2024,19,United States Grand Prix,2024-10-20,Austin,TSU,Yuki Tsunoda,RB,10,11,14,0,Lapped,93.506,92.33,1.176,0.2430530021,17.33333333,16,0.4,9,-1.6,0.031,3.8,0,0
2024,20,Mexico City Grand Prix,2024-10-27,Mexico City,TSU,Yuki Tsunoda,RB,11,11,20,0,Retired,77.129,75.946,1.183,0.2225351721,15.33333333,14.33333333,0.4,16,-0.2,0.225,4.8,0,0
2024,21,São Paulo Grand Prix,2024-11-03,São Paulo,TSU,Yuki Tsunoda,RB,3,3,7,6,Finished,84.111,83.405,0.706,-1.06837129,15.33333333,14.83333333,0.6,13,0.6,0.173,5.6,0,0
2024,22,Las Vegas Grand Prix,2024-11-23,Las Vegas,TSU,Yuki Tsunoda,RB,7,7,9,2,Finished,93.029,92.312,0.717,-0.4666781958,13.66666667,12.5,0.4,18,-1.3,0.098,5.6,0,1
2024,23,Qatar Grand Prix,2024-12-01,Lusail,TSU,Yuki Tsunoda,RB,14,14,13,0,Finished,81.771,80.52,1.251,0.3512616052,12,12.83333333,0.2,15,1.2,0.055,4.4,0,0
2024,24,Abu Dhabi Grand Prix,2024-12-08,Yas Island,TSU,Yuki Tsunoda,RB,11,11,12,0,Lapped,83.419,82.595,0.824,0.1575764453,9.666666667,11.33333333,0.2,9.5,0.6,0.209,3.4,0,0
2025,1,Australian Grand Prix,2025-03-16,Melbourne,TSU,Yuki Tsunoda,Racing Bulls,5,5,12,0,Finished,75.67,75.096,0.574,-0.698314304,11.33333333,13.5,0.2,10.66666667,,0.084,3,0,0
2025,2,Chinese Grand Prix,2025-03-23,Shanghai,TSU,Yuki Tsunoda,Racing Bulls,9,9,16,0,Lapped,91.238,90.641,0.597,-0.3720489169,12.33333333,14.66666667,0,19,,0.082,2.6,0,0
2025,3,Japanese Grand Prix,2025-04-06,Suzuka,TSU,Yuki Tsunoda,Red Bull Racing,14,15,12,0,Finished,87.967,86.983,0.984,0.1694001224,13.33333333,9.833333333,0,11.66666667,-0.7,0.012,3.2,0,0
2025,4,Bahrain Grand Prix,2025-04-13,Sakhir,TSU,Yuki Tsunoda,Red Bull Racing,10,10,9,2,Finished,91.228,89.841,1.387,0.1080090673,13.33333333,7.666666667,0,11,-0.2,0.168,2.2,0,0
2025,5,Saudi Arabian Grand Prix,2025-04-20,Jeddah,TSU,Yuki Tsunoda,Red Bull Racing,8,8,19,0,Retired,87.99,87.294,0.696,-0.3007039755,12.33333333,7.333333333,0,15,0.1,0.01,2.2,0,1
2025,6,Miami Grand Prix,2025-05-04,Miami,TSU,Yuki Tsunoda,Red Bull Racing,10,10,10,1,Finished,86.943,86.204,0.739,-0.05531162066,13.33333333,8.166666667,0.2,10,1.2,0.065,4.2,0,1
2025,7,Emilia Romagna Grand Prix,2025-05-18,Imola,TSU,Yuki Tsunoda,Red Bull Racing,20,20,10,1,Finished,,74.67,,,12.66666667,8.333333333,0.2,8.5,-1.3,0.034,2.8,0,0
2025,8,Monaco Grand Prix,2025-05-25,Monaco,TSU,Yuki Tsunoda,Red Bull Racing,12,12,17,0,Lapped,71.415,69.954,1.461,0.2331584293,13,7.666666667,0.2,13.33333333,-0.2,0.109,-0.6,0,1
2025,9,Spanish Grand Prix,2025-06-01,Barcelona,TSU,Yuki Tsunoda,Red Bull Racing,19,20,13,0,Finished,73.385,71.546,1.839,1.474574634,12.33333333,7.666666667,0.2,13.66666667,0.7,0.209,1,0,0
2025,10,Canadian Grand Prix,2025-06-15,Montréal,TSU,Yuki Tsunoda,Red Bull Racing,18,11,12,0,Lapped,72.102,70.899,1.203,0.3632750804,13.33333333,9.166666667,0.2,15.33333333,1.4,0.16,-0.2,1,0
2025,11,Austrian Grand Prix,2025-06-29,Spielberg,TSU,Yuki Tsunoda,Red Bull Racing,18,18,16,0,Lapped,65.369,63.971,1.398,0.9233143989,14,9.666666667,0,16.33333333,-0.5,0.521,-2.2,0,0
2025,12,British Grand Prix,2025-07-06,Silverstone,TSU,Yuki Tsunoda,Red Bull Racing,11,12,15,0,Lapped,85.826,84.892,0.934,0.1549703015,13.66666667,11.83333333,0,13.33333333,2,0.103,-2.6,0,0
2025,13,Belgian Grand Prix,2025-07-27,Spa-Francorchamps,TSU,Yuki Tsunoda,Red Bull Racing,7,7,13,0,Finished,101.245,100.562,0.683,-0.4537481687,14.33333333,11.33333333,0,13,0.5,0.064,0,0,0
2025,14,Hungarian Grand Prix,2025-08-03,Budapest,TSU,Yuki Tsunoda,Red Bull Racing,20,16,17,0,Lapped,75.899,75.372,0.527,0.8529956373,14.66666667,11.83333333,0,14.33333333,-3,0,0.2,1,0
2025,15,Dutch Grand Prix,2025-08-31,Zandvoort,TSU,Yuki Tsunoda,Red Bull Racing,12,12,9,2,Finished,69.622,68.662,0.96,0.2827868129,15,10.5,0,17.33333333,1.2,0.012,1.8,0,0
2025,16,Italian Grand Prix,2025-09-07,Monza,TSU,Yuki Tsunoda,Red Bull Racing,9,10,13,0,Finished,79.433,78.792,0.641,-0.06946001259,13,9,0,18,-1.2,0.077,1,0,0
2025,17,Azerbaijan Grand Prix,2025-09-21,Baku,TSU,Yuki Tsunoda,Red Bull Racing,6,6,6,8,Finished,101.788,101.117,0.671,-0.301380739,13,8.5,0,14.33333333,-1.2,0.478,2,0,1
2025,18,Singapore Grand Prix,2025-10-05,Marina Bay,TSU,Yuki Tsunoda,Red Bull Racing,13,13,12,0,Lapped,90.353,89.158,1.195,0.3668706244,9.333333333,5.333333333,0,15.33333333,-0.9,0.182,1.4,0,1
2025,19,United States Grand Prix,2025-10-19,Austin,TSU,Yuki Tsunoda,Red Bull Racing,13,13,7,6,Finished,93.466,92.51,0.956,0.09782109245,10.33333333,5.833333333,0,10.66666667,0.8,0.291,0,0,0
2025,20,Mexico City Grand Prix,2025-10-26,Mexico City,TSU,Yuki Tsunoda,Red Bull Racing,10,11,11,0,Finished,76.816,75.586,1.23,0.2404344395,8.333333333,4.833333333,0,17.33333333,-0.5,0.262,-1.4,0,0
2025,21,São Paulo Grand Prix,2025-11-09,São Paulo,TSU,Yuki Tsunoda,Red Bull Racing,17,19,17,0,Finished,70.711,69.511,1.2,2.147934243,10,6,0,11,0.6,0.174,-0.8,0,0
2025,22,Las Vegas Grand Prix,2025-11-22,Las Vegas,TSU,Yuki Tsunoda,Red Bull Racing,20,19,12,0,Finished,116.798,107.934,8.864,1.462887886,11.66666667,7,0,13.5,1,0.323,-1.8,0,1
2025,23,Qatar Grand Prix,2025-11-30,Lusail,TSU,Yuki Tsunoda,Red Bull Racing,15,16,10,1,Finished,80.761,79.387,1.374,0.865121823,13.33333333,7.833333333,0,14,-0.9,0.108,-3.2,0,0
2025,24,Abu Dhabi Grand Prix,2025-12-07,Yas Island,TSU,Yuki Tsunoda,Red Bull Racing,10,10,14,0,Finished,83.034,82.207,0.827,0.09948145326,13,7.333333333,0,10.33333333,-0.6,0.201,-4.2,0,0
2026,12,Dutch Grand Prix,2026-08-23,Zandvoort,TSU,Yuki Tsunoda,Racing Bulls,12,12,11,0,Lapped,72.627,71.163,1.464,0.04623180956,12,8.666666667,0,15.25,0.1,0.102,-2.2,0,0
2026,13,Italian Grand Prix,2026-09-06,Monza,TSU,Yuki Tsunoda,Racing Bulls,15,17,10,1,Finished,83.755,81.786,1.969,0.6903816641,11.66666667,10.33333333,0,16.75,0.1,0.06,-2.4,0,0
2026,14,Spanish Grand Prix,2026-09-13,Madrid,TSU,Yuki Tsunoda,Racing Bulls,15,15,14,0,Lapped,94.084,91.824,2.26,0.333220989,11.66666667,9.833333333,0,,-0.7,0.011,-3.4,0,1
2022,1,Bahrain Grand Prix,2022-03-20,Sakhir,VER,Max Verstappen,Red Bull Racing,2,2,19,0,Fuel pressure,90.681,90.558,0.123,-1.337563171,,,,,,0.123,,0,0
2022,2,Saudi Arabian Grand Prix,2022-03-27,Jeddah,VER,Max Verstappen,Red Bull Racing,4,4,1,25,Finished,88.461,88.2,0.261,-1.166993731,19,18.5,0,,,0.025,,0,1
2022,3,Australian Grand Prix,2022-04-10,Melbourne,VER,Max Verstappen,Red Bull Racing,2,2,18,0,Fuel leak,78.154,77.868,0.286,-1.205046301,10,10.5,0,,-5,0.286,7,0,0
2022,4,Emilia Romagna Grand Prix,2022-04-24,Imola,VER,Max Verstappen,Red Bull Racing,1,1,1,26,Finished,78.793,78.793,0,-1.379808455,12.66666667,10.33333333,0.3333333333,,1.3,0.003,10,0,0
2022,5,Miami Grand Prix,2022-05-08,Miami,VER,Max Verstappen,Red Bull Racing,3,3,1,26,Finished,88.991,88.796,0.195,-1.30433586,6.666666667,4.666666667,0.25,,-1.3,0.19,7.5,0,1
2022,6,Spanish Grand Prix,2022-05-22,Barcelona,VER,Max Verstappen,Red Bull Racing,2,2,1,25,Finished,79.073,78.75,0.323,-1.319087251,6.666666667,4.666666667,0.2,,0,0.323,5.6,0,0
2022,7,Monaco Grand Prix,2022-05-29,Monaco,VER,Max Verstappen,Red Bull Racing,4,4,3,15,Finished,71.666,71.376,0.29,-1.07700049,1,1.833333333,0.2,,-0.6,0.225,2,0,1
2022,8,Azerbaijan Grand Prix,2022-06-12,Baku,VER,Max Verstappen,Red Bull Racing,3,3,1,25,Finished,101.706,101.359,0.347,-1.346071066,1.666666667,2,0.2,,0.2,0.282,2.4,0,1
2022,9,Canadian Grand Prix,2022-06-19,Montréal,VER,Max Verstappen,Red Bull Racing,1,1,1,25,Finished,81.299,81.299,0,-1.314160493,1.666666667,1.666666667,0,,3.6,0.645,-1.2,0,0
2022,10,British Grand Prix,2022-07-03,Silverstone,VER,Max Verstappen,Red Bull Racing,2,2,7,6,Finished,99.129,100.19,0,-1.329318452,1.666666667,4.666666667,0,,8.881784197e-17,0,-1.2,0,0
2022,11,Austrian Grand Prix,2022-07-10,Spielberg,VER,Max Verstappen,Red Bull Racing,1,1,2,19,Finished,64.984,64.984,0,-1.692748503,3,5.5,0,,0.6,0.029,0.2,0,0
2022,12,French Grand Prix,2022-07-24,Le Castellet,VER,Max Verstappen,Red Bull Racing,2,2,1,25,Finished,91.176,90.872,0.304,-1.512629122,3.333333333,8.666666667,0,,-0.1,0.304,0.6,0,0
2022,13,Hungarian Grand Prix,2022-07-31,Budapest,VER,Max Verstappen,Red Bull Racing,10,10,1,25,Finished,77.703,77.377,0.326,-1.029054666,3.333333333,6,0,,-3.1,0.044,0.6,0,0
2022,14,Belgian Grand Prix,2022-08-28,Spa-Francorchamps,VER,Max Verstappen,Red Bull Racing,14,1,1,26,Finished,103.665,103.665,0,-2.099262853,1.333333333,5.5,0,,-0.4,0.632,-0.8,1,0
2022,15,Dutch Grand Prix,2022-09-04,Zandvoort,VER,Max Verstappen,Red Bull Racing,1,1,1,26,Finished,70.342,70.342,0,-1.487816889,1,2.333333333,0,,0,0.021,-0.8,0,0
2022,16,Italian Grand Prix,2022-09-11,Monza,VER,Max Verstappen,Red Bull Racing,7,2,1,25,Finished,80.306,80.161,0.145,-1.876274972,1,2.5,0,,0.8,0.145,-1.8,1,0
2022,17,Singapore Grand Prix,2022-10-02,Marina Bay,VER,Max Verstappen,Red Bull Racing,8,8,7,6,Finished,111.395,109.412,1.983,-0.5676318362,1,2.666666667,0,,-0.8,0.022,-2.2,0,1
2022,18,Japanese Grand Prix,2022-10-09,Suzuka,VER,Max Verstappen,Red Bull Racing,1,1,1,25,Finished,89.304,89.304,0,-1.752293383,3,3.5,0,,-0.2,0.01,-2.2,0,0
2022,19,United States Grand Prix,2022-10-23,Austin,VER,Max Verstappen,Red Bull Racing,2,3,1,25,Finished,94.448,94.356,0.092,-1.5054769,3,3,0,,0,0.065,-0.4,0,0
2022,20,Mexico City Grand Prix,2022-10-30,Mexico City,VER,Max Verstappen,Red Bull Racing,1,1,1,25,Finished,77.775,77.775,0,-1.456783009,3,2.666666667,0,,0.2,0.304,-0.8,0,0
2022,21,São Paulo Grand Prix,2022-11-13,São Paulo,VER,Max Verstappen,Red Bull Racing,3,2,6,8,Finished,70.881,71.41,0,-0.64725313,1,2,0,,0.6,0,-0.8,0,0
2022,22,Abu Dhabi Grand Prix,2022-11-20,Yas Island,VER,Max Verstappen,Red Bull Racing,1,1,1,25,Finished,83.824,83.824,0,-1.76591677,2.666666667,3.666666667,0,,0.5,0.228,0.2,0,0
2023,1,Bahrain Grand Prix,2023-03-05,Sakhir,VER,Max Verstappen,Red Bull Racing,1,1,1,25,Finished,89.708,89.708,0,-1.649058813,2.666666667,3.5,0,19,-1.5,0.138,0.4,0,0
2023,2,Saudi Arabian Grand Prix,2023-03-19,Jeddah,VER,Max Verstappen,Red Bull Racing,15,15,2,19,Finished,88.761,88.265,0.496,-0.4717533721,2.666666667,3.333333333,0,1,-0.4,0.155,0.4,0,1
2023,3,Australian Grand Prix,2023-04-02,Melbourne,VER,Max Verstappen,Red Bull Racing,1,1,1,25,Finished,76.732,76.732,0,-1.668257859,1.333333333,1.666666667,0,18,0.7,0.236,-1.8,0,0
2023,4,Azerbaijan Grand Prix,2023-04-30,Baku,VER,Max Verstappen,Red Bull Racing,2,2,2,18,Finished,100.391,100.203,0.188,-0.8399477058,1.333333333,2,0,1,-0.1,0.188,-1.8,0,1
2023,5,Miami Grand Prix,2023-05-07,Miami,VER,Max Verstappen,Red Bull Racing,9,9,1,26,Finished,86.814,86.841,0,-1.597953994,1.666666667,2,0,1,-0.5,0.256,-2.6,0,1
2023,6,Monaco Grand Prix,2023-05-28,Monaco,VER,Max Verstappen,Red Bull Racing,1,1,1,25,Finished,71.365,71.365,0,-1.322082377,1.333333333,2,0,3,2.9,0.084,-4.2,0,1
2023,7,Spanish Grand Prix,2023-06-04,Barcelona,VER,Max Verstappen,Red Bull Racing,1,1,1,26,Finished,72.272,72.272,0,-1.809036325,1.333333333,3.833333333,0,1,0.4,0.462,-4.2,0,0
2023,8,Canadian Grand Prix,2023-06-18,Montréal,VER,Max Verstappen,Red Bull Racing,1,1,1,25,Finished,79.092,79.092,0,-1.31329931,1,4.166666667,0,1,-2,1.213,-1.6,0,0
2023,9,Austrian Grand Prix,2023-07-02,Spielberg,VER,Max Verstappen,Red Bull Racing,1,1,1,26,Finished,64.391,64.391,0,-1.659040644,1,4.833333333,0,2,-0.2,0.048,-1.6,0,0
2023,10,British Grand Prix,2023-07-09,Silverstone,VER,Max Verstappen,Red Bull Racing,1,1,1,26,Finished,86.72,86.72,0,-1.177927566,1,2.666666667,0,7,0,0.241,-1.6,0,0
2023,11,Hungarian Grand Prix,2023-07-23,Budapest,VER,Max Verstappen,Red Bull Racing,2,2,1,26,Finished,76.612,76.609,0.003,-1.180670492,1,3,0,1,0,0.003,0,0,0
2023,12,Belgian Grand Prix,2023-07-30,Spa-Francorchamps,VER,Max Verstappen,Red Bull Racing,6,1,1,25,Finished,106.168,106.168,0,-1.243352663,1,2.5,0,1,-0.8,0.82,-0.2,1,0
2023,13,Dutch Grand Prix,2023-08-27,Zandvoort,VER,Max Verstappen,Red Bull Racing,1,1,1,25,Finished,70.567,70.567,0,-1.282400499,1,2.333333333,0,1,0.2,0.537,-0.2,0,0
2023,14,Italian Grand Prix,2023-09-03,Monza,VER,Max Verstappen,Red Bull Racing,2,2,1,25,Finished,80.307,80.294,0.013,-1.340728145,1,2,0,1,0,0.013,-0.2,0,0
2023,15,Singapore Grand Prix,2023-09-17,Marina Bay,VER,Max Verstappen,Red Bull Racing,11,11,5,10,Finished,92.173,90.984,1.189,0.1269505596,1,1.833333333,0,7,0.8,0.072,-0.4,0,1
2023,16,Japanese Grand Prix,2023-09-24,Suzuka,VER,Max Verstappen,Red Bull Racing,1,1,1,26,Finished,88.877,88.877,0,-2.024110114,2.333333333,3.5,0,1,3.8,0.581,-1.6,0,0
2023,17,Qatar Grand Prix,2023-10-08,Lusail,VER,Max Verstappen,Red Bull Racing,1,1,1,26,Finished,83.778,83.778,0,-1.492216332,2.333333333,6,0,,0,0.441,-1.4,0,0
2023,18,United States Grand Prix,2023-10-22,Austin,VER,Max Verstappen,Red Bull Racing,6,6,1,25,Finished,95.008,94.723,0.285,-0.9043614275,2.333333333,7.333333333,0,1,-3,0.13,-1.4,0,0
2023,19,Mexico City Grand Prix,2023-10-29,Mexico City,VER,Max Verstappen,Red Bull Racing,3,3,1,25,Finished,77.263,77.166,0.097,-0.9760843006,1,6,0,1,2,0.067,-2.4,0,0
2023,20,São Paulo Grand Prix,2023-11-05,São Paulo,VER,Max Verstappen,Red Bull Racing,1,1,1,25,Finished,70.162,70.162,0,-1.113914783,1,6.166666667,0,6,0,0.141,-2.6,0,0
2023,21,Las Vegas Grand Prix,2023-11-18,Las Vegas,VER,Max Verstappen,Red Bull Racing,2,3,1,25,Finished,93.104,92.726,0.378,-0.9020185484,1,5.166666667,0,,-3.4,0.044,-1.4,0,1
2023,22,Abu Dhabi Grand Prix,2023-11-26,Yas Island,VER,Max Verstappen,Red Bull Racing,1,1,1,26,Finished,83.445,83.445,0,-1.730156763,1,5,0,1,0,0.139,-1.8,0,0
2024,1,Bahrain Grand Prix,2024-03-02,Sakhir,VER,Max Verstappen,Red Bull Racing,1,1,1,26,Finished,89.179,89.179,0,-1.461540498,1,2.333333333,0,10,-0.2,0,-1.8,0,0
2024,2,Saudi Arabian Grand Prix,2024-03-09,Jeddah,VER,Max Verstappen,Red Bull Racing,1,1,1,25,Finished,87.472,87.472,0,-1.749795181,1,2,0,1.5,-0.4,0.319,-0.8,0,1
2024,3,Australian Grand Prix,2024-03-24,Melbourne,VER,Max Verstappen,Red Bull Racing,1,1,19,0,Retired,75.915,75.915,0,-1.558336818,1,1.833333333,0,9.5,0.6,0.27,-0.4,0,0
2024,4,Japanese Grand Prix,2024-04-07,Suzuka,VER,Max Verstappen,Red Bull Racing,1,1,1,26,Finished,88.197,88.197,0,-1.623195896,7,5,0.2,1,1.8,0.066,3.2,0,0
2024,5,Chinese Grand Prix,2024-04-21,Shanghai,VER,Max Verstappen,Red Bull Racing,1,1,1,25,Finished,93.66,93.66,0,-1.680983861,7,5,0.2,,-2.2,0.322,3.6,0,0
2024,6,Miami Grand Prix,2024-05-05,Miami,VER,Max Verstappen,Red Bull Racing,1,1,2,18,Finished,87.241,87.241,0,-1.727588508,7,5.166666667,0.2,1,0.4,0.141,3.6,0,1
2024,7,Emilia Romagna Grand Prix,2024-05-19,Imola,VER,Max Verstappen,Red Bull Racing,1,1,1,25,Finished,74.746,74.746,0,-1.402572514,1.333333333,2.166666667,0.2,1,1.1,0.074,3.8,0,0
2024,8,Monaco Grand Prix,2024-05-26,Monaco,VER,Max Verstappen,Red Bull Racing,6,6,6,8,Finished,70.567,70.27,0.297,-0.9018446485,1.333333333,3.166666667,0.2,2,2.7,0.154,3.8,0,1
2024,9,Canadian Grand Prix,2024-06-09,Montréal,VER,Max Verstappen,Red Bull Racing,2,2,1,25,Finished,72,71.742,0.258,-1.019405537,3,6.5,0,1,2.5,0.258,0.2,0,0
2024,10,Spanish Grand Prix,2024-06-23,Barcelona,VER,Max Verstappen,Red Bull Racing,2,2,1,25,Finished,71.403,71.383,0.02,-1.382214102,2.666666667,8.666666667,0,1,-2.5,0.02,0,0,0
2024,11,Austrian Grand Prix,2024-06-30,Spielberg,VER,Max Verstappen,Red Bull Racing,1,1,5,10,Finished,64.314,64.314,0,-2.174088361,2.666666667,8.666666667,0,1.5,-2.2,0.404,-0.2,0,0
2024,12,British Grand Prix,2024-07-07,Silverstone,VER,Max Verstappen,Red Bull Racing,4,4,2,18,Finished,86.203,85.819,0.384,-0.683587164,2.333333333,6.666666667,0,4,2.2,0.171,0.4,0,0
2024,13,Hungarian Grand Prix,2024-07-21,Budapest,VER,Max Verstappen,Red Bull Racing,3,3,5,10,Finished,75.273,75.227,0.046,-1.244136796,2.666666667,6.666666667,0,1,-0.3,0.022,0,0,0
2024,14,Belgian Grand Prix,2024-07-28,Spa-Francorchamps,VER,Max Verstappen,Red Bull Racing,11,1,4,12,Finished,113.159,113.159,0,-1.339235121,4,7.166666667,0,1,-1.7,0.595,0.4,1,0
2024,15,Dutch Grand Prix,2024-08-25,Zandvoort,VER,Max Verstappen,Red Bull Racing,2,2,2,18,Finished,70.029,69.673,0.356,-1.100421388,3.666666667,7,0,1,-0.3,0.356,1.2,0,0
2024,16,Italian Grand Prix,2024-09-01,Monza,VER,Max Verstappen,Red Bull Racing,7,7,6,8,Finished,79.662,79.327,0.335,-0.9041885111,3.666666667,5.166666667,0,1,0,0.109,1.4,0,0
2024,17,Azerbaijan Grand Prix,2024-09-15,Baku,VER,Max Verstappen,Red Bull Racing,6,6,5,10,Finished,102.023,101.365,0.658,-0.8642972046,4,5.5,0,1.5,2.6,0.321,0.4,0,1
2024,18,Singapore Grand Prix,2024-09-22,Marina Bay,VER,Max Verstappen,Red Bull Racing,2,2,2,18,Finished,89.68,89.525,0.155,-1.115260933,4.333333333,7.333333333,0,6,0.3,0.155,0.6,0,1
2024,19,United States Grand Prix,2024-10-20,Austin,VER,Max Verstappen,Red Bull Racing,2,2,3,15,Finished,92.361,92.33,0.031,-1.676227601,4.333333333,8,0,1,-2.3,0.031,0.2,0,0
2024,20,Mexico City Grand Prix,2024-10-27,Mexico City,VER,Max Verstappen,Red Bull Racing,2,2,6,8,Finished,76.171,75.946,0.225,-1.437166617,3.333333333,7.333333333,0,1,1.5,0.225,-0.2,0,0
2024,21,São Paulo Grand Prix,2024-11-03,São Paulo,VER,Max Verstappen,Red Bull Racing,17,12,1,26,Finished,87.771,83.405,4.366,0.1202414986,3.666666667,7.5,0,3.5,1.1,0.173,0.6,1,0
2024,22,Las Vegas Grand Prix,2024-11-23,Las Vegas,VER,Max Verstappen,Red Bull Racing,5,5,5,10,Finished,92.797,92.312,0.485,-0.7877140488,3.333333333,7.5,0,1,-1.9,0.098,-1.4,0,1
2024,23,Qatar Grand Prix,2024-12-01,Lusail,VER,Max Verstappen,Red Bull Racing,2,1,1,25,Finished,80.52,80.52,0,-1.443055537,4,8.333333333,0,1,1.6,0.055,-1.2,0,0
2024,24,Abu Dhabi Grand Prix,2024-12-08,Yas Island,VER,Max Verstappen,Red Bull Racing,4,5,6,8,Finished,82.945,82.595,0.35,-0.919442085,2.333333333,7.5,0,1,1.6,0.209,-1.2,0,0
2025,1,Australian Grand Prix,2025-03-16,Melbourne,VER,Max Verstappen,Red Bull Racing,3,3,2,18,Finished,75.481,75.096,0.385,-1.029444195,4,9.833333333,0,12.66666667,0.1,0.084,-1.2,0,0
2025,2,Chinese Grand Prix,2025-03-23,Shanghai,VER,Max Verstappen,Red Bull Racing,4,4,4,12,Finished,90.817,90.641,0.176,-1.187419005,3,10.16666667,0,1,-2,0.082,-2.2,0,0
2025,3,Japanese Grand Prix,2025-04-06,Suzuka,VER,Max Verstappen,Red Bull Racing,1,1,1,25,Finished,86.983,86.983,0,-1.350105078,4,9.833333333,0,1,-0.4,0.012,0,0,0
2025,4,Bahrain Grand Prix,2025-04-13,Sakhir,VER,Max Verstappen,Red Bull Racing,7,7,6,8,Finished,90.423,89.841,0.582,-0.8179472608,2.333333333,7.666666667,0,7,-0.9,0.168,0,0,0
2025,5,Saudi Arabian Grand Prix,2025-04-20,Jeddah,VER,Max Verstappen,Red Bull Racing,1,1,2,18,Finished,87.294,87.294,0,-1.472540297,3.666666667,7.333333333,0,1.333333333,1.9,0.01,-0.2,0,1
2025,6,Miami Grand Prix,2025-05-04,Miami,VER,Max Verstappen,Red Bull Racing,1,1,4,12,Finished,86.204,86.204,0,-1.375999429,3,8.166666667,0,1.333333333,-0.2,0.065,-0.2,0,1
2025,7,Emilia Romagna Grand Prix,2025-05-18,Imola,VER,Max Verstappen,Red Bull Racing,2,2,1,25,Finished,74.704,74.67,0.034,-1.461150261,4,8.333333333,0,1,-1.6,0.034,0.6,0,0
2025,8,Monaco Grand Prix,2025-05-25,Monaco,VER,Max Verstappen,Red Bull Racing,4,5,4,12,Finished,70.669,69.954,0.715,-0.7178322117,2.333333333,7.666666667,0,3.333333333,1.1,0.109,0.4,0,1
2025,9,Spanish Grand Prix,2025-06-01,Barcelona,VER,Max Verstappen,Red Bull Racing,3,3,10,1,Finished,71.848,71.546,0.302,-1.096444713,3,7.666666667,0,1,0.9,0.209,0.2,0,0
2025,10,Canadian Grand Prix,2025-06-15,Montréal,VER,Max Verstappen,Red Bull Racing,2,2,2,18,Finished,71.059,70.899,0.16,-1.593831887,5,9.166666667,0,1,-0.4,0.16,1.8,0,0
2025,11,Austrian Grand Prix,2025-06-29,Spielberg,VER,Max Verstappen,Red Bull Racing,7,7,18,0,Retired,64.836,63.971,0.865,-0.4010305274,5.333333333,9.666666667,0,2.666666667,-0.2,0.521,1.6,0,0
2025,12,British Grand Prix,2025-07-06,Silverstone,VER,Max Verstappen,Red Bull Racing,1,1,5,10,Finished,84.892,84.892,0,-1.33644919,10,11.83333333,0.2,3.333333333,2.2,0.103,3.2,0,0
2025,13,Belgian Grand Prix,2025-07-27,Spa-Francorchamps,VER,Max Verstappen,Red Bull Racing,4,4,4,12,Finished,100.903,100.562,0.341,-1.091700373,8.333333333,11.33333333,0.2,2,-1.9,0.064,4.2,0,0
2025,14,Hungarian Grand Prix,2025-08-03,Budapest,VER,Max Verstappen,Red Bull Racing,8,8,9,2,Finished,75.547,75.372,0.175,-0.4470886421,9,11.83333333,0.2,2.333333333,0.3,0,4.4,0,0
2025,15,Dutch Grand Prix,2025-08-31,Zandvoort,VER,Max Verstappen,Red Bull Racing,3,3,2,18,Finished,68.925,68.662,0.263,-1.200947641,6,10.5,0.2,1.333333333,-0.3,0.012,3.2,0,0
2025,16,Italian Grand Prix,2025-09-07,Monza,VER,Max Verstappen,Red Bull Racing,1,1,1,25,Finished,78.792,78.792,0,-1.578743676,5,9,0.2,2.666666667,-1.5,0.077,3,0,0
2025,17,Azerbaijan Grand Prix,2025-09-21,Baku,VER,Max Verstappen,Red Bull Racing,1,1,1,25,Finished,101.117,101.117,0,-1.225233358,4,8.5,0,2.666666667,-0.7,0.478,0.8,0,1
2025,18,Singapore Grand Prix,2025-10-05,Marina Bay,VER,Max Verstappen,Red Bull Racing,2,2,2,18,Finished,89.34,89.158,0.182,-1.20602356,1.333333333,5.333333333,0,4.666666667,-0.2,0.182,0,0,1
2025,19,United States Grand Prix,2025-10-19,Austin,VER,Max Verstappen,Red Bull Racing,1,1,1,25,Finished,92.51,92.51,0,-1.436567788,1.333333333,5.833333333,0,1.666666667,0.3,0.291,0,0,0
2025,20,Mexico City Grand Prix,2025-10-26,Mexico City,VER,Max Verstappen,Red Bull Racing,5,5,3,15,Finished,76.07,75.586,0.484,-0.8767508105,1.333333333,4.833333333,0,2.666666667,-0.3,0.262,-0.2,0,0
2025,21,São Paulo Grand Prix,2025-11-09,São Paulo,VER,Max Verstappen,Red Bull Racing,19,16,3,15,Finished,70.403,69.511,0.892,1.168984774,2,6,0,2.666666667,2.2,0.174,-0.4,1,0
2025,22,Las Vegas Grand Prix,2025-11-22,Las Vegas,VER,Max Verstappen,Red Bull Racing,2,2,1,25,Finished,108.257,107.934,0.323,-1.148325488,2.333333333,7,0,3,0.2,0.323,-3,0,1
2025,23,Qatar Grand Prix,2025-11-30,Lusail,VER,Max Verstappen,Red Bull Racing,3,3,1,25,Finished,79.651,79.387,0.264,-1.313878003,2.333333333,7.833333333,0,1,-1.6,0.108,-3.2,0,0
2025,24,Abu Dhabi Grand Prix,2025-12-07,Yas Island,VER,Max Verstappen,Red Bull Racing,1,1,1,25,Finished,82.207,82.207,0,-1.944522568,1.666666667,7.333333333,0,2.666666667,0.4,0.201,-3.6,0,0
2026,1,Australian Grand Prix,2026-03-08,Melbourne,VER,Max Verstappen,Red Bull Racing,20,,6,8,Finished,,78.518,,,1,6.5,0,10,2,0.293,-3.6,0,0
2026,2,Chinese Grand Prix,2026-03-15,Shanghai,VER,Max Verstappen,Red Bull Racing,8,8,16,0,Retired,93.002,92.064,0.938,-0.5109271027,2.666666667,8.666666667,0,2.5,-0.7,0.222,-4,0,0
2026,3,Japanese Grand Prix,2026-03-29,Suzuka,VER,Max Verstappen,Red Bull Racing,11,11,8,4,Finished,90.262,88.778,1.484,-0.17390429,7.666666667,10.83333333,0.2,1,-0.6,0.298,1.25,0,0
2026,4,Miami Grand Prix,2026-05-03,Miami,VER,Max Verstappen,Red Bull Racing,2,2,5,10,Finished,87.964,87.798,0.166,-1.048301965,10,11.66666667,0.2,2,2,0.166,0.75,0,1
2026,5,Canadian Grand Prix,2026-05-24,Montréal,VER,Max Verstappen,Red Bull Racing,6,6,3,15,Finished,72.907,72.578,0.329,-0.9141269597,9.666666667,11.83333333,0.2,1.25,-1.7,0.068,2,0,0
2026,6,Monaco Grand Prix,2026-06-07,Monaco,VER,Max Verstappen,Red Bull Racing,2,2,22,0,Retired,72.094,72.051,0.043,-1.326329388,5.333333333,9.166666667,0.2,3.5,-4,0.043,1.25,0,1
2026,7,Barcelona Grand Prix,2026-06-14,Barcelona,VER,Max Verstappen,Red Bull Racing,5,5,4,12,Finished,75.021,74.679,0.342,-0.9302595959,10,10,0.4,3.25,2.1,0.064,5,0,0
2026,8,Austrian Grand Prix,2026-06-28,Spielberg,VER,Max Verstappen,Red Bull Racing,5,5,2,18,Finished,66.475,66.113,0.362,-0.8798792061,9.666666667,7.166666667,0.2,6.5,-1.2,0.236,3.2,0,0
2026,9,British Grand Prix,2026-07-05,Silverstone,VER,Max Verstappen,Red Bull Racing,7,7,20,0,Retired,88.893,88.111,0.782,-0.7471231466,9.333333333,7.166666667,0.2,3.75,-0.4,0.175,3.2,0,0
2026,10,Belgian Grand Prix,2026-07-19,Spa-Francorchamps,VER,Max Verstappen,Red Bull Racing,2,2,3,15,Finished,104.678,104.361,0.317,-1.037771759,8.666666667,7.166666667,0.2,2.5,1.8,0.317,5.2,0,0
2026,11,Hungarian Grand Prix,2026-07-26,Budapest,VER,Max Verstappen,Red Bull Racing,4,6,2,18,Finished,77.725,77.207,0.518,-0.9138815991,8.333333333,7,0.2,4,-1.5,0.012,6,0,0
2026,12,Dutch Grand Prix,2026-08-23,Zandvoort,VER,Max Verstappen,Red Bull Racing,7,7,22,0,Retired,71.618,71.163,0.455,-0.8867261073,8.333333333,7,0,1.5,0.1,0.102,1.2,0,0
2026,13,Italian Grand Prix,2026-09-06,Monza,VER,Max Verstappen,Red Bull Racing,5,6,3,15,Finished,82.07,81.786,0.284,-0.7932385265,9,7.666666667,0.2,2.25,3.6,0.06,4.4,0,0
2026,14,Spanish Grand Prix,2026-09-13,Madrid,VER,Max Verstappen,Red Bull Racing,3,3,2,18,Finished,91.964,91.824,0.14,-0.9197561246,9,9,0.2,,-2.1,0.011,4.4,0,1
2026,15,Azerbaijan Grand Prix,2026-09-26,Baku,VER,Max Verstappen,Red Bull Racing,8,8,2,18,Finished,103.706,102.526,1.18,-0.8462985582,9,9,0.2,2.25,-2.3,0.837,1.6,0,1
2026,16,Bahrain Grand Prix,2026-10-04,Kuala Lumpur,VER,Max Verstappen,Red Bull Racing,1,1,1,25,Finished,95.13,95.13,0,-1.513626979,2.333333333,5,0.2,,-0.2,0.298,0.2,0,0
2022,3,Australian Grand Prix,2022-04-10,Melbourne,VET,Sebastian Vettel,Aston Martin,17,18,19,0,Accident,81.149,77.868,3.281,1.912057192,,13.5,,,-0.9,0.286,,0,0
2022,4,Emilia Romagna Grand Prix,2022-04-24,Imola,VET,Sebastian Vettel,Aston Martin,13,9,8,4,Finished,79.957,78.793,1.164,-0.1388225343,19,14.16666667,1,,0.2,0.003,,1,0
2022,5,Miami Grand Prix,2022-05-08,Miami,VET,Sebastian Vettel,Aston Martin,20,13,17,0,Collision,90.214,88.796,1.418,0.2744146546,13.5,12.33333333,0.5,,-1.5,0.19,0,1,1
2022,6,Spanish Grand Prix,2022-05-22,Barcelona,VET,Sebastian Vettel,Aston Martin,16,16,11,0,+1 Lap,80.954,78.75,2.204,0.7732542082,14.66666667,12.66666667,0.3333333333,,1.9,0.323,1.333333333,0,0
2022,7,Monaco Grand Prix,2022-05-29,Monaco,VET,Sebastian Vettel,Aston Martin,9,9,10,1,Finished,72.613,71.376,1.237,-0.1700426277,12,11.83333333,0.25,,0.2,0.225,-0.25,0,1
2022,8,Azerbaijan Grand Prix,2022-06-12,Baku,VET,Sebastian Vettel,Aston Martin,9,9,6,8,Finished,103.091,101.359,1.732,-0.2762894476,12.66666667,12.83333333,0.2,,0.1,0.282,0,0,1
2022,9,Canadian Grand Prix,2022-06-19,Montréal,VET,Sebastian Vettel,Aston Martin,16,17,12,0,Finished,94.512,81.299,10,1.13149452,9,12,0,,-1.2,0.645,-0.8,0,0
2022,10,British Grand Prix,2022-07-03,Silverstone,VET,Sebastian Vettel,Aston Martin,18,18,9,2,Finished,102.666,100.19,2.476,1.253786623,9.333333333,11.33333333,0,,-0.4,0,-1.6,0,0
2022,11,Austrian Grand Prix,2022-07-10,Spielberg,VET,Sebastian Vettel,Aston Martin,18,20,17,0,+1 Lap,67.083,64.984,2.099,1.535415861,9,10.66666667,0,,0.3,0.029,-4.2,0,0
2022,12,French Grand Prix,2022-07-24,Le Castellet,VET,Sebastian Vettel,Aston Martin,12,14,11,0,Finished,93.276,90.872,2.404,0.717525795,12.66666667,12,0,,0.6,0.304,-3.8,0,0
2022,13,Hungarian Grand Prix,2022-07-31,Budapest,VET,Sebastian Vettel,Aston Martin,18,18,10,1,+1 Lap,79.273,77.377,1.896,1.100959607,12.33333333,11.83333333,0,,-1,0.044,-4.6,0,0
2022,14,Belgian Grand Prix,2022-08-28,Spa-Francorchamps,VET,Sebastian Vettel,Aston Martin,10,16,8,4,Finished,106.344,103.665,2.679,0.6768874005,12.66666667,12,0,,0.1,0.632,-5.6,0,0
2022,15,Dutch Grand Prix,2022-09-04,Zandvoort,VET,Sebastian Vettel,Aston Martin,19,19,14,0,Finished,72.391,70.342,2.049,1.226698765,9.666666667,10.16666667,0,,-0.4,0.021,-6.2,0,0
2022,16,Italian Grand Prix,2022-09-11,Monza,VET,Sebastian Vettel,Aston Martin,11,17,20,0,Engine,82.636,80.161,2.475,0.9350305711,10.66666667,10.66666667,0,,2,0.145,-5.4,0,0
2022,17,Singapore Grand Prix,2022-10-02,Marina Bay,VET,Sebastian Vettel,Aston Martin,13,14,8,4,Finished,114.38,109.412,4.968,0.4841907667,14,13.5,0.2,,-0.2,0.022,-4.2,0,1
2022,18,Japanese Grand Prix,2022-10-09,Suzuka,VET,Sebastian Vettel,Aston Martin,9,9,6,8,Finished,90.554,89.304,1.25,0.006401649919,14,12.66666667,0.2,,-2.4,0.01,-4.8,0,0
2022,19,United States Grand Prix,2022-10-23,Austin,VET,Sebastian Vettel,Aston Martin,10,12,8,4,Finished,96.398,94.356,2.042,0.4162197941,11.33333333,11.66666667,0.2,,2.2,0.065,-3.8,0,0
2022,20,Mexico City Grand Prix,2022-10-30,Mexico City,VET,Sebastian Vettel,Aston Martin,16,17,14,0,+1 Lap,80.419,77.775,2.644,1.126366529,7.333333333,9.666666667,0.2,,0.8,0.304,-3,0,0
2022,21,São Paulo Grand Prix,2022-11-13,São Paulo,VET,Sebastian Vettel,Aston Martin,9,13,11,0,Finished,71.678,71.41,0.268,-0.502633647,9.333333333,12.16666667,0.2,,-1,0,-2.6,0,0
2022,22,Abu Dhabi Grand Prix,2022-11-20,Yas Island,VET,Sebastian Vettel,Aston Martin,9,9,10,1,Finished,84.961,83.824,1.137,-0.1152694768,11,12.66666667,0,,-1.7,0.228,-3.6,0,0
2022,1,Bahrain Grand Prix,2022-03-20,Sakhir,ZHO,Guanyu Zhou,Alfa Romeo,15,15,10,1,Finished,92.493,90.558,1.935,0.6917117199,,,,,,0.123,,0,0
2022,2,Saudi Arabian Grand Prix,2022-03-27,Jeddah,ZHO,Guanyu Zhou,Alfa Romeo,12,13,11,0,Finished,89.819,88.2,1.619,0.3057757603,10,8,0,,,0.025,,0,1
2022,3,Australian Grand Prix,2022-04-10,Melbourne,ZHO,Guanyu Zhou,Alfa Romeo,14,14,11,0,Finished,79.91,77.868,2.042,0.6225442614,10.5,10.5,0,,0.5,0.286,-3.5,0,0
2022,4,Emilia Romagna Grand Prix,2022-04-24,Imola,ZHO,Guanyu Zhou,Alfa Romeo,20,14,15,0,+1 Lap,79.73,78.793,0.937,-0.3808361116,10.66666667,10.16666667,0,,-2,0.003,-3.333333333,1,0
2022,5,Miami Grand Prix,2022-05-08,Miami,ZHO,Guanyu Zhou,Alfa Romeo,17,17,20,0,Water leak,91.02,88.796,2.224,1.314866752,12.33333333,10.83333333,0,,0.2,0.19,-2.25,0,1
2022,6,Spanish Grand Prix,2022-05-22,Barcelona,ZHO,Guanyu Zhou,Alfa Romeo,15,15,19,0,Power loss,80.476,78.75,1.726,0.241548085,15.33333333,11,0.2,,0.7,0.323,-1.2,0,0
2022,7,Monaco Grand Prix,2022-05-29,Monaco,ZHO,Guanyu Zhou,Alfa Romeo,20,20,16,0,+1 Lap,75.606,71.376,4.23,2.696403922,18,12,0.4,,0.3,0.225,0.6,0,1
2022,8,Azerbaijan Grand Prix,2022-06-12,Baku,ZHO,Guanyu Zhou,Alfa Romeo,14,14,18,0,Hydraulics,103.777,101.359,2.418,0.2535807259,18.33333333,12.83333333,0.4,,0.7,0.282,0.2,0,1
2022,9,Canadian Grand Prix,2022-06-19,Montréal,ZHO,Guanyu Zhou,Alfa Romeo,10,10,8,4,Finished,84.03,81.299,2.731,-0.646252109,17.66666667,13.16666667,0.6,,-0.2,0.645,1.6,0,0
2022,10,British Grand Prix,2022-07-03,Silverstone,ZHO,Guanyu Zhou,Alfa Romeo,9,9,19,0,Collision,100.791,100.19,0.601,-0.7023208143,14,11.5,0.6,,0.2,0,1,0,0
2022,11,Austrian Grand Prix,2022-07-10,Spielberg,ZHO,Guanyu Zhou,Alfa Romeo,13,18,14,0,+1 Lap,66.901,64.984,1.917,1.255508327,15,13.33333333,0.6,,1.9,0.029,2.4,0,0
2022,12,French Grand Prix,2022-07-24,Le Castellet,ZHO,Guanyu Zhou,Alfa Romeo,16,18,16,0,+6 Laps,93.674,90.872,2.802,1.140193251,13.66666667,12.66666667,0.4,,-1.1,0.304,0.8,0,0
2022,13,Hungarian Grand Prix,2022-07-31,Budapest,ZHO,Guanyu Zhou,Alfa Romeo,12,12,13,0,+1 Lap,78.573,77.377,1.196,0.1512717143,16.33333333,15.16666667,0.4,,2,0.044,1.2,0,0
2022,14,Belgian Grand Prix,2022-08-28,Spa-Francorchamps,ZHO,Guanyu Zhou,Alfa Romeo,18,13,14,0,Finished,106.085,103.665,2.42,0.4084951214,14.33333333,14.66666667,0.2,,0.7,0.632,0.6,1,0
2022,15,Dutch Grand Prix,2022-09-04,Zandvoort,ZHO,Guanyu Zhou,Alfa Romeo,14,14,16,0,Finished,71.704,70.342,1.362,0.316561013,14.33333333,16,0.2,,-0.1,0.021,1.2,0,0
2022,16,Italian Grand Prix,2022-09-11,Monza,ZHO,Guanyu Zhou,Alfa Romeo,9,14,10,1,Finished,82.003,80.161,1.842,0.1712724557,14.33333333,16.83333333,0,,-1,0.145,-0.4,0,0
2022,17,Singapore Grand Prix,2022-10-02,Marina Bay,ZHO,Guanyu Zhou,Alfa Romeo,14,15,20,0,Collision,115.375,109.412,5.963,0.834798301,13.33333333,15.16666667,0,,-2.2,0.022,-0.4,0,1
2022,18,Japanese Grand Prix,2022-10-09,Suzuka,ZHO,Guanyu Zhou,Alfa Romeo,14,14,16,0,Finished,90.894,89.304,1.59,0.4847666988,15.33333333,14.83333333,0.2,,1.4,0.01,1,0,0
2022,19,United States Grand Prix,2022-10-23,Austin,ZHO,Guanyu Zhou,Alfa Romeo,18,14,12,0,Finished,96.656,94.356,2.3,0.670475049,15.33333333,14.16666667,0.2,,1.2,0.065,1.2,1,0
2022,20,Mexico City Grand Prix,2022-10-30,Mexico City,ZHO,Guanyu Zhou,Alfa Romeo,12,12,13,0,+1 Lap,79.476,77.775,1.701,0.2050692466,16,15.5,0.2,,-1.4,0.304,0.6,0,0
2022,21,São Paulo Grand Prix,2022-11-13,São Paulo,ZHO,Guanyu Zhou,Alfa Romeo,13,17,12,0,Finished,75.197,71.41,3.787,1.396306504,13.66666667,14.16666667,0.2,,-1.9,0,0.4,0,0
2022,22,Abu Dhabi Grand Prix,2022-11-20,Yas Island,ZHO,Guanyu Zhou,Alfa Romeo,15,15,12,0,+1 Lap,85.408,83.824,1.584,0.5336657387,12.33333333,12.5,0.2,,0.9,0.228,0.2,0,0
2023,1,Bahrain Grand Prix,2023-03-05,Sakhir,ZHO,Guanyu Zhou,Alfa Romeo,13,13,16,0,Lapped,91.473,89.708,1.765,0.5666756609,12.33333333,11.83333333,0,10,-0.2,0.138,-1.4,0,0
2023,2,Saudi Arabian Grand Prix,2023-03-19,Jeddah,ZHO,Guanyu Zhou,Alfa Romeo,11,12,13,0,Finished,89.461,88.265,1.196,-0.1363779996,13.33333333,12,0,11,1,0.155,-1.2,0,1
2023,3,Australian Grand Prix,2023-04-02,Melbourne,ZHO,Guanyu Zhou,Alfa Romeo,17,17,9,2,Finished,78.54,76.732,1.808,1.292630489,13.66666667,13.66666667,0,11,0.3,0.236,-0.6,0,0
2023,4,Azerbaijan Grand Prix,2023-04-30,Baku,ZHO,Guanyu Zhou,Alfa Romeo,15,16,19,0,Retired,102.642,100.203,2.439,0.1991105119,12.66666667,12.5,0,18,-0.4,0.188,-2.4,0,1
2023,5,Miami Grand Prix,2023-05-07,Miami,ZHO,Guanyu Zhou,Alfa Romeo,14,14,16,0,Finished,88.091,86.841,1.25,0.5699979163,13.66666667,14.66666667,0.2,20,1.4,0.256,-0.8,0,1
2023,6,Monaco Grand Prix,2023-05-28,Monaco,ZHO,Guanyu Zhou,Alfa Romeo,19,19,13,0,Lapped,73.523,71.365,2.158,1.565770014,14.66666667,14.33333333,0.2,16,-1.7,0.084,0.2,0,1
2023,7,Spanish Grand Prix,2023-06-04,Barcelona,ZHO,Guanyu Zhou,Alfa Romeo,13,13,9,2,Finished,73.521,72.272,1.249,0.2599956515,16,15,0.2,19,0.9,0.462,-1.6,0,0
2023,8,Canadian Grand Prix,2023-06-18,Montréal,ZHO,Guanyu Zhou,Alfa Romeo,20,20,16,0,Lapped,83.342,79.092,4.25,1.607281543,12.66666667,13.5,0.2,8,-0.6,1.213,-2.6,0,0
2023,9,Austrian Grand Prix,2023-07-02,Spielberg,ZHO,Guanyu Zhou,Alfa Romeo,17,17,12,0,Lapped,65.818,64.391,1.427,1.068908885,12.66666667,13,0.2,14,-0.1,0.048,-1.8,0,0
2023,10,British Grand Prix,2023-07-09,Silverstone,ZHO,Guanyu Zhou,Alfa Romeo,17,17,15,0,Finished,90.123,86.72,3.403,1.017060665,12.33333333,13.5,0,19,0,0.241,-3.4,0,0
2023,11,Hungarian Grand Prix,2023-07-23,Budapest,ZHO,Guanyu Zhou,Alfa Romeo,5,5,16,0,Lapped,76.971,76.609,0.362,-0.7965125124,14.33333333,13.33333333,0,13,-0.3,0.003,-4.2,0,0
2023,12,Belgian Grand Prix,2023-07-30,Spa-Francorchamps,ZHO,Guanyu Zhou,Alfa Romeo,17,17,13,0,Finished,120.832,106.168,10,1.164285816,14.33333333,13.66666667,0,14,0.1,0.82,-0.8,0,0
2023,13,Dutch Grand Prix,2023-08-27,Zandvoort,ZHO,Guanyu Zhou,Alfa Romeo,15,16,18,0,Accident,82.067,70.567,10,0.9823244444,14.66666667,13.33333333,0,16,0.1,0.537,-0.8,0,0
2023,14,Italian Grand Prix,2023-09-03,Monza,ZHO,Guanyu Zhou,Alfa Romeo,16,16,14,0,Finished,82.39,80.294,2.096,1.101008883,15.66666667,14.16666667,0.2,10,0.1,0.013,0.4,0,0
2023,15,Singapore Grand Prix,2023-09-17,Marina Bay,ZHO,Guanyu Zhou,Alfa Romeo,19,19,12,0,Finished,93.258,90.984,2.274,1.545502126,15,13.5,0.2,20,0.2,0.072,1,0,1
2023,16,Japanese Grand Prix,2023-09-24,Suzuka,ZHO,Guanyu Zhou,Alfa Romeo,19,19,13,0,Lapped,91.398,88.877,2.521,1.613622527,14.66666667,14.16666667,0.2,16,1.8,0.581,0,0,0
2023,17,Qatar Grand Prix,2023-10-08,Lusail,ZHO,Guanyu Zhou,Alfa Romeo,19,20,9,2,Finished,87.432,83.778,3.654,2.09700032,13,14.33333333,0.2,,-1.7,0.441,-3.4,0,0
2023,18,United States Grand Prix,2023-10-22,Austin,ZHO,Guanyu Zhou,Alfa Romeo,12,12,13,0,Lapped,95.698,94.723,0.975,0.1776732265,11.33333333,13.16666667,0.2,12,-2,0.13,-4.8,0,0
2023,19,Mexico City Grand Prix,2023-10-29,Mexico City,ZHO,Guanyu Zhou,Alfa Romeo,10,10,14,0,Finished,78.05,77.166,0.884,-0.2393527602,11.66666667,12.5,0,13,1.8,0.067,-5,0,0
2023,20,São Paulo Grand Prix,2023-11-05,São Paulo,ZHO,Guanyu Zhou,Alfa Romeo,20,20,17,0,Retired,71.275,70.162,1.113,2.351113595,12,11.83333333,0,12,0.9,0.141,-3.8,0,0
2023,21,Las Vegas Grand Prix,2023-11-18,Las Vegas,ZHO,Guanyu Zhou,Alfa Romeo,17,18,15,0,Finished,94.849,92.726,2.123,1.043019903,14.66666667,14.5,0.2,,0.7,0.044,-3,0,1
2023,22,Abu Dhabi Grand Prix,2023-11-26,Yas Island,ZHO,Guanyu Zhou,Alfa Romeo,19,19,17,0,Finished,85.159,83.445,1.714,2.113770454,15.33333333,15.66666667,0.2,12,0.4,0.139,-2.4,0,0
2024,1,Bahrain Grand Prix,2024-03-02,Sakhir,ZHO,Guanyu Zhou,Kick Sauber,17,17,11,0,Lapped,90.757,89.179,1.578,1.275433223,16.33333333,16.83333333,0.2,13,,0,-0.6,0,0
2024,2,Saudi Arabian Grand Prix,2024-03-09,Jeddah,ZHO,Guanyu Zhou,Kick Sauber,20,20,18,0,Lapped,,87.472,,,14.33333333,16.33333333,0.2,12,,0.319,-2,0,1
2024,3,Australian Grand Prix,2024-03-24,Melbourne,ZHO,Guanyu Zhou,Kick Sauber,19,19,15,0,Lapped,78.188,75.915,2.273,1.66375789,15.33333333,16.83333333,0.2,10,-0.3,0.27,-3.2,0,0
2024,4,Japanese Grand Prix,2024-04-07,Suzuka,ZHO,Guanyu Zhou,Kick Sauber,20,20,18,0,Retired,90.143,88.197,1.946,1.281391886,14.66666667,15.66666667,0,14.5,-0.9,0.066,-3.4,0,0
2024,5,Chinese Grand Prix,2024-04-21,Shanghai,ZHO,Guanyu Zhou,Kick Sauber,16,16,14,0,Finished,95.505,93.66,1.845,0.9543691779,17,16,0.2,,1.5,0.322,-3.2,0,0
2024,6,Miami Grand Prix,2024-05-05,Miami,ZHO,Guanyu Zhou,Kick Sauber,19,20,14,0,Finished,88.824,87.241,1.583,1.647423967,15.66666667,15.83333333,0.2,18,0,0.141,-3.2,0,1
2024,7,Emilia Romagna Grand Prix,2024-05-19,Imola,ZHO,Guanyu Zhou,Kick Sauber,17,17,15,0,Lapped,76.834,74.746,2.088,1.553851522,15.33333333,16,0.2,15,-0.4,0.074,-3.2,0,0
2024,8,Monaco Grand Prix,2024-05-26,Monaco,ZHO,Guanyu Zhou,Kick Sauber,18,18,16,0,Lapped,73.028,70.27,2.758,2.273092309,14.33333333,16.16666667,0.2,14.5,-0.5,0.154,-3.2,0,1
2024,9,Canadian Grand Prix,2024-06-09,Montréal,ZHO,Guanyu Zhou,Kick Sauber,20,20,15,0,Lapped,74.292,71.742,2.55,2.293337254,15,15.33333333,0.2,12,-0.9,0.258,-2.8,0,0
2024,10,Spanish Grand Prix,2024-06-23,Barcelona,ZHO,Guanyu Zhou,Kick Sauber,15,15,13,0,Lapped,72.738,71.383,1.355,0.7807865146,15.33333333,15,0,14,0.5,0.02,-3.4,0,0
2024,11,Austrian Grand Prix,2024-06-30,Spielberg,ZHO,Guanyu Zhou,Kick Sauber,20,20,17,0,Lapped,66.061,64.314,1.747,1.724831073,14.66666667,14.33333333,0,13,0.4,0.404,-3.4,0,0
2024,12,British Grand Prix,2024-07-07,Silverstone,ZHO,Guanyu Zhou,Kick Sauber,14,14,18,0,Lapped,87.867,85.819,2.048,-0.2087331529,15,15,0,17,0.2,0.171,-2.8,0,0
2024,13,Hungarian Grand Prix,2024-07-21,Budapest,ZHO,Guanyu Zhou,Kick Sauber,18,18,19,0,Lapped,78.037,75.227,2.81,1.563271241,16,15.83333333,0,14.5,0.1,0.022,-1.6,0,0
2024,14,Belgian Grand Prix,2024-07-28,Spa-Francorchamps,ZHO,Guanyu Zhou,Kick Sauber,19,20,19,0,Retired,117.775,113.159,4.616,2.199148096,18,16.83333333,0,13.5,0.1,0.595,-1,0,0
2024,15,Dutch Grand Prix,2024-08-25,Zandvoort,ZHO,Guanyu Zhou,Kick Sauber,17,18,20,0,Lapped,73.261,69.673,3.588,2.649352575,18.66666667,17,0.2,17,0.6,0.356,-0.2,0,0
2024,16,Italian Grand Prix,2024-09-01,Monza,ZHO,Guanyu Zhou,Kick Sauber,20,20,18,0,Lapped,81.445,79.327,2.118,1.689598176,19.33333333,18,0.2,12,0.3,0.109,0.6,0,0
2024,17,Azerbaijan Grand Prix,2024-09-15,Baku,ZHO,Guanyu Zhou,Kick Sauber,17,18,14,0,Finished,104.246,101.365,2.881,1.654822614,19,17.83333333,0.2,18.5,-0.8,0.321,0.8,0,1
2024,18,Singapore Grand Prix,2024-09-22,Marina Bay,ZHO,Guanyu Zhou,Kick Sauber,20,20,15,0,Lapped,92.054,89.525,2.529,2.301255559,17.33333333,17.16666667,0.2,16,-0.4,0.155,-0.8,0,1
2024,19,United States Grand Prix,2024-10-20,Austin,ZHO,Guanyu Zhou,Kick Sauber,18,20,19,0,Lapped,94.228,92.33,1.898,1.45328933,15.66666667,15.83333333,0.2,12.5,0.3,0.031,-2,0,0
2024,20,Mexico City Grand Prix,2024-10-27,Mexico City,ZHO,Guanyu Zhou,Kick Sauber,19,20,15,0,Lapped,78.072,75.946,2.126,1.856249982,16,16.16666667,0,13.5,0,0.225,-2,0,0
2024,21,São Paulo Grand Prix,2024-11-03,São Paulo,ZHO,Guanyu Zhou,Kick Sauber,19,20,15,0,Finished,92.263,83.405,8.858,1.579052604,16.33333333,16,0,14.5,-1.2,0.173,-3.4,0,0
2024,22,Las Vegas Grand Prix,2024-11-23,Las Vegas,ZHO,Guanyu Zhou,Kick Sauber,13,13,13,0,Finished,93.566,92.312,1.254,0.2764091019,16.33333333,15.5,0,15,0.8,0.098,-4,0,1
2024,23,Qatar Grand Prix,2024-12-01,Lusail,ZHO,Guanyu Zhou,Kick Sauber,12,12,8,4,Finished,81.501,80.52,0.981,-0.03600108734,14.33333333,14.66666667,0,9,-0.6,0.055,-3.2,0,0
2024,24,Abu Dhabi Grand Prix,2024-12-08,Yas Island,ZHO,Guanyu Zhou,Kick Sauber,15,17,13,0,Lapped,83.88,82.595,1.285,1.205056493,12,13,0,14.5,-0.5,0.209,-3,0,0
