,rmse,mae,top1,top3
Pole baseline,4.686313952515182,3.252136752136752,0.6666666666666666,0.9583333333333334
Linear Regression,4.220982878646139,3.246855457581762,0.5833333333333334,1.0
Random Forest (tuned),4.209066230779535,3.201220940309198,0.4583333333333333,0.9166666666666666
XGBoost (tuned),4.238834393585623,3.251024392934946,0.4583333333333333,0.9166666666666666
