DriverNumber,BroadcastName,Abbreviation,DriverId,TeamName,TeamColor,TeamId,FirstName,LastName,FullName,HeadshotUrl,CountryCode,Position,ClassifiedPosition,GridPosition,Q1,Q2,Q3,Time,Status,Points,Laps,Year,Round,EventName,EventDate,Circuit
63,G RUSSELL,RUS,russell,Mercedes,00D7B6,mercedes,George,Russell,George Russell,https://media.formula1.com/d_driver_fallback_image.png/content/dam/fom-website/drivers/G/GEORUS01_George_Russell/georus01.png.transform/1col/image.png,,1.0,,,0 days 00:01:19.507000,0 days 00:01:18.934000,0 days 00:01:18.518000,,,,,2026,1,Australian Grand Prix,2026-03-08,Melbourne
12,K ANTONELLI,ANT,antonelli,Mercedes,00D7B6,mercedes,Kimi,Antonelli,Kimi Antonelli,https://media.formula1.com/d_driver_fallback_image.png/content/dam/fom-website/drivers/K/ANDANT01_Kimi_Antonelli/andant01.png.transform/1col/image.png,,2.0,,,0 days 00:01:20.120000,0 days 00:01:19.435000,0 days 00:01:18.811000,,,,,2026,1,Australian Grand Prix,2026-03-08,Melbourne
6,I HADJAR,HAD,hadjar,Red Bull Racing,4781D7,red_bull,Isack,Hadjar,Isack Hadjar,https://media.formula1.com/d_driver_fallback_image.png/content/dam/fom-website/drivers/I/ISAHAD01_Isack_Hadjar/isahad01.png.transform/1col/image.png,,3.0,,,0 days 00:01:20.023000,0 days 00:01:19.653000,0 days 00:01:19.303000,,,,,2026,1,Australian Grand Prix,2026-03-08,Melbourne
16,C LECLERC,LEC,leclerc,Ferrari,ED1131,ferrari,Charles,Leclerc,Charles Leclerc,https://media.formula1.com/d_driver_fallback_image.png/content/dam/fom-website/drivers/C/CHALEC01_Charles_Leclerc/chalec01.png.transform/1col/image.png,,4.0,,,0 days 00:01:20.226000,0 days 00:01:19.357000,0 days 00:01:19.327000,,,,,2026,1,Australian Grand Prix,2026-03-08,Melbourne
81,O PIASTRI,PIA,piastri,McLaren,F47600,mclaren,Oscar,Piastri,Oscar Piastri,https://media.formula1.com/d_driver_fallback_image.png/content/dam/fom-website/drivers/O/OSCPIA01_Oscar_Piastri/oscpia01.png.transform/1col/image.png,,5.0,,,0 days 00:01:19.664000,0 days 00:01:19.525000,0 days 00:01:19.380000,,,,,2026,1,Australian Grand Prix,2026-03-08,Melbourne
1,L NORRIS,NOR,norris,McLaren,F47600,mclaren,Lando,Norris,Lando Norris,https://media.formula1.com/d_driver_fallback_image.png/content/dam/fom-website/drivers/L/LANNOR01_Lando_Norris/lannor01.png.transform/1col/image.png,,6.0,,,0 days 00:01:20.010000,0 days 00:01:19.882000,0 days 00:01:19.475000,,,,,2026,1,Australian Grand Prix,2026-03-08,Melbourne
44,L HAMILTON,HAM,hamilton,Ferrari,ED1131,ferrari,Lewis,Hamilton,Lewis Hamilton,https://media.formula1.com/d_driver_fallback_image.png/content/dam/fom-website/drivers/L/LEWHAM01_Lewis_Hamilton/lewham01.png.transform/1col/image.png,,7.0,,,0 days 00:01:19.811000,0 days 00:01:19.921000,0 days 00:01:19.478000,,,,,2026,1,Australian Grand Prix,2026-03-08,Melbourne
30,L LAWSON,LAW,lawson,Racing Bulls,6C98FF,rb,Liam,Lawson,Liam Lawson,https://media.formula1.com/d_driver_fallback_image.png/content/dam/fom-website/drivers/L/LIALAW01_Liam_Lawson/lialaw01.png.transform/1col/image.png,,8.0,,,0 days 00:01:20.491000,0 days 00:01:20.144000,0 days 00:01:19.994000,,,,,2026,1,Australian Grand Prix,2026-03-08,Melbourne
41,A LINDBLAD,LIN,arvid_lindblad,Racing Bulls,6C98FF,rb,Arvid,Lindblad,Arvid Lindblad,https://media.formula1.com/d_driver_fallback_image.png/content/dam/fom-website/drivers/A/ARVLIN01_Arvid_Lindblad/arvlin01.png.transform/1col/image.png,,9.0,,,0 days 00:01:20.409000,0 days 00:01:19.971000,0 days 00:01:21.247000,,,,,2026,1,Australian Grand Prix,2026-03-08,Melbourne
5,G BORTOLETO,BOR,bortoleto,Audi,F50537,audi,Gabriel,Bortoleto,Gabriel Bortoleto,https://media.formula1.com/d_driver_fallback_image.png/content/dam/fom-website/drivers/G/GABBOR01_Gabriel_Bortoleto/gabbor01.png.transform/1col/image.png,,10.0,,,0 days 00:01:20.495000,0 days 00:01:20.221000,,,,,,2026,1,Australian Grand Prix,2026-03-08,Melbourne
27,N HULKENBERG,HUL,hulkenberg,Audi,F50537,audi,Nico,Hulkenberg,Nico Hulkenberg,https://media.formula1.com/d_driver_fallback_image.png/content/dam/fom-website/drivers/N/NICHUL01_Nico_Hulkenberg/nichul01.png.transform/1col/image.png,,11.0,,,0 days 00:01:21.024000,0 days 00:01:20.303000,,,,,,2026,1,Australian Grand Prix,2026-03-08,Melbourne
87,O BEARMAN,BEA,bearman,Haas F1 Team,9C9FA2,haas,Oliver,Bearman,Oliver Bearman,https://media.formula1.com/d_driver_fallback_image.png/content/dam/fom-website/drivers/O/OLIBEA01_Oliver_Bearman/olibea01.png.transform/1col/image.png,,12.0,,,0 days 00:01:21.247000,0 days 00:01:20.311000,,,,,,2026,1,Australian Grand Prix,2026-03-08,Melbourne
31,E OCON,OCO,ocon,Haas F1 Team,9C9FA2,haas,Esteban,Ocon,Esteban Ocon,https://media.formula1.com/d_driver_fallback_image.png/content/dam/fom-website/drivers/E/ESTOCO01_Esteban_Ocon/estoco01.png.transform/1col/image.png,,13.0,,,0 days 00:01:20.759000,0 days 00:01:20.491000,,,,,,2026,1,Australian Grand Prix,2026-03-08,Melbourne
10,P GASLY,GAS,gasly,Alpine,00A1E8,alpine,Pierre,Gasly,Pierre Gasly,https://media.formula1.com/d_driver_fallback_image.png/content/dam/fom-website/drivers/P/PIEGAS01_Pierre_Gasly/piegas01.png.transform/1col/image.png,,14.0,,,0 days 00:01:21.138000,0 days 00:01:20.501000,,,,,,2026,1,Australian Grand Prix,2026-03-08,Melbourne
23,A ALBON,ALB,albon,Williams,1868DB,williams,Alexander,Albon,Alexander Albon,https://media.formula1.com/d_driver_fallback_image.png/content/dam/fom-website/drivers/A/ALEALB01_Alexander_Albon/alealb01.png.transform/1col/image.png,,15.0,,,0 days 00:01:21.051000,0 days 00:01:20.941000,,,,,,2026,1,Australian Grand Prix,2026-03-08,Melbourne
43,F COLAPINTO,COL,colapinto,Alpine,00A1E8,alpine,Franco,Colapinto,Franco Colapinto,https://media.formula1.com/d_driver_fallback_image.png/content/dam/fom-website/drivers/F/FRACOL01_Franco_Colapinto/fracol01.png.transform/1col/image.png,,16.0,,,0 days 00:01:21.200000,0 days 00:01:21.270000,,,,,,2026,1,Australian Grand Prix,2026-03-08,Melbourne
14,F ALONSO,ALO,alonso,Aston Martin,229971,aston_martin,Fernando,Alonso,Fernando Alonso,https://media.formula1.com/d_driver_fallback_image.png/content/dam/fom-website/drivers/F/FERALO01_Fernando_Alonso/feralo01.png.transform/1col/image.png,,17.0,,,0 days 00:01:21.969000,,,,,,,2026,1,Australian Grand Prix,2026-03-08,Melbourne
11,S PEREZ,PER,perez,Cadillac,909090,cadillac,Sergio,Perez,Sergio Perez,https://media.formula1.com/d_driver_fallback_image.png/content/dam/fom-website/drivers/S/SERPER01_Sergio_Perez/serper01.png.transform/1col/image.png,,18.0,,,0 days 00:01:22.605000,,,,,,,2026,1,Australian Grand Prix,2026-03-08,Melbourne
77,V BOTTAS,BOT,bottas,Cadillac,909090,cadillac,Valtteri,Bottas,Valtteri Bottas,https://media.formula1.com/d_driver_fallback_image.png/content/dam/fom-website/drivers/V/VALBOT01_Valtteri_Bottas/valbot01.png.transform/1col/image.png,,19.0,,,0 days 00:01:23.244000,,,,,,,2026,1,Australian Grand Prix,2026-03-08,Melbourne
18,L STROLL,STR,nan,Aston Martin,229971,nan,Lance,Stroll,Lance Stroll,https://media.formula1.com/d_driver_fallback_image.png/content/dam/fom-website/drivers/L/LANSTR01_Lance_Stroll/lanstr01.png.transform/1col/image.png,,,,,,,,,,,,2026,1,Australian Grand Prix,2026-03-08,Melbourne
3,M VERSTAPPEN,VER,nan,Red Bull Racing,4781D7,nan,Max,Verstappen,Max Verstappen,https://media.formula1.com/d_driver_fallback_image.png/content/dam/fom-website/drivers/M/MAXVER01_Max_Verstappen/maxver01.png.transform/1col/image.png,,,,,,,,,,,,2026,1,Australian Grand Prix,2026-03-08,Melbourne
55,C SAINZ,SAI,nan,Williams,1868DB,nan,Carlos,Sainz,Carlos Sainz,https://media.formula1.com/d_driver_fallback_image.png/content/dam/fom-website/drivers/C/CARSAI01_Carlos_Sainz/carsai01.png.transform/1col/image.png,,,,,,,,,,,,2026,1,Australian Grand Prix,2026-03-08,Melbourne
12,K ANTONELLI,ANT,antonelli,Mercedes,00D7B6,mercedes,Kimi,Antonelli,Kimi Antonelli,https://media.formula1.com/d_driver_fallback_image.png/content/dam/fom-website/drivers/K/ANDANT01_Kimi_Antonelli/andant01.png.transform/1col/image.png,,1.0,,,0 days 00:01:33.305000,0 days 00:01:32.443000,0 days 00:01:32.064000,,,,,2026,2,Chinese Grand Prix,2026-03-15,Shanghai
63,G RUSSELL,RUS,russell,Mercedes,00D7B6,mercedes,George,Russell,George Russell,https://media.formula1.com/d_driver_fallback_image.png/content/dam/fom-website/drivers/G/GEORUS01_George_Russell/georus01.png.transform/1col/image.png,,2.0,,,0 days 00:01:33.262000,0 days 00:01:32.523000,0 days 00:01:32.286000,,,,,2026,2,Chinese Grand Prix,2026-03-15,Shanghai
44,L HAMILTON,HAM,hamilton,Ferrari,ED1131,ferrari,Lewis,Hamilton,Lewis Hamilton,https://media.formula1.com/d_driver_fallback_image.png/content/dam/fom-website/drivers/L/LEWHAM01_Lewis_Hamilton/lewham01.png.transform/1col/image.png,,3.0,,,0 days 00:01:33.522000,0 days 00:01:32.567000,0 days 00:01:32.415000,,,,,2026,2,Chinese Grand Prix,2026-03-15,Shanghai
16,C LECLERC,LEC,leclerc,Ferrari,ED1131,ferrari,Charles,Leclerc,Charles Leclerc,https://media.formula1.com/d_driver_fallback_image.png/content/dam/fom-website/drivers/C/CHALEC01_Charles_Leclerc/chalec01.png.transform/1col/image.png,,4.0,,,0 days 00:01:33.175000,0 days 00:01:32.486000,0 days 00:01:32.428000,,,,,2026,2,Chinese Grand Prix,2026-03-15,Shanghai
81,O PIASTRI,PIA,piastri,McLaren,F47600,mclaren,Oscar,Piastri,Oscar Piastri,https://media.formula1.com/d_driver_fallback_image.png/content/dam/fom-website/drivers/O/OSCPIA01_Oscar_Piastri/oscpia01.png.transform/1col/image.png,,5.0,,,0 days 00:01:33.590000,0 days 00:01:33.130000,0 days 00:01:32.550000,,,,,2026,2,Chinese Grand Prix,2026-03-15,Shanghai
1,L NORRIS,NOR,norris,McLaren,F47600,mclaren,Lando,Norris,Lando Norris,https://media.formula1.com/d_driver_fallback_image.png/content/dam/fom-website/drivers/L/LANNOR01_Lando_Norris/lannor01.png.transform/1col/image.png,,6.0,,,0 days 00:01:33.535000,0 days 00:01:32.910000,0 days 00:01:32.608000,,,,,2026,2,Chinese Grand Prix,2026-03-15,Shanghai
10,P GASLY,GAS,gasly,Alpine,00A1E8,alpine,Pierre,Gasly,Pierre Gasly,https://media.formula1.com/d_driver_fallback_image.png/content/dam/fom-website/drivers/P/PIEGAS01_Pierre_Gasly/piegas01.png.transform/1col/image.png,,7.0,,,0 days 00:01:33.788000,0 days 00:01:33.003000,0 days 00:01:32.873000,,,,,2026,2,Chinese Grand Prix,2026-03-15,Shanghai
3,M VERSTAPPEN,VER,max_verstappen,Red Bull Racing,4781D7,red_bull,Max,Verstappen,Max Verstappen,https://media.formula1.com/d_driver_fallback_image.png/content/dam/fom-website/drivers/M/MAXVER01_Max_Verstappen/maxver01.png.transform/1col/image.png,,8.0,,,0 days 00:01:33.417000,0 days 00:01:33.098000,0 days 00:01:33.002000,,,,,2026,2,Chinese Grand Prix,2026-03-15,Shanghai
6,I HADJAR,HAD,hadjar,Red Bull Racing,4781D7,red_bull,Isack,Hadjar,Isack Hadjar,https://media.formula1.com/d_driver_fallback_image.png/content/dam/fom-website/drivers/I/ISAHAD01_Isack_Hadjar/isahad01.png.transform/1col/image.png,,9.0,,,0 days 00:01:33.632000,0 days 00:01:33.352000,0 days 00:01:33.121000,,,,,2026,2,Chinese Grand Prix,2026-03-15,Shanghai
87,O BEARMAN,BEA,bearman,Haas F1 Team,9C9FA2,haas,Oliver,Bearman,Oliver Bearman,https://media.formula1.com/d_driver_fallback_image.png/content/dam/fom-website/drivers/O/OLIBEA01_Oliver_Bearman/olibea01.png.transform/1col/image.png,,10.0,,,0 days 00:01:33.687000,0 days 00:01:33.197000,0 days 00:01:33.292000,,,,,2026,2,Chinese Grand Prix,2026-03-15,Shanghai
27,N HULKENBERG,HUL,hulkenberg,Audi,F50537,audi,Nico,Hulkenberg,Nico Hulkenberg,https://media.formula1.com/d_driver_fallback_image.png/content/dam/fom-website/drivers/N/NICHUL01_Nico_Hulkenberg/nichul01.png.transform/1col/image.png,,11.0,,,0 days 00:01:34.116000,0 days 00:01:33.354000,,,,,,2026,2,Chinese Grand Prix,2026-03-15,Shanghai
43,F COLAPINTO,COL,colapinto,Alpine,00A1E8,alpine,Franco,Colapinto,Franco Colapinto,https://media.formula1.com/d_driver_fallback_image.png/content/dam/fom-website/drivers/F/FRACOL01_Franco_Colapinto/fracol01.png.transform/1col/image.png,,12.0,,,0 days 00:01:33.634000,0 days 00:01:33.357000,,,,,,2026,2,Chinese Grand Prix,2026-03-15,Shanghai
31,E OCON,OCO,ocon,Haas F1 Team,9C9FA2,haas,Esteban,Ocon,Esteban Ocon,https://media.formula1.com/d_driver_fallback_image.png/content/dam/fom-website/drivers/E/ESTOCO01_Esteban_Ocon/estoco01.png.transform/1col/image.png,,13.0,,,0 days 00:01:33.974000,0 days 00:01:33.538000,,,,,,2026,2,Chinese Grand Prix,2026-03-15,Shanghai
30,L LAWSON,LAW,lawson,Racing Bulls,6C98FF,rb,Liam,Lawson,Liam Lawson,https://media.formula1.com/d_driver_fallback_image.png/content/dam/fom-website/drivers/L/LIALAW01_Liam_Lawson/lialaw01.png.transform/1col/image.png,,14.0,,,0 days 00:01:34.139000,0 days 00:01:33.765000,,,,,,2026,2,Chinese Grand Prix,2026-03-15,Shanghai
41,A LINDBLAD,LIN,arvid_lindblad,Racing Bulls,6C98FF,rb,Arvid,Lindblad,Arvid Lindblad,https://media.formula1.com/d_driver_fallback_image.png/content/dam/fom-website/drivers/A/ARVLIN01_Arvid_Lindblad/arvlin01.png.transform/1col/image.png,,15.0,,,0 days 00:01:33.906000,0 days 00:01:33.784000,,,,,,2026,2,Chinese Grand Prix,2026-03-15,Shanghai
5,G BORTOLETO,BOR,bortoleto,Audi,F50537,audi,Gabriel,Bortoleto,Gabriel Bortoleto,https://media.formula1.com/d_driver_fallback_image.png/content/dam/fom-website/drivers/G/GABBOR01_Gabriel_Bortoleto/gabbor01.png.transform/1col/image.png,,16.0,,,0 days 00:01:33.549000,0 days 00:01:33.965000,,,,,,2026,2,Chinese Grand Prix,2026-03-15,Shanghai
55,C SAINZ,SAI,sainz,Williams,1868DB,williams,Carlos,Sainz,Carlos Sainz,https://media.formula1.com/d_driver_fallback_image.png/content/dam/fom-website/drivers/C/CARSAI01_Carlos_Sainz/carsai01.png.transform/1col/image.png,,17.0,,,0 days 00:01:34.317000,,,,,,,2026,2,Chinese Grand Prix,2026-03-15,Shanghai
23,A ALBON,ALB,albon,Williams,1868DB,williams,Alexander,Albon,Alexander Albon,https://media.formula1.com/d_driver_fallback_image.png/content/dam/fom-website/drivers/A/ALEALB01_Alexander_Albon/alealb01.png.transform/1col/image.png,,18.0,,,0 days 00:01:34.772000,,,,,,,2026,2,Chinese Grand Prix,2026-03-15,Shanghai
14,F ALONSO,ALO,alonso,Aston Martin,229971,aston_martin,Fernando,Alonso,Fernando Alonso,https://media.formula1.com/d_driver_fallback_image.png/content/dam/fom-website/drivers/F/FERALO01_Fernando_Alonso/feralo01.png.transform/1col/image.png,,19.0,,,0 days 00:01:35.203000,,,,,,,2026,2,Chinese Grand Prix,2026-03-15,Shanghai
77,V BOTTAS,BOT,bottas,Cadillac,909090,cadillac,Valtteri,Bottas,Valtteri Bottas,https://media.formula1.com/d_driver_fallback_image.png/content/dam/fom-website/drivers/V/VALBOT01_Valtteri_Bottas/valbot01.png.transform/1col/image.png,,20.0,,,0 days 00:01:35.436000,,,,,,,2026,2,Chinese Grand Prix,2026-03-15,Shanghai
18,L STROLL,STR,stroll,Aston Martin,229971,aston_martin,Lance,Stroll,Lance Stroll,https://media.formula1.com/d_driver_fallback_image.png/content/dam/fom-website/drivers/L/LANSTR01_Lance_Stroll/lanstr01.png.transform/1col/image.png,,21.0,,,0 days 00:01:35.995000,,,,,,,2026,2,Chinese Grand Prix,2026-03-15,Shanghai
11,S PEREZ,PER,perez,Cadillac,909090,cadillac,Sergio,Perez,Sergio Perez,https://media.formula1.com/d_driver_fallback_image.png/content/dam/fom-website/drivers/S/SERPER01_Sergio_Perez/serper01.png.transform/1col/image.png,,22.0,,,0 days 00:01:36.906000,,,,,,,2026,2,Chinese Grand Prix,2026-03-15,Shanghai
12,K ANTONELLI,ANT,antonelli,Mercedes,00D7B6,mercedes,Kimi,Antonelli,Kimi Antonelli,https://media.formula1.com/d_driver_fallback_image.png/content/dam/fom-website/drivers/K/ANDANT01_Kimi_Antonelli/andant01.png.transform/1col/image.png,,1.0,,,0 days 00:01:30.035000,0 days 00:01:29.048000,0 days 00:01:28.778000,,,,,2026,3,Japanese Grand Prix,2026-03-29,Suzuka
63,G RUSSELL,RUS,russell,Mercedes,00D7B6,mercedes,George,Russell,George Russell,https://media.formula1.com/d_driver_fallback_image.png/content/dam/fom-website/drivers/G/GEORUS01_George_Russell/georus01.png.transform/1col/image.png,,2.0,,,0 days 00:01:29.967000,0 days 00:01:29.686000,0 days 00:01:29.076000,,,,,2026,3,Japanese Grand Prix,2026-03-29,Suzuka
81,O PIASTRI,PIA,piastri,McLaren,F47600,mclaren,Oscar,Piastri,Oscar Piastri,https://media.formula1.com/d_driver_fallback_image.png/content/dam/fom-website/drivers/O/OSCPIA01_Oscar_Piastri/oscpia01.png.transform/1col/image.png,,3.0,,,0 days 00:01:30.200000,0 days 00:01:29.451000,0 days 00:01:29.132000,,,,,2026,3,Japanese Grand Prix,2026-03-29,Suzuka
16,C LECLERC,LEC,leclerc,Ferrari,ED1131,ferrari,Charles,Leclerc,Charles Leclerc,https://media.formula1.com/d_driver_fallback_image.png/content/dam/fom-website/drivers/C/CHALEC01_Charles_Leclerc/chalec01.png.transform/1col/image.png,,4.0,,,0 days 00:01:29.915000,0 days 00:01:29.303000,0 days 00:01:29.405000,,,,,2026,3,Japanese Grand Prix,2026-03-29,Suzuka
1,L NORRIS,NOR,norris,McLaren,F47600,mclaren,Lando,Norris,Lando Norris,https://media.formula1.com/d_driver_fallback_image.png/content/dam/fom-website/drivers/L/LANNOR01_Lando_Norris/lannor01.png.transform/1col/image.png,,5.0,,,0 days 00:01:30.401000,0 days 00:01:29.795000,0 days 00:01:29.409000,,,,,2026,3,Japanese Grand Prix,2026-03-29,Suzuka
44,L HAMILTON,HAM,hamilton,Ferrari,ED1131,ferrari,Lewis,Hamilton,Lewis Hamilton,https://media.formula1.com/d_driver_fallback_image.png/content/dam/fom-website/drivers/L/LEWHAM01_Lewis_Hamilton/lewham01.png.transform/1col/image.png,,6.0,,,0 days 00:01:30.309000,0 days 00:01:29.589000,0 days 00:01:29.567000,,,,,2026,3,Japanese Grand Prix,2026-03-29,Suzuka
10,P GASLY,GAS,gasly,Alpine,00A1E8,alpine,Pierre,Gasly,Pierre Gasly,https://media.formula1.com/d_driver_fallback_image.png/content/dam/fom-website/drivers/P/PIEGAS01_Pierre_Gasly/piegas01.png.transform/1col/image.png,,7.0,,,0 days 00:01:30.584000,0 days 00:01:29.874000,0 days 00:01:29.691000,,,,,2026,3,Japanese Grand Prix,2026-03-29,Suzuka
6,I HADJAR,HAD,hadjar,Red Bull Racing,4781D7,red_bull,Isack,Hadjar,Isack Hadjar,https://media.formula1.com/d_driver_fallback_image.png/content/dam/fom-website/drivers/I/ISAHAD01_Isack_Hadjar/isahad01.png.transform/1col/image.png,,8.0,,,0 days 00:01:30.662000,0 days 00:01:30.104000,0 days 00:01:29.978000,,,,,2026,3,Japanese Grand Prix,2026-03-29,Suzuka
5,G BORTOLETO,BOR,bortoleto,Audi,F50537,audi,Gabriel,Bortoleto,Gabriel Bortoleto,https://media.formula1.com/d_driver_fallback_image.png/content/dam/fom-website/drivers/G/GABBOR01_Gabriel_Bortoleto/gabbor01.png.transform/1col/image.png,,9.0,,,0 days 00:01:30.359000,0 days 00:01:29.990000,0 days 00:01:30.274000,,,,,2026,3,Japanese Grand Prix,2026-03-29,Suzuka
41,A LINDBLAD,LIN,arvid_lindblad,Racing Bulls,6C98FF,rb,Arvid,Lindblad,Arvid Lindblad,https://media.formula1.com/d_driver_fallback_image.png/content/dam/fom-website/drivers/A/ARVLIN01_Arvid_Lindblad/arvlin01.png.transform/1col/image.png,,10.0,,,0 days 00:01:30.781000,0 days 00:01:30.109000,0 days 00:01:30.319000,,,,,2026,3,Japanese Grand Prix,2026-03-29,Suzuka
3,M VERSTAPPEN,VER,max_verstappen,Red Bull Racing,4781D7,red_bull,Max,Verstappen,Max Verstappen,https://media.formula1.com/d_driver_fallback_image.png/content/dam/fom-website/drivers/M/MAXVER01_Max_Verstappen/maxver01.png.transform/1col/image.png,,11.0,,,0 days 00:01:30.519000,0 days 00:01:30.262000,,,,,,2026,3,Japanese Grand Prix,2026-03-29,Suzuka
31,E OCON,OCO,ocon,Haas F1 Team,9C9FA2,haas,Esteban,Ocon,Esteban Ocon,https://media.formula1.com/d_driver_fallback_image.png/content/dam/fom-website/drivers/E/ESTOCO01_Esteban_Ocon/estoco01.png.transform/1col/image.png,,12.0,,,0 days 00:01:30.915000,0 days 00:01:30.309000,,,,,,2026,3,Japanese Grand Prix,2026-03-29,Suzuka
27,N HULKENBERG,HUL,hulkenberg,Audi,F50537,audi,Nico,Hulkenberg,Nico Hulkenberg,https://media.formula1.com/d_driver_fallback_image.png/content/dam/fom-website/drivers/N/NICHUL01_Nico_Hulkenberg/nichul01.png.transform/1col/image.png,,13.0,,,0 days 00:01:30.358000,0 days 00:01:30.387000,,,,,,2026,3,Japanese Grand Prix,2026-03-29,Suzuka
30,L LAWSON,LAW,lawson,Racing Bulls,6C98FF,rb,Liam,Lawson,Liam Lawson,https://media.formula1.com/d_driver_fallback_image.png/content/dam/fom-website/drivers/L/LIALAW01_Liam_Lawson/lialaw01.png.transform/1col/image.png,,14.0,,,0 days 00:01:30.657000,0 days 00:01:30.495000,,,,,,2026,3,Japanese Grand Prix,2026-03-29,Suzuka
43,F COLAPINTO,COL,colapinto,Alpine,00A1E8,alpine,Franco,Colapinto,Franco Colapinto,https://media.formula1.com/d_driver_fallback_image.png/content/dam/fom-website/drivers/F/FRACOL01_Franco_Colapinto/fracol01.png.transform/1col/image.png,,15.0,,,0 days 00:01:30.931000,0 days 00:01:30.627000,,,,,,2026,3,Japanese Grand Prix,2026-03-29,Suzuka
55,C SAINZ,SAI,sainz,Williams,1868DB,williams,Carlos,Sainz,Carlos Sainz,https://media.formula1.com/d_driver_fallback_image.png/content/dam/fom-website/drivers/C/CARSAI01_Carlos_Sainz/carsai01.png.transform/1col/image.png,,16.0,,,0 days 00:01:30.927000,0 days 00:01:31.033000,,,,,,2026,3,Japanese Grand Prix,2026-03-29,Suzuka
23,A ALBON,ALB,albon,Williams,1868DB,williams,Alexander,Albon,Alexander Albon,https://media.formula1.com/d_driver_fallback_image.png/content/dam/fom-website/drivers/A/ALEALB01_Alexander_Albon/alealb01.png.transform/1col/image.png,,17.0,,,0 days 00:01:31.088000,,,,,,,2026,3,Japanese Grand Prix,2026-03-29,Suzuka
87,O BEARMAN,BEA,bearman,Haas F1 Team,9C9FA2,haas,Oliver,Bearman,Oliver Bearman,https://media.formula1.com/d_driver_fallback_image.png/content/dam/fom-website/drivers/O/OLIBEA01_Oliver_Bearman/olibea01.png.transform/1col/image.png,,18.0,,,0 days 00:01:31.090000,,,,,,,2026,3,Japanese Grand Prix,2026-03-29,Suzuka
11,S PEREZ,PER,perez,Cadillac,909090,cadillac,Sergio,Perez,Sergio Perez,https://media.formula1.com/d_driver_fallback_image.png/content/dam/fom-website/drivers/S/SERPER01_Sergio_Perez/serper01.png.transform/1col/image.png,,19.0,,,0 days 00:01:32.206000,,,,,,,2026,3,Japanese Grand Prix,2026-03-29,Suzuka
77,V BOTTAS,BOT,bottas,Cadillac,909090,cadillac,Valtteri,Bottas,Valtteri Bottas,https://media.formula1.com/d_driver_fallback_image.png/content/dam/fom-website/drivers/V/VALBOT01_Valtteri_Bottas/valbot01.png.transform/1col/image.png,,20.0,,,0 days 00:01:32.330000,,,,,,,2026,3,Japanese Grand Prix,2026-03-29,Suzuka
14,F ALONSO,ALO,alonso,Aston Martin,229971,aston_martin,Fernando,Alonso,Fernando Alonso,https://media.formula1.com/d_driver_fallback_image.png/content/dam/fom-website/drivers/F/FERALO01_Fernando_Alonso/feralo01.png.transform/1col/image.png,,21.0,,,0 days 00:01:32.646000,,,,,,,2026,3,Japanese Grand Prix,2026-03-29,Suzuka
18,L STROLL,STR,stroll,Aston Martin,229971,aston_martin,Lance,Stroll,Lance Stroll,https://media.formula1.com/d_driver_fallback_image.png/content/dam/fom-website/drivers/L/LANSTR01_Lance_Stroll/lanstr01.png.transform/1col/image.png,,22.0,,,0 days 00:01:32.920000,,,,,,,2026,3,Japanese Grand Prix,2026-03-29,Suzuka
12,K ANTONELLI,ANT,antonelli,Mercedes,00D7B6,mercedes,Kimi,Antonelli,Kimi Antonelli,https://media.formula1.com/d_driver_fallback_image.png/content/dam/fom-website/drivers/K/ANDANT01_Kimi_Antonelli/andant01.png.transform/1col/image.png,,1.0,,,0 days 00:01:28.653000,0 days 00:01:28.289000,0 days 00:01:27.798000,,,,,2026,4,Miami Grand Prix,2026-05-03,Miami Gardens
3,M VERSTAPPEN,VER,max_verstappen,Red Bull Racing,4781D7,red_bull,Max,Verstappen,Max Verstappen,https://media.formula1.com/d_driver_fallback_image.png/content/dam/fom-website/drivers/M/MAXVER01_Max_Verstappen/maxver01.png.transform/1col/image.png,,2.0,,,0 days 00:01:29.099000,0 days 00:01:28.116000,0 days 00:01:27.964000,,,,,2026,4,Miami Grand Prix,2026-05-03,Miami Gardens
16,C LECLERC,LEC,leclerc,Ferrari,ED1131,ferrari,Charles,Leclerc,Charles Leclerc,https://media.formula1.com/d_driver_fallback_image.png/content/dam/fom-website/drivers/C/CHALEC01_Charles_Leclerc/chalec01.png.transform/1col/image.png,,3.0,,,0 days 00:01:28.938000,0 days 00:01:28.315000,0 days 00:01:28.143000,,,,,2026,4,Miami Grand Prix,2026-05-03,Miami Gardens
1,L NORRIS,NOR,norris,McLaren,F47600,mclaren,Lando,Norris,Lando Norris,https://media.formula1.com/d_driver_fallback_image.png/content/dam/fom-website/drivers/L/LANNOR01_Lando_Norris/lannor01.png.transform/1col/image.png,,4.0,,,0 days 00:01:29.183000,0 days 00:01:28.920000,0 days 00:01:28.183000,,,,,2026,4,Miami Grand Prix,2026-05-03,Miami Gardens
63,G RUSSELL,RUS,russell,Mercedes,00D7B6,mercedes,George,Russell,George Russell,https://media.formula1.com/d_driver_fallback_image.png/content/dam/fom-website/drivers/G/GEORUS01_George_Russell/georus01.png.transform/1col/image.png,,5.0,,,0 days 00:01:29.492000,0 days 00:01:28.477000,0 days 00:01:28.197000,,,,,2026,4,Miami Grand Prix,2026-05-03,Miami Gardens
44,L HAMILTON,HAM,hamilton,Ferrari,ED1131,ferrari,Lewis,Hamilton,Lewis Hamilton,https://media.formula1.com/d_driver_fallback_image.png/content/dam/fom-website/drivers/L/LEWHAM01_Lewis_Hamilton/lewham01.png.transform/1col/image.png,,6.0,,,0 days 00:01:29.483000,0 days 00:01:28.477000,0 days 00:01:28.319000,,,,,2026,4,Miami Grand Prix,2026-05-03,Miami Gardens
81,O PIASTRI,PIA,piastri,McLaren,F47600,mclaren,Oscar,Piastri,Oscar Piastri,https://media.formula1.com/d_driver_fallback_image.png/content/dam/fom-website/drivers/O/OSCPIA01_Oscar_Piastri/oscpia01.png.transform/1col/image.png,,7.0,,,0 days 00:01:29.920000,0 days 00:01:28.332000,0 days 00:01:28.500000,,,,,2026,4,Miami Grand Prix,2026-05-03,Miami Gardens
43,F COLAPINTO,COL,colapinto,Alpine,00A1E8,alpine,Franco,Colapinto,Franco Colapinto,https://media.formula1.com/d_driver_fallback_image.png/content/dam/fom-website/drivers/F/FRACOL01_Franco_Colapinto/fracol01.png.transform/1col/image.png,,8.0,,,0 days 00:01:29.584000,0 days 00:01:28.975000,0 days 00:01:28.762000,,,,,2026,4,Miami Grand Prix,2026-05-03,Miami Gardens
10,P GASLY,GAS,gasly,Alpine,00A1E8,alpine,Pierre,Gasly,Pierre Gasly,https://media.formula1.com/d_driver_fallback_image.png/content/dam/fom-website/drivers/P/PIEGAS01_Pierre_Gasly/piegas01.png.transform/1col/image.png,,9.0,,,0 days 00:01:29.914000,0 days 00:01:29.070000,0 days 00:01:28.810000,,,,,2026,4,Miami Grand Prix,2026-05-03,Miami Gardens
27,N HULKENBERG,HUL,hulkenberg,Audi,F50537,audi,Nico,Hulkenberg,Nico Hulkenberg,https://media.formula1.com/d_driver_fallback_image.png/content/dam/fom-website/drivers/N/NICHUL01_Nico_Hulkenberg/nichul01.png.transform/1col/image.png,,10.0,,,0 days 00:01:29.645000,0 days 00:01:29.439000,,,,,,2026,4,Miami Grand Prix,2026-05-03,Miami Gardens
30,L LAWSON,LAW,lawson,Racing Bulls,6C98FF,rb,Liam,Lawson,Liam Lawson,https://media.formula1.com/d_driver_fallback_image.png/content/dam/fom-website/drivers/L/LIALAW01_Liam_Lawson/lialaw01.png.transform/1col/image.png,,11.0,,,0 days 00:01:29.595000,0 days 00:01:29.499000,,,,,,2026,4,Miami Grand Prix,2026-05-03,Miami Gardens
87,O BEARMAN,BEA,bearman,Haas F1 Team,9C9FA2,haas,Oliver,Bearman,Oliver Bearman,https://media.formula1.com/d_driver_fallback_image.png/content/dam/fom-website/drivers/O/OLIBEA01_Oliver_Bearman/olibea01.png.transform/1col/image.png,,12.0,,,0 days 00:01:29.340000,0 days 00:01:29.567000,,,,,,2026,4,Miami Grand Prix,2026-05-03,Miami Gardens
55,C SAINZ,SAI,sainz,Williams,1868DB,williams,Carlos,Sainz,Carlos Sainz,https://media.formula1.com/d_driver_fallback_image.png/content/dam/fom-website/drivers/C/CARSAI01_Carlos_Sainz/carsai01.png.transform/1col/image.png,,13.0,,,0 days 00:01:29.540000,0 days 00:01:29.568000,,,,,,2026,4,Miami Grand Prix,2026-05-03,Miami Gardens
31,E OCON,OCO,ocon,Haas F1 Team,9C9FA2,haas,Esteban,Ocon,Esteban Ocon,https://media.formula1.com/d_driver_fallback_image.png/content/dam/fom-website/drivers/E/ESTOCO01_Esteban_Ocon/estoco01.png.transform/1col/image.png,,14.0,,,0 days 00:01:29.838000,0 days 00:01:29.772000,,,,,,2026,4,Miami Grand Prix,2026-05-03,Miami Gardens
23,A ALBON,ALB,albon,Williams,1868DB,williams,Alexander,Albon,Alexander Albon,https://media.formula1.com/d_driver_fallback_image.png/content/dam/fom-website/drivers/A/ALEALB01_Alexander_Albon/alealb01.png.transform/1col/image.png,,15.0,,,0 days 00:01:29.720000,0 days 00:01:29.946000,,,,,,2026,4,Miami Grand Prix,2026-05-03,Miami Gardens
41,A LINDBLAD,LIN,arvid_lindblad,Racing Bulls,6C98FF,rb,Arvid,Lindblad,Arvid Lindblad,https://media.formula1.com/d_driver_fallback_image.png/content/dam/fom-website/drivers/A/ARVLIN01_Arvid_Lindblad/arvlin01.png.transform/1col/image.png,,16.0,,,0 days 00:01:30.133000,,,,,,,2026,4,Miami Grand Prix,2026-05-03,Miami Gardens
14,F ALONSO,ALO,alonso,Aston Martin,229971,aston_martin,Fernando,Alonso,Fernando Alonso,https://media.formula1.com/d_driver_fallback_image.png/content/dam/fom-website/drivers/F/FERALO01_Fernando_Alonso/feralo01.png.transform/1col/image.png,,17.0,,,0 days 00:01:31.098000,,,,,,,2026,4,Miami Grand Prix,2026-05-03,Miami Gardens
18,L STROLL,STR,stroll,Aston Martin,229971,aston_martin,Lance,Stroll,Lance Stroll,https://media.formula1.com/d_driver_fallback_image.png/content/dam/fom-website/drivers/L/LANSTR01_Lance_Stroll/lanstr01.png.transform/1col/image.png,,18.0,,,0 days 00:01:31.164000,,,,,,,2026,4,Miami Grand Prix,2026-05-03,Miami Gardens
77,V BOTTAS,BOT,bottas,Cadillac,909090,cadillac,Valtteri,Bottas,Valtteri Bottas,https://media.formula1.com/d_driver_fallback_image.png/content/dam/fom-website/drivers/V/VALBOT01_Valtteri_Bottas/valbot01.png.transform/1col/image.png,,19.0,,,0 days 00:01:31.629000,,,,,,,2026,4,Miami Grand Prix,2026-05-03,Miami Gardens
11,S PEREZ,PER,perez,Cadillac,909090,cadillac,Sergio,Perez,Sergio Perez,https://media.formula1.com/d_driver_fallback_image.png/content/dam/fom-website/drivers/S/SERPER01_Sergio_Perez/serper01.png.transform/1col/image.png,,20.0,,,0 days 00:01:31.967000,,,,,,,2026,4,Miami Grand Prix,2026-05-03,Miami Gardens
5,G BORTOLETO,BOR,bortoleto,Audi,F50537,audi,Gabriel,Bortoleto,Gabriel Bortoleto,https://media.formula1.com/d_driver_fallback_image.png/content/dam/fom-website/drivers/G/GABBOR01_Gabriel_Bortoleto/gabbor01.png.transform/1col/image.png,,21.0,,,0 days 00:01:33.737000,,,,,,,2026,4,Miami Grand Prix,2026-05-03,Miami Gardens
6,I HADJAR,HAD,hadjar,Red Bull Racing,4781D7,red_bull,Isack,Hadjar,Isack Hadjar,https://media.formula1.com/d_driver_fallback_image.png/content/dam/fom-website/drivers/I/ISAHAD01_Isack_Hadjar/isahad01.png.transform/1col/image.png,,22.0,,,,,,,,,,2026,4,Miami Grand Prix,2026-05-03,Miami Gardens
63,G RUSSELL,RUS,russell,Mercedes,00D7B6,mercedes,George,Russell,George Russell,https://media.formula1.com/d_driver_fallback_image.png/content/dam/fom-website/drivers/G/GEORUS01_George_Russell/georus01.png.transform/1col/image.png,,1.0,,,0 days 00:01:13.953000,0 days 00:01:13.079000,0 days 00:01:12.578000,,,,,2026,5,Canadian Grand Prix,2026-05-24,Montréal
12,K ANTONELLI,ANT,antonelli,Mercedes,00D7B6,mercedes,Kimi,Antonelli,Kimi Antonelli,https://media.formula1.com/d_driver_fallback_image.png/content/dam/fom-website/drivers/K/ANDANT01_Kimi_Antonelli/andant01.png.transform/1col/image.png,,2.0,,,0 days 00:01:13.380000,0 days 00:01:13.076000,0 days 00:01:12.646000,,,,,2026,5,Canadian Grand Prix,2026-05-24,Montréal
1,L NORRIS,NOR,norris,McLaren,F47600,mclaren,Lando,Norris,Lando Norris,https://media.formula1.com/d_driver_fallback_image.png/content/dam/fom-website/drivers/L/LANNOR01_Lando_Norris/lannor01.png.transform/1col/image.png,,3.0,,,0 days 00:01:13.503000,0 days 00:01:13.049000,0 days 00:01:12.729000,,,,,2026,5,Canadian Grand Prix,2026-05-24,Montréal
81,O PIASTRI,PIA,piastri,McLaren,F47600,mclaren,Oscar,Piastri,Oscar Piastri,https://media.formula1.com/d_driver_fallback_image.png/content/dam/fom-website/drivers/O/OSCPIA01_Oscar_Piastri/oscpia01.png.transform/1col/image.png,,4.0,,,0 days 00:01:13.559000,0 days 00:01:13.285000,0 days 00:01:12.781000,,,,,2026,5,Canadian Grand Prix,2026-05-24,Montréal
44,L HAMILTON,HAM,hamilton,Ferrari,ED1131,ferrari,Lewis,Hamilton,Lewis Hamilton,https://media.formula1.com/d_driver_fallback_image.png/content/dam/fom-website/drivers/L/LEWHAM01_Lewis_Hamilton/lewham01.png.transform/1col/image.png,,5.0,,,0 days 00:01:13.767000,0 days 00:01:13.041000,0 days 00:01:12.868000,,,,,2026,5,Canadian Grand Prix,2026-05-24,Montréal
3,M VERSTAPPEN,VER,max_verstappen,Red Bull Racing,4781D7,red_bull,Max,Verstappen,Max Verstappen,https://media.formula1.com/d_driver_fallback_image.png/content/dam/fom-website/drivers/M/MAXVER01_Max_Verstappen/maxver01.png.transform/1col/image.png,,6.0,,,0 days 00:01:14.067000,0 days 00:01:13.479000,0 days 00:01:12.907000,,,,,2026,5,Canadian Grand Prix,2026-05-24,Montréal
6,I HADJAR,HAD,hadjar,Red Bull Racing,4781D7,red_bull,Isack,Hadjar,Isack Hadjar,https://media.formula1.com/d_driver_fallback_image.png/content/dam/fom-website/drivers/I/ISAHAD01_Isack_Hadjar/isahad01.png.transform/1col/image.png,,7.0,,,0 days 00:01:13.654000,0 days 00:01:12.975000,0 days 00:01:12.935000,,,,,2026,5,Canadian Grand Prix,2026-05-24,Montréal
16,C LECLERC,LEC,leclerc,Ferrari,ED1131,ferrari,Charles,Leclerc,Charles Leclerc,https://media.formula1.com/d_driver_fallback_image.png/content/dam/fom-website/drivers/C/CHALEC01_Charles_Leclerc/chalec01.png.transform/1col/image.png,,8.0,,,0 days 00:01:13.825000,0 days 00:01:13.496000,0 days 00:01:12.976000,,,,,2026,5,Canadian Grand Prix,2026-05-24,Montréal
41,A LINDBLAD,LIN,arvid_lindblad,Racing Bulls,6C98FF,rb,Arvid,Lindblad,Arvid Lindblad,https://media.formula1.com/d_driver_fallback_image.png/content/dam/fom-website/drivers/A/ARVLIN01_Arvid_Lindblad/arvlin01.png.transform/1col/image.png,,9.0,,,0 days 00:01:13.895000,0 days 00:01:13.548000,0 days 00:01:13.280000,,,,,2026,5,Canadian Grand Prix,2026-05-24,Montréal
43,F COLAPINTO,COL,colapinto,Alpine,00A1E8,alpine,Franco,Colapinto,Franco Colapinto,https://media.formula1.com/d_driver_fallback_image.png/content/dam/fom-website/drivers/F/FRACOL01_Franco_Colapinto/fracol01.png.transform/1col/image.png,,10.0,,,0 days 00:01:14.466000,0 days 00:01:13.857000,0 days 00:01:13.697000,,,,,2026,5,Canadian Grand Prix,2026-05-24,Montréal
27,N HULKENBERG,HUL,hulkenberg,Audi,F50537,audi,Nico,Hulkenberg,Nico Hulkenberg,https://media.formula1.com/d_driver_fallback_image.png/content/dam/fom-website/drivers/N/NICHUL01_Nico_Hulkenberg/nichul01.png.transform/1col/image.png,,11.0,,,0 days 00:01:14.562000,0 days 00:01:13.886000,,,,,,2026,5,Canadian Grand Prix,2026-05-24,Montréal
30,L LAWSON,LAW,lawson,Racing Bulls,6C98FF,rb,Liam,Lawson,Liam Lawson,https://media.formula1.com/d_driver_fallback_image.png/content/dam/fom-website/drivers/L/LIALAW01_Liam_Lawson/lialaw01.png.transform/1col/image.png,,12.0,,,0 days 00:01:14.346000,0 days 00:01:13.897000,,,,,,2026,5,Canadian Grand Prix,2026-05-24,Montréal
5,G BORTOLETO,BOR,bortoleto,Audi,F50537,audi,Gabriel,Bortoleto,Gabriel Bortoleto,https://media.formula1.com/d_driver_fallback_image.png/content/dam/fom-website/drivers/G/GABBOR01_Gabriel_Bortoleto/gabbor01.png.transform/1col/image.png,,13.0,,,0 days 00:01:14.775000,0 days 00:01:14.071000,,,,,,2026,5,Canadian Grand Prix,2026-05-24,Montréal
10,P GASLY,GAS,gasly,Alpine,00A1E8,alpine,Pierre,Gasly,Pierre Gasly,https://media.formula1.com/d_driver_fallback_image.png/content/dam/fom-website/drivers/P/PIEGAS01_Pierre_Gasly/piegas01.png.transform/1col/image.png,,14.0,,,0 days 00:01:14.698000,0 days 00:01:14.187000,,,,,,2026,5,Canadian Grand Prix,2026-05-24,Montréal
55,C SAINZ,SAI,sainz,Williams,1868DB,williams,Carlos,Sainz,Carlos Sainz,https://media.formula1.com/d_driver_fallback_image.png/content/dam/fom-website/drivers/C/CARSAI01_Carlos_Sainz/carsai01.png.transform/1col/image.png,,15.0,,,0 days 00:01:14.276000,0 days 00:01:14.273000,,,,,,2026,5,Canadian Grand Prix,2026-05-24,Montréal
87,O BEARMAN,BEA,bearman,Haas F1 Team,9C9FA2,haas,Oliver,Bearman,Oliver Bearman,https://media.formula1.com/d_driver_fallback_image.png/content/dam/fom-website/drivers/O/OLIBEA01_Oliver_Bearman/olibea01.png.transform/1col/image.png,,16.0,,,0 days 00:01:14.449000,0 days 00:01:14.416000,,,,,,2026,5,Canadian Grand Prix,2026-05-24,Montréal
31,E OCON,OCO,ocon,Haas F1 Team,9C9FA2,haas,Esteban,Ocon,Esteban Ocon,https://media.formula1.com/d_driver_fallback_image.png/content/dam/fom-website/drivers/E/ESTOCO01_Esteban_Ocon/estoco01.png.transform/1col/image.png,,17.0,,,0 days 00:01:14.845000,,,,,,,2026,5,Canadian Grand Prix,2026-05-24,Montréal
23,A ALBON,ALB,albon,Williams,1868DB,williams,Alexander,Albon,Alexander Albon,https://media.formula1.com/d_driver_fallback_image.png/content/dam/fom-website/drivers/A/ALEALB01_Alexander_Albon/alealb01.png.transform/1col/image.png,,18.0,,,0 days 00:01:14.851000,,,,,,,2026,5,Canadian Grand Prix,2026-05-24,Montréal
14,F ALONSO,ALO,alonso,Aston Martin,229971,aston_martin,Fernando,Alonso,Fernando Alonso,https://media.formula1.com/d_driver_fallback_image.png/content/dam/fom-website/drivers/F/FERALO01_Fernando_Alonso/feralo01.png.transform/1col/image.png,,19.0,,,0 days 00:01:15.196000,,,,,,,2026,5,Canadian Grand Prix,2026-05-24,Montréal
11,S PEREZ,PER,perez,Cadillac,909090,cadillac,Sergio,Perez,Sergio Perez,https://media.formula1.com/d_driver_fallback_image.png/content/dam/fom-website/drivers/S/SERPER01_Sergio_Perez/serper01.png.transform/1col/image.png,,20.0,,,0 days 00:01:15.429000,,,,,,,2026,5,Canadian Grand Prix,2026-05-24,Montréal
18,L STROLL,STR,stroll,Aston Martin,229971,aston_martin,Lance,Stroll,Lance Stroll,https://media.formula1.com/d_driver_fallback_image.png/content/dam/fom-website/drivers/L/LANSTR01_Lance_Stroll/lanstr01.png.transform/1col/image.png,,21.0,,,0 days 00:01:16.195000,,,,,,,2026,5,Canadian Grand Prix,2026-05-24,Montréal
77,V BOTTAS,BOT,bottas,Cadillac,909090,cadillac,Valtteri,Bottas,Valtteri Bottas,https://media.formula1.com/d_driver_fallback_image.png/content/dam/fom-website/drivers/V/VALBOT01_Valtteri_Bottas/valbot01.png.transform/1col/image.png,,22.0,,,0 days 00:01:16.272000,,,,,,,2026,5,Canadian Grand Prix,2026-05-24,Montréal
12,K ANTONELLI,ANT,antonelli,Mercedes,00D7B6,mercedes,Kimi,Antonelli,Kimi Antonelli,https://media.formula1.com/d_driver_fallback_image.png/content/dam/fom-website/drivers/K/ANDANT01_Kimi_Antonelli/andant01.png.transform/1col/image.png,,1.0,,,0 days 00:01:13.599000,0 days 00:01:12.704000,0 days 00:01:12.051000,,,,,2026,6,Monaco Grand Prix,2026-06-07,Monte Carlo
3,M VERSTAPPEN,VER,max_verstappen,Red Bull Racing,4781D7,red_bull,Max,Verstappen,Max Verstappen,https://media.formula1.com/d_driver_fallback_image.png/content/dam/fom-website/drivers/M/MAXVER01_Max_Verstappen/maxver01.png.transform/1col/image.png,,2.0,,,0 days 00:01:13.490000,0 days 00:01:12.499000,0 days 00:01:12.094000,,,,,2026,6,Monaco Grand Prix,2026-06-07,Monte Carlo
44,L HAMILTON,HAM,hamilton,Ferrari,ED1131,ferrari,Lewis,Hamilton,Lewis Hamilton,https://media.formula1.com/d_driver_fallback_image.png/content/dam/fom-website/drivers/L/LEWHAM01_Lewis_Hamilton/lewham01.png.transform/1col/image.png,,3.0,,,0 days 00:01:13.777000,0 days 00:01:12.934000,0 days 00:01:12.279000,,,,,2026,6,Monaco Grand Prix,2026-06-07,Monte Carlo
16,C LECLERC,LEC,leclerc,Ferrari,ED1131,ferrari,Charles,Leclerc,Charles Leclerc,https://media.formula1.com/d_driver_fallback_image.png/content/dam/fom-website/drivers/C/CHALEC01_Charles_Leclerc/chalec01.png.transform/1col/image.png,,4.0,,,0 days 00:01:13.293000,0 days 00:01:12.774000,0 days 00:01:12.351000,,,,,2026,6,Monaco Grand Prix,2026-06-07,Monte Carlo
6,I HADJAR,HAD,hadjar,Red Bull Racing,4781D7,red_bull,Isack,Hadjar,Isack Hadjar,https://media.formula1.com/d_driver_fallback_image.png/content/dam/fom-website/drivers/I/ISAHAD01_Isack_Hadjar/isahad01.png.transform/1col/image.png,,5.0,,,0 days 00:01:14.408000,0 days 00:01:12.722000,0 days 00:01:12.434000,,,,,2026,6,Monaco Grand Prix,2026-06-07,Monte Carlo
63,G RUSSELL,RUS,russell,Mercedes,00D7B6,mercedes,George,Russell,George Russell,https://media.formula1.com/d_driver_fallback_image.png/content/dam/fom-website/drivers/G/GEORUS01_George_Russell/georus01.png.transform/1col/image.png,,6.0,,,0 days 00:01:14.214000,0 days 00:01:13.238000,0 days 00:01:12.445000,,,,,2026,6,Monaco Grand Prix,2026-06-07,Monte Carlo
81,O PIASTRI,PIA,piastri,McLaren,F47600,mclaren,Oscar,Piastri,Oscar Piastri,https://media.formula1.com/d_driver_fallback_image.png/content/dam/fom-website/drivers/O/OSCPIA01_Oscar_Piastri/oscpia01.png.transform/1col/image.png,,7.0,,,0 days 00:01:14.159000,0 days 00:01:12.983000,0 days 00:01:12.624000,,,,,2026,6,Monaco Grand Prix,2026-06-07,Monte Carlo
1,L NORRIS,NOR,norris,McLaren,F47600,mclaren,Lando,Norris,Lando Norris,https://media.formula1.com/d_driver_fallback_image.png/content/dam/fom-website/drivers/L/LANNOR01_Lando_Norris/lannor01.png.transform/1col/image.png,,8.0,,,0 days 00:01:13.630000,0 days 00:01:12.919000,0 days 00:01:12.765000,,,,,2026,6,Monaco Grand Prix,2026-06-07,Monte Carlo
10,P GASLY,GAS,gasly,Alpine,00A1E8,alpine,Pierre,Gasly,Pierre Gasly,https://media.formula1.com/d_driver_fallback_image.png/content/dam/fom-website/drivers/P/PIEGAS01_Pierre_Gasly/piegas01.png.transform/1col/image.png,,9.0,,,0 days 00:01:14.469000,0 days 00:01:13.762000,0 days 00:01:13.226000,,,,,2026,6,Monaco Grand Prix,2026-06-07,Monte Carlo
30,L LAWSON,LAW,lawson,Racing Bulls,6C98FF,rb,Liam,Lawson,Liam Lawson,https://media.formula1.com/d_driver_fallback_image.png/content/dam/fom-website/drivers/L/LIALAW01_Liam_Lawson/lialaw01.png.transform/1col/image.png,,10.0,,,0 days 00:01:14.498000,0 days 00:01:13.471000,0 days 00:01:13.412000,,,,,2026,6,Monaco Grand Prix,2026-06-07,Monte Carlo
23,A ALBON,ALB,albon,Williams,1868DB,williams,Alexander,Albon,Alexander Albon,https://media.formula1.com/d_driver_fallback_image.png/content/dam/fom-website/drivers/A/ALEALB01_Alexander_Albon/alealb01.png.transform/1col/image.png,,11.0,,,0 days 00:01:14.321000,0 days 00:01:13.787000,,,,,,2026,6,Monaco Grand Prix,2026-06-07,Monte Carlo
55,C SAINZ,SAI,sainz,Williams,1868DB,williams,Carlos,Sainz,Carlos Sainz,https://media.formula1.com/d_driver_fallback_image.png/content/dam/fom-website/drivers/C/CARSAI01_Carlos_Sainz/carsai01.png.transform/1col/image.png,,12.0,,,0 days 00:01:14.348000,0 days 00:01:13.815000,,,,,,2026,6,Monaco Grand Prix,2026-06-07,Monte Carlo
27,N HULKENBERG,HUL,hulkenberg,Audi,F50537,audi,Nico,Hulkenberg,Nico Hulkenberg,https://media.formula1.com/d_driver_fallback_image.png/content/dam/fom-website/drivers/N/NICHUL01_Nico_Hulkenberg/nichul01.png.transform/1col/image.png,,13.0,,,0 days 00:01:13.923000,0 days 00:01:13.902000,,,,,,2026,6,Monaco Grand Prix,2026-06-07,Monte Carlo
43,F COLAPINTO,COL,colapinto,Alpine,00A1E8,alpine,Franco,Colapinto,Franco Colapinto,https://media.formula1.com/d_driver_fallback_image.png/content/dam/fom-website/drivers/F/FRACOL01_Franco_Colapinto/fracol01.png.transform/1col/image.png,,14.0,,,0 days 00:01:14.573000,0 days 00:01:13.995000,,,,,,2026,6,Monaco Grand Prix,2026-06-07,Monte Carlo
41,A LINDBLAD,LIN,arvid_lindblad,Racing Bulls,6C98FF,rb,Arvid,Lindblad,Arvid Lindblad,https://media.formula1.com/d_driver_fallback_image.png/content/dam/fom-website/drivers/A/ARVLIN01_Arvid_Lindblad/arvlin01.png.transform/1col/image.png,,15.0,,,0 days 00:01:14.685000,0 days 00:01:14.248000,,,,,,2026,6,Monaco Grand Prix,2026-06-07,Monte Carlo
5,G BORTOLETO,BOR,bortoleto,Audi,F50537,audi,Gabriel,Bortoleto,Gabriel Bortoleto,https://media.formula1.com/d_driver_fallback_image.png/content/dam/fom-website/drivers/G/GABBOR01_Gabriel_Bortoleto/gabbor01.png.transform/1col/image.png,,16.0,,,0 days 00:01:14.683000,,,,,,,2026,6,Monaco Grand Prix,2026-06-07,Monte Carlo
31,E OCON,OCO,ocon,Haas F1 Team,9C9FA2,haas,Esteban,Ocon,Esteban Ocon,https://media.formula1.com/d_driver_fallback_image.png/content/dam/fom-website/drivers/E/ESTOCO01_Esteban_Ocon/estoco01.png.transform/1col/image.png,,17.0,,,0 days 00:01:14.722000,,,,,,,2026,6,Monaco Grand Prix,2026-06-07,Monte Carlo
11,S PEREZ,PER,perez,Cadillac,909090,cadillac,Sergio,Perez,Sergio Perez,https://media.formula1.com/d_driver_fallback_image.png/content/dam/fom-website/drivers/S/SERPER01_Sergio_Perez/serper01.png.transform/1col/image.png,,18.0,,,0 days 00:01:14.747000,,,,,,,2026,6,Monaco Grand Prix,2026-06-07,Monte Carlo
87,O BEARMAN,BEA,bearman,Haas F1 Team,9C9FA2,haas,Oliver,Bearman,Oliver Bearman,https://media.formula1.com/d_driver_fallback_image.png/content/dam/fom-website/drivers/O/OLIBEA01_Oliver_Bearman/olibea01.png.transform/1col/image.png,,19.0,,,0 days 00:01:14.814000,,,,,,,2026,6,Monaco Grand Prix,2026-06-07,Monte Carlo
77,V BOTTAS,BOT,bottas,Cadillac,909090,cadillac,Valtteri,Bottas,Valtteri Bottas,https://media.formula1.com/d_driver_fallback_image.png/content/dam/fom-website/drivers/V/VALBOT01_Valtteri_Bottas/valbot01.png.transform/1col/image.png,,20.0,,,0 days 00:01:15.283000,,,,,,,2026,6,Monaco Grand Prix,2026-06-07,Monte Carlo
14,F ALONSO,ALO,alonso,Aston Martin,229971,aston_martin,Fernando,Alonso,Fernando Alonso,https://media.formula1.com/d_driver_fallback_image.png/content/dam/fom-website/drivers/F/FERALO01_Fernando_Alonso/feralo01.png.transform/1col/image.png,,21.0,,,0 days 00:01:15.349000,,,,,,,2026,6,Monaco Grand Prix,2026-06-07,Monte Carlo
18,L STROLL,STR,stroll,Aston Martin,229971,aston_martin,Lance,Stroll,Lance Stroll,https://media.formula1.com/d_driver_fallback_image.png/content/dam/fom-website/drivers/L/LANSTR01_Lance_Stroll/lanstr01.png.transform/1col/image.png,,22.0,,,0 days 00:01:16.061000,,,,,,,2026,6,Monaco Grand Prix,2026-06-07,Monte Carlo
63,G RUSSELL,RUS,russell,Mercedes,00D7B6,mercedes,George,Russell,George Russell,https://media.formula1.com/d_driver_fallback_image.png/content/dam/fom-website/drivers/G/GEORUS01_George_Russell/georus01.png.transform/1col/image.png,,1.0,,,0 days 00:01:15.717000,0 days 00:01:15.228000,0 days 00:01:14.679000,,,,,2026,7,Barcelona Grand Prix,2026-06-14,Barcelona
44,L HAMILTON,HAM,hamilton,Ferrari,ED1131,ferrari,Lewis,Hamilton,Lewis Hamilton,https://media.formula1.com/d_driver_fallback_image.png/content/dam/fom-website/drivers/L/LEWHAM01_Lewis_Hamilton/lewham01.png.transform/1col/image.png,,2.0,,,0 days 00:01:15.625000,0 days 00:01:15.418000,0 days 00:01:14.743000,,,,,2026,7,Barcelona Grand Prix,2026-06-14,Barcelona
12,K ANTONELLI,ANT,antonelli,Mercedes,00D7B6,mercedes,Kimi,Antonelli,Kimi Antonelli,https://media.formula1.com/d_driver_fallback_image.png/content/dam/fom-website/drivers/K/ANDANT01_Kimi_Antonelli/andant01.png.transform/1col/image.png,,3.0,,,0 days 00:01:15.977000,0 days 00:01:15.295000,0 days 00:01:14.998000,,,,,2026,7,Barcelona Grand Prix,2026-06-14,Barcelona
1,L NORRIS,NOR,norris,McLaren,F47600,mclaren,Lando,Norris,Lando Norris,https://media.formula1.com/d_driver_fallback_image.png/content/dam/fom-website/drivers/L/LANNOR01_Lando_Norris/lannor01.png.transform/1col/image.png,,4.0,,,0 days 00:01:16.287000,0 days 00:01:15.361000,0 days 00:01:15.001000,,,,,2026,7,Barcelona Grand Prix,2026-06-14,Barcelona
3,M VERSTAPPEN,VER,max_verstappen,Red Bull Racing,4781D7,red_bull,Max,Verstappen,Max Verstappen,https://media.formula1.com/d_driver_fallback_image.png/content/dam/fom-website/drivers/M/MAXVER01_Max_Verstappen/maxver01.png.transform/1col/image.png,,5.0,,,0 days 00:01:16.352000,0 days 00:01:15.484000,0 days 00:01:15.021000,,,,,2026,7,Barcelona Grand Prix,2026-06-14,Barcelona
6,I HADJAR,HAD,hadjar,Red Bull Racing,4781D7,red_bull,Isack,Hadjar,Isack Hadjar,https://media.formula1.com/d_driver_fallback_image.png/content/dam/fom-website/drivers/I/ISAHAD01_Isack_Hadjar/isahad01.png.transform/1col/image.png,,6.0,,,0 days 00:01:16.427000,0 days 00:01:15.754000,0 days 00:01:15.077000,,,,,2026,7,Barcelona Grand Prix,2026-06-14,Barcelona
81,O PIASTRI,PIA,piastri,McLaren,F47600,mclaren,Oscar,Piastri,Oscar Piastri,https://media.formula1.com/d_driver_fallback_image.png/content/dam/fom-website/drivers/O/OSCPIA01_Oscar_Piastri/oscpia01.png.transform/1col/image.png,,7.0,,,0 days 00:01:16.138000,0 days 00:01:15.518000,0 days 00:01:15.090000,,,,,2026,7,Barcelona Grand Prix,2026-06-14,Barcelona
30,L LAWSON,LAW,lawson,Racing Bulls,6C98FF,rb,Liam,Lawson,Liam Lawson,https://media.formula1.com/d_driver_fallback_image.png/content/dam/fom-website/drivers/L/LIALAW01_Liam_Lawson/lialaw01.png.transform/1col/image.png,,8.0,,,0 days 00:01:16.673000,0 days 00:01:15.585000,0 days 00:01:16.542000,,,,,2026,7,Barcelona Grand Prix,2026-06-14,Barcelona
27,N HULKENBERG,HUL,hulkenberg,Audi,F50537,audi,Nico,Hulkenberg,Nico Hulkenberg,https://media.formula1.com/d_driver_fallback_image.png/content/dam/fom-website/drivers/N/NICHUL01_Nico_Hulkenberg/nichul01.png.transform/1col/image.png,,9.0,,,0 days 00:01:16.066000,0 days 00:01:15.768000,0 days 00:01:16.657000,,,,,2026,7,Barcelona Grand Prix,2026-06-14,Barcelona
16,C LECLERC,LEC,leclerc,Ferrari,ED1131,ferrari,Charles,Leclerc,Charles Leclerc,https://media.formula1.com/d_driver_fallback_image.png/content/dam/fom-website/drivers/C/CHALEC01_Charles_Leclerc/chalec01.png.transform/1col/image.png,,10.0,,,0 days 00:01:15.964000,0 days 00:01:15.281000,,,,,,2026,7,Barcelona Grand Prix,2026-06-14,Barcelona
41,A LINDBLAD,LIN,arvid_lindblad,Racing Bulls,6C98FF,rb,Arvid,Lindblad,Arvid Lindblad,https://media.formula1.com/d_driver_fallback_image.png/content/dam/fom-website/drivers/A/ARVLIN01_Arvid_Lindblad/arvlin01.png.transform/1col/image.png,,11.0,,,0 days 00:01:16.425000,0 days 00:01:15.840000,,,,,,2026,7,Barcelona Grand Prix,2026-06-14,Barcelona
5,G BORTOLETO,BOR,bortoleto,Audi,F50537,audi,Gabriel,Bortoleto,Gabriel Bortoleto,https://media.formula1.com/d_driver_fallback_image.png/content/dam/fom-website/drivers/G/GABBOR01_Gabriel_Bortoleto/gabbor01.png.transform/1col/image.png,,12.0,,,0 days 00:01:16.616000,0 days 00:01:16.001000,,,,,,2026,7,Barcelona Grand Prix,2026-06-14,Barcelona
43,F COLAPINTO,COL,colapinto,Alpine,00A1E8,alpine,Franco,Colapinto,Franco Colapinto,https://media.formula1.com/d_driver_fallback_image.png/content/dam/fom-website/drivers/F/FRACOL01_Franco_Colapinto/fracol01.png.transform/1col/image.png,,13.0,,,0 days 00:01:16.590000,0 days 00:01:16.191000,,,,,,2026,7,Barcelona Grand Prix,2026-06-14,Barcelona
10,P GASLY,GAS,gasly,Alpine,00A1E8,alpine,Pierre,Gasly,Pierre Gasly,https://media.formula1.com/d_driver_fallback_image.png/content/dam/fom-website/drivers/P/PIEGAS01_Pierre_Gasly/piegas01.png.transform/1col/image.png,,14.0,,,0 days 00:01:16.599000,0 days 00:01:16.261000,,,,,,2026,7,Barcelona Grand Prix,2026-06-14,Barcelona
87,O BEARMAN,BEA,bearman,Haas F1 Team,9C9FA2,haas,Oliver,Bearman,Oliver Bearman,https://media.formula1.com/d_driver_fallback_image.png/content/dam/fom-website/drivers/O/OLIBEA01_Oliver_Bearman/olibea01.png.transform/1col/image.png,,15.0,,,0 days 00:01:16.571000,0 days 00:01:16.389000,,,,,,2026,7,Barcelona Grand Prix,2026-06-14,Barcelona
55,C SAINZ,SAI,sainz,Williams,1868DB,williams,Carlos,Sainz,Carlos Sainz,https://media.formula1.com/d_driver_fallback_image.png/content/dam/fom-website/drivers/C/CARSAI01_Carlos_Sainz/carsai01.png.transform/1col/image.png,,16.0,,,0 days 00:01:16.881000,0 days 00:01:17.827000,,,,,,2026,7,Barcelona Grand Prix,2026-06-14,Barcelona
31,E OCON,OCO,ocon,Haas F1 Team,9C9FA2,haas,Esteban,Ocon,Esteban Ocon,https://media.formula1.com/d_driver_fallback_image.png/content/dam/fom-website/drivers/E/ESTOCO01_Esteban_Ocon/estoco01.png.transform/1col/image.png,,17.0,,,0 days 00:01:17.073000,,,,,,,2026,7,Barcelona Grand Prix,2026-06-14,Barcelona
23,A ALBON,ALB,albon,Williams,1868DB,williams,Alexander,Albon,Alexander Albon,https://media.formula1.com/d_driver_fallback_image.png/content/dam/fom-website/drivers/A/ALEALB01_Alexander_Albon/alealb01.png.transform/1col/image.png,,18.0,,,0 days 00:01:17.424000,,,,,,,2026,7,Barcelona Grand Prix,2026-06-14,Barcelona
11,S PEREZ,PER,perez,Cadillac,909090,cadillac,Sergio,Perez,Sergio Perez,https://media.formula1.com/d_driver_fallback_image.png/content/dam/fom-website/drivers/S/SERPER01_Sergio_Perez/serper01.png.transform/1col/image.png,,19.0,,,0 days 00:01:17.545000,,,,,,,2026,7,Barcelona Grand Prix,2026-06-14,Barcelona
77,V BOTTAS,BOT,bottas,Cadillac,909090,cadillac,Valtteri,Bottas,Valtteri Bottas,https://media.formula1.com/d_driver_fallback_image.png/content/dam/fom-website/drivers/V/VALBOT01_Valtteri_Bottas/valbot01.png.transform/1col/image.png,,20.0,,,0 days 00:01:17.757000,,,,,,,2026,7,Barcelona Grand Prix,2026-06-14,Barcelona
18,L STROLL,STR,stroll,Aston Martin,229971,aston_martin,Lance,Stroll,Lance Stroll,https://media.formula1.com/d_driver_fallback_image.png/content/dam/fom-website/drivers/L/LANSTR01_Lance_Stroll/lanstr01.png.transform/1col/image.png,,21.0,,,0 days 00:01:18.758000,,,,,,,2026,7,Barcelona Grand Prix,2026-06-14,Barcelona
14,F ALONSO,ALO,alonso,Aston Martin,229971,aston_martin,Fernando,Alonso,Fernando Alonso,https://media.formula1.com/d_driver_fallback_image.png/content/dam/fom-website/drivers/F/FERALO01_Fernando_Alonso/feralo01.png.transform/1col/image.png,,22.0,,,0 days 00:01:18.815000,,,,,,,2026,7,Barcelona Grand Prix,2026-06-14,Barcelona
63,G RUSSELL,RUS,russell,Mercedes,00D7B6,mercedes,George,Russell,George Russell,https://media.formula1.com/d_driver_fallback_image.png/content/dam/fom-website/drivers/G/GEORUS01_George_Russell/georus01.png.transform/1col/image.png,,1.0,,,0 days 00:01:07.398000,0 days 00:01:06.979000,0 days 00:01:06.113000,,,,,2026,8,Austrian Grand Prix,2026-06-28,Spielberg
16,C LECLERC,LEC,leclerc,Ferrari,ED1131,ferrari,Charles,Leclerc,Charles Leclerc,https://media.formula1.com/d_driver_fallback_image.png/content/dam/fom-website/drivers/C/CHALEC01_Charles_Leclerc/chalec01.png.transform/1col/image.png,,2.0,,,0 days 00:01:07.543000,0 days 00:01:07.030000,0 days 00:01:06.349000,,,,,2026,8,Austrian Grand Prix,2026-06-28,Spielberg
44,L HAMILTON,HAM,hamilton,Ferrari,ED1131,ferrari,Lewis,Hamilton,Lewis Hamilton,https://media.formula1.com/d_driver_fallback_image.png/content/dam/fom-website/drivers/L/LEWHAM01_Lewis_Hamilton/lewham01.png.transform/1col/image.png,,3.0,,,0 days 00:01:07.290000,0 days 00:01:06.994000,0 days 00:01:06.408000,,,,,2026,8,Austrian Grand Prix,2026-06-28,Spielberg
12,K ANTONELLI,ANT,antonelli,Mercedes,00D7B6,mercedes,Kimi,Antonelli,Kimi Antonelli,https://media.formula1.com/d_driver_fallback_image.png/content/dam/fom-website/drivers/K/ANDANT01_Kimi_Antonelli/andant01.png.transform/1col/image.png,,4.0,,,0 days 00:01:07.083000,0 days 00:01:06.763000,0 days 00:01:06.414000,,,,,2026,8,Austrian Grand Prix,2026-06-28,Spielberg
3,M VERSTAPPEN,VER,max_verstappen,Red Bull Racing,4781D7,red_bull,Max,Verstappen,Max Verstappen,https://media.formula1.com/d_driver_fallback_image.png/content/dam/fom-website/drivers/M/MAXVER01_Max_Verstappen/maxver01.png.transform/1col/image.png,,5.0,,,0 days 00:01:07.407000,0 days 00:01:07.183000,0 days 00:01:06.475000,,,,,2026,8,Austrian Grand Prix,2026-06-28,Spielberg
1,L NORRIS,NOR,norris,McLaren,F47600,mclaren,Lando,Norris,Lando Norris,https://media.formula1.com/d_driver_fallback_image.png/content/dam/fom-website/drivers/L/LANNOR01_Lando_Norris/lannor01.png.transform/1col/image.png,,6.0,,,0 days 00:01:07.259000,0 days 00:01:06.897000,0 days 00:01:06.502000,,,,,2026,8,Austrian Grand Prix,2026-06-28,Spielberg
81,O PIASTRI,PIA,piastri,McLaren,F47600,mclaren,Oscar,Piastri,Oscar Piastri,https://media.formula1.com/d_driver_fallback_image.png/content/dam/fom-website/drivers/O/OSCPIA01_Oscar_Piastri/oscpia01.png.transform/1col/image.png,,7.0,,,0 days 00:01:07.487000,0 days 00:01:06.890000,0 days 00:01:06.511000,,,,,2026,8,Austrian Grand Prix,2026-06-28,Spielberg
6,I HADJAR,HAD,hadjar,Red Bull Racing,4781D7,red_bull,Isack,Hadjar,Isack Hadjar,https://media.formula1.com/d_driver_fallback_image.png/content/dam/fom-website/drivers/I/ISAHAD01_Isack_Hadjar/isahad01.png.transform/1col/image.png,,8.0,,,0 days 00:01:07.408000,0 days 00:01:07.086000,0 days 00:01:06.632000,,,,,2026,8,Austrian Grand Prix,2026-06-28,Spielberg
30,L LAWSON,LAW,lawson,Racing Bulls,6C98FF,rb,Liam,Lawson,Liam Lawson,https://media.formula1.com/d_driver_fallback_image.png/content/dam/fom-website/drivers/L/LIALAW01_Liam_Lawson/lialaw01.png.transform/1col/image.png,,9.0,,,0 days 00:01:07.385000,0 days 00:01:07.136000,0 days 00:01:06.955000,,,,,2026,8,Austrian Grand Prix,2026-06-28,Spielberg
41,A LINDBLAD,LIN,arvid_lindblad,Racing Bulls,6C98FF,rb,Arvid,Lindblad,Arvid Lindblad,https://media.formula1.com/d_driver_fallback_image.png/content/dam/fom-website/drivers/A/ARVLIN01_Arvid_Lindblad/arvlin01.png.transform/1col/image.png,,10.0,,,0 days 00:01:07.549000,0 days 00:01:07.155000,0 days 00:01:07.007000,,,,,2026,8,Austrian Grand Prix,2026-06-28,Spielberg
10,P GASLY,GAS,gasly,Alpine,00A1E8,alpine,Pierre,Gasly,Pierre Gasly,https://media.formula1.com/d_driver_fallback_image.png/content/dam/fom-website/drivers/P/PIEGAS01_Pierre_Gasly/piegas01.png.transform/1col/image.png,,11.0,,,0 days 00:01:08.038000,0 days 00:01:07.223000,,,,,,2026,8,Austrian Grand Prix,2026-06-28,Spielberg
5,G BORTOLETO,BOR,bortoleto,Audi,F50537,audi,Gabriel,Bortoleto,Gabriel Bortoleto,https://media.formula1.com/d_driver_fallback_image.png/content/dam/fom-website/drivers/G/GABBOR01_Gabriel_Bortoleto/gabbor01.png.transform/1col/image.png,,12.0,,,0 days 00:01:08.035000,0 days 00:01:07.293000,,,,,,2026,8,Austrian Grand Prix,2026-06-28,Spielberg
87,O BEARMAN,BEA,bearman,Haas F1 Team,9C9FA2,haas,Oliver,Bearman,Oliver Bearman,https://media.formula1.com/d_driver_fallback_image.png/content/dam/fom-website/drivers/O/OLIBEA01_Oliver_Bearman/olibea01.png.transform/1col/image.png,,13.0,,,0 days 00:01:08.061000,0 days 00:01:07.523000,,,,,,2026,8,Austrian Grand Prix,2026-06-28,Spielberg
27,N HULKENBERG,HUL,hulkenberg,Audi,F50537,audi,Nico,Hulkenberg,Nico Hulkenberg,https://media.formula1.com/d_driver_fallback_image.png/content/dam/fom-website/drivers/N/NICHUL01_Nico_Hulkenberg/nichul01.png.transform/1col/image.png,,14.0,,,0 days 00:01:08.066000,0 days 00:01:07.611000,,,,,,2026,8,Austrian Grand Prix,2026-06-28,Spielberg
31,E OCON,OCO,ocon,Haas F1 Team,9C9FA2,haas,Esteban,Ocon,Esteban Ocon,https://media.formula1.com/d_driver_fallback_image.png/content/dam/fom-website/drivers/E/ESTOCO01_Esteban_Ocon/estoco01.png.transform/1col/image.png,,15.0,,,0 days 00:01:08.231000,0 days 00:01:07.817000,,,,,,2026,8,Austrian Grand Prix,2026-06-28,Spielberg
43,F COLAPINTO,COL,colapinto,Alpine,00A1E8,alpine,Franco,Colapinto,Franco Colapinto,https://media.formula1.com/d_driver_fallback_image.png/content/dam/fom-website/drivers/F/FRACOL01_Franco_Colapinto/fracol01.png.transform/1col/image.png,,16.0,,,0 days 00:01:07.894000,0 days 00:01:08.171000,,,,,,2026,8,Austrian Grand Prix,2026-06-28,Spielberg
55,C SAINZ,SAI,sainz,Williams,1868DB,williams,Carlos,Sainz,Carlos Sainz,https://media.formula1.com/d_driver_fallback_image.png/content/dam/fom-website/drivers/C/CARSAI01_Carlos_Sainz/carsai01.png.transform/1col/image.png,,17.0,,,0 days 00:01:08.252000,,,,,,,2026,8,Austrian Grand Prix,2026-06-28,Spielberg
23,A ALBON,ALB,albon,Williams,1868DB,williams,Alexander,Albon,Alexander Albon,https://media.formula1.com/d_driver_fallback_image.png/content/dam/fom-website/drivers/A/ALEALB01_Alexander_Albon/alealb01.png.transform/1col/image.png,,18.0,,,0 days 00:01:08.509000,,,,,,,2026,8,Austrian Grand Prix,2026-06-28,Spielberg
11,S PEREZ,PER,perez,Cadillac,909090,cadillac,Sergio,Perez,Sergio Perez,https://media.formula1.com/d_driver_fallback_image.png/content/dam/fom-website/drivers/S/SERPER01_Sergio_Perez/serper01.png.transform/1col/image.png,,19.0,,,0 days 00:01:08.945000,,,,,,,2026,8,Austrian Grand Prix,2026-06-28,Spielberg
77,V BOTTAS,BOT,bottas,Cadillac,909090,cadillac,Valtteri,Bottas,Valtteri Bottas,https://media.formula1.com/d_driver_fallback_image.png/content/dam/fom-website/drivers/V/VALBOT01_Valtteri_Bottas/valbot01.png.transform/1col/image.png,,20.0,,,0 days 00:01:09.030000,,,,,,,2026,8,Austrian Grand Prix,2026-06-28,Spielberg
14,F ALONSO,ALO,alonso,Aston Martin,229971,aston_martin,Fernando,Alonso,Fernando Alonso,https://media.formula1.com/d_driver_fallback_image.png/content/dam/fom-website/drivers/F/FERALO01_Fernando_Alonso/feralo01.png.transform/1col/image.png,,21.0,,,0 days 00:01:09.942000,,,,,,,2026,8,Austrian Grand Prix,2026-06-28,Spielberg
18,L STROLL,STR,stroll,Aston Martin,229971,aston_martin,Lance,Stroll,Lance Stroll,https://media.formula1.com/d_driver_fallback_image.png/content/dam/fom-website/drivers/L/LANSTR01_Lance_Stroll/lanstr01.png.transform/1col/image.png,,22.0,,,0 days 00:01:10.363000,,,,,,,2026,8,Austrian Grand Prix,2026-06-28,Spielberg
12,K ANTONELLI,ANT,antonelli,Mercedes,00D7B6,mercedes,Kimi,Antonelli,Kimi Antonelli,https://media.formula1.com/d_driver_fallback_image.png/content/dam/fom-website/drivers/K/ANDANT01_Kimi_Antonelli/andant01.png.transform/1col/image.png,,1.0,,,0 days 00:01:29.719000,0 days 00:01:28.493000,0 days 00:01:28.111000,,,,,2026,9,British Grand Prix,2026-07-05,Silverstone
16,C LECLERC,LEC,leclerc,Ferrari,ED1131,ferrari,Charles,Leclerc,Charles Leclerc,https://media.formula1.com/d_driver_fallback_image.png/content/dam/fom-website/drivers/C/CHALEC01_Charles_Leclerc/chalec01.png.transform/1col/image.png,,2.0,,,0 days 00:01:29.534000,0 days 00:01:28.626000,0 days 00:01:28.286000,,,,,2026,9,British Grand Prix,2026-07-05,Silverstone
44,L HAMILTON,HAM,hamilton,Ferrari,ED1131,ferrari,Lewis,Hamilton,Lewis Hamilton,https://media.formula1.com/d_driver_fallback_image.png/content/dam/fom-website/drivers/L/LEWHAM01_Lewis_Hamilton/lewham01.png.transform/1col/image.png,,3.0,,,0 days 00:01:29.644000,0 days 00:01:28.864000,0 days 00:01:28.458000,,,,,2026,9,British Grand Prix,2026-07-05,Silverstone
63,G RUSSELL,RUS,russell,Mercedes,00D7B6,mercedes,George,Russell,George Russell,https://media.formula1.com/d_driver_fallback_image.png/content/dam/fom-website/drivers/G/GEORUS01_George_Russell/georus01.png.transform/1col/image.png,,4.0,,,0 days 00:01:29.985000,0 days 00:01:28.920000,0 days 00:01:28.481000,,,,,2026,9,British Grand Prix,2026-07-05,Silverstone
6,I HADJAR,HAD,hadjar,Red Bull Racing,4781D7,red_bull,Isack,Hadjar,Isack Hadjar,https://media.formula1.com/d_driver_fallback_image.png/content/dam/fom-website/drivers/I/ISAHAD01_Isack_Hadjar/isahad01.png.transform/1col/image.png,,5.0,,,0 days 00:01:29.276000,0 days 00:01:29.069000,0 days 00:01:28.746000,,,,,2026,9,British Grand Prix,2026-07-05,Silverstone
1,L NORRIS,NOR,norris,McLaren,F47600,mclaren,Lando,Norris,Lando Norris,https://media.formula1.com/d_driver_fallback_image.png/content/dam/fom-website/drivers/L/LANNOR01_Lando_Norris/lannor01.png.transform/1col/image.png,,6.0,,,0 days 00:01:30.186000,0 days 00:01:29.383000,0 days 00:01:28.877000,,,,,2026,9,British Grand Prix,2026-07-05,Silverstone
3,M VERSTAPPEN,VER,max_verstappen,Red Bull Racing,4781D7,red_bull,Max,Verstappen,Max Verstappen,https://media.formula1.com/d_driver_fallback_image.png/content/dam/fom-website/drivers/M/MAXVER01_Max_Verstappen/maxver01.png.transform/1col/image.png,,7.0,,,0 days 00:01:29.549000,0 days 00:01:29.113000,0 days 00:01:28.893000,,,,,2026,9,British Grand Prix,2026-07-05,Silverstone
81,O PIASTRI,PIA,piastri,McLaren,F47600,mclaren,Oscar,Piastri,Oscar Piastri,https://media.formula1.com/d_driver_fallback_image.png/content/dam/fom-website/drivers/O/OSCPIA01_Oscar_Piastri/oscpia01.png.transform/1col/image.png,,8.0,,,0 days 00:01:29.971000,0 days 00:01:29.218000,0 days 00:01:29.032000,,,,,2026,9,British Grand Prix,2026-07-05,Silverstone
41,A LINDBLAD,LIN,arvid_lindblad,Racing Bulls,6C98FF,rb,Arvid,Lindblad,Arvid Lindblad,https://media.formula1.com/d_driver_fallback_image.png/content/dam/fom-website/drivers/A/ARVLIN01_Arvid_Lindblad/arvlin01.png.transform/1col/image.png,,9.0,,,0 days 00:01:29.661000,0 days 00:01:29.324000,0 days 00:01:29.305000,,,,,2026,9,British Grand Prix,2026-07-05,Silverstone
30,L LAWSON,LAW,lawson,Racing Bulls,6C98FF,rb,Liam,Lawson,Liam Lawson,https://media.formula1.com/d_driver_fallback_image.png/content/dam/fom-website/drivers/L/LIALAW01_Liam_Lawson/lialaw01.png.transform/1col/image.png,,10.0,,,0 days 00:01:29.300000,0 days 00:01:29.429000,0 days 00:01:29.716000,,,,,2026,9,British Grand Prix,2026-07-05,Silverstone
5,G BORTOLETO,BOR,bortoleto,Audi,F50537,audi,Gabriel,Bortoleto,Gabriel Bortoleto,https://media.formula1.com/d_driver_fallback_image.png/content/dam/fom-website/drivers/G/GABBOR01_Gabriel_Bortoleto/gabbor01.png.transform/1col/image.png,,11.0,,,0 days 00:01:30.269000,0 days 00:01:29.461000,,,,,,2026,9,British Grand Prix,2026-07-05,Silverstone
10,P GASLY,GAS,gasly,Alpine,00A1E8,alpine,Pierre,Gasly,Pierre Gasly,https://media.formula1.com/d_driver_fallback_image.png/content/dam/fom-website/drivers/P/PIEGAS01_Pierre_Gasly/piegas01.png.transform/1col/image.png,,12.0,,,0 days 00:01:30.345000,0 days 00:01:30.063000,,,,,,2026,9,British Grand Prix,2026-07-05,Silverstone
27,N HULKENBERG,HUL,hulkenberg,Audi,F50537,audi,Nico,Hulkenberg,Nico Hulkenberg,https://media.formula1.com/d_driver_fallback_image.png/content/dam/fom-website/drivers/N/NICHUL01_Nico_Hulkenberg/nichul01.png.transform/1col/image.png,,13.0,,,0 days 00:01:29.539000,0 days 00:01:30.076000,,,,,,2026,9,British Grand Prix,2026-07-05,Silverstone
87,O BEARMAN,BEA,bearman,Haas F1 Team,9C9FA2,haas,Oliver,Bearman,Oliver Bearman,https://media.formula1.com/d_driver_fallback_image.png/content/dam/fom-website/drivers/O/OLIBEA01_Oliver_Bearman/olibea01.png.transform/1col/image.png,,14.0,,,0 days 00:01:30.570000,0 days 00:01:30.501000,,,,,,2026,9,British Grand Prix,2026-07-05,Silverstone
55,C SAINZ,SAI,sainz,Williams,1868DB,williams,Carlos,Sainz,Carlos Sainz,https://media.formula1.com/d_driver_fallback_image.png/content/dam/fom-website/drivers/C/CARSAI01_Carlos_Sainz/carsai01.png.transform/1col/image.png,,15.0,,,0 days 00:01:30.562000,0 days 00:01:30.623000,,,,,,2026,9,British Grand Prix,2026-07-05,Silverstone
23,A ALBON,ALB,albon,Williams,1868DB,williams,Alexander,Albon,Alexander Albon,https://media.formula1.com/d_driver_fallback_image.png/content/dam/fom-website/drivers/A/ALEALB01_Alexander_Albon/alealb01.png.transform/1col/image.png,,16.0,,,0 days 00:01:30.638000,0 days 00:01:31.341000,,,,,,2026,9,British Grand Prix,2026-07-05,Silverstone
31,E OCON,OCO,ocon,Haas F1 Team,9C9FA2,haas,Esteban,Ocon,Esteban Ocon,https://media.formula1.com/d_driver_fallback_image.png/content/dam/fom-website/drivers/E/ESTOCO01_Esteban_Ocon/estoco01.png.transform/1col/image.png,,17.0,,,0 days 00:01:30.680000,,,,,,,2026,9,British Grand Prix,2026-07-05,Silverstone
77,V BOTTAS,BOT,bottas,Cadillac,909090,cadillac,Valtteri,Bottas,Valtteri Bottas,https://media.formula1.com/d_driver_fallback_image.png/content/dam/fom-website/drivers/V/VALBOT01_Valtteri_Bottas/valbot01.png.transform/1col/image.png,,18.0,,,0 days 00:01:31.227000,,,,,,,2026,9,British Grand Prix,2026-07-05,Silverstone
43,F COLAPINTO,COL,colapinto,Alpine,00A1E8,alpine,Franco,Colapinto,Franco Colapinto,https://media.formula1.com/d_driver_fallback_image.png/content/dam/fom-website/drivers/F/FRACOL01_Franco_Colapinto/fracol01.png.transform/1col/image.png,,19.0,,,0 days 00:01:31.321000,,,,,,,2026,9,British Grand Prix,2026-07-05,Silverstone
11,S PEREZ,PER,perez,Cadillac,909090,cadillac,Sergio,Perez,Sergio Perez,https://media.formula1.com/d_driver_fallback_image.png/content/dam/fom-website/drivers/S/SERPER01_Sergio_Perez/serper01.png.transform/1col/image.png,,20.0,,,0 days 00:01:31.451000,,,,,,,2026,9,British Grand Prix,2026-07-05,Silverstone
18,L STROLL,STR,stroll,Aston Martin,229971,aston_martin,Lance,Stroll,Lance Stroll,https://media.formula1.com/d_driver_fallback_image.png/content/dam/fom-website/drivers/L/LANSTR01_Lance_Stroll/lanstr01.png.transform/1col/image.png,,21.0,,,0 days 00:01:32.863000,,,,,,,2026,9,British Grand Prix,2026-07-05,Silverstone
14,F ALONSO,ALO,alonso,Aston Martin,229971,aston_martin,Fernando,Alonso,Fernando Alonso,https://media.formula1.com/d_driver_fallback_image.png/content/dam/fom-website/drivers/F/FERALO01_Fernando_Alonso/feralo01.png.transform/1col/image.png,,22.0,,,0 days 00:01:33.025000,,,,,,,2026,9,British Grand Prix,2026-07-05,Silverstone
12,K ANTONELLI,ANT,antonelli,Mercedes,00D7B6,mercedes,Kimi,Antonelli,Kimi Antonelli,https://media.formula1.com/d_driver_fallback_image.png/content/dam/fom-website/drivers/K/ANDANT01_Kimi_Antonelli/andant01.png.transform/1col/image.png,,1.0,,,0 days 00:01:46.304000,0 days 00:01:45.142000,0 days 00:01:44.361000,,,,,2026,10,Belgian Grand Prix,2026-07-19,Spa-Francorchamps
3,M VERSTAPPEN,VER,max_verstappen,Red Bull Racing,4781D7,red_bull,Max,Verstappen,Max Verstappen,https://media.formula1.com/d_driver_fallback_image.png/content/dam/fom-website/drivers/M/MAXVER01_Max_Verstappen/maxver01.png.transform/1col/image.png,,2.0,,,0 days 00:01:45.930000,0 days 00:01:45.589000,0 days 00:01:44.678000,,,,,2026,10,Belgian Grand Prix,2026-07-19,Spa-Francorchamps
1,L NORRIS,NOR,norris,McLaren,F47600,mclaren,Lando,Norris,Lando Norris,https://media.formula1.com/d_driver_fallback_image.png/content/dam/fom-website/drivers/L/LANNOR01_Lando_Norris/lannor01.png.transform/1col/image.png,,3.0,,,0 days 00:01:45.865000,0 days 00:01:45.454000,0 days 00:01:44.801000,,,,,2026,10,Belgian Grand Prix,2026-07-19,Spa-Francorchamps
63,G RUSSELL,RUS,russell,Mercedes,00D7B6,mercedes,George,Russell,George Russell,https://media.formula1.com/d_driver_fallback_image.png/content/dam/fom-website/drivers/G/GEORUS01_George_Russell/georus01.png.transform/1col/image.png,,4.0,,,0 days 00:01:46.185000,0 days 00:01:45.689000,0 days 00:01:44.869000,,,,,2026,10,Belgian Grand Prix,2026-07-19,Spa-Francorchamps
16,C LECLERC,LEC,leclerc,Ferrari,ED1131,ferrari,Charles,Leclerc,Charles Leclerc,https://media.formula1.com/d_driver_fallback_image.png/content/dam/fom-website/drivers/C/CHALEC01_Charles_Leclerc/chalec01.png.transform/1col/image.png,,5.0,,,0 days 00:01:46.278000,0 days 00:01:45.397000,0 days 00:01:44.893000,,,,,2026,10,Belgian Grand Prix,2026-07-19,Spa-Francorchamps
44,L HAMILTON,HAM,hamilton,Ferrari,ED1131,ferrari,Lewis,Hamilton,Lewis Hamilton,https://media.formula1.com/d_driver_fallback_image.png/content/dam/fom-website/drivers/L/LEWHAM01_Lewis_Hamilton/lewham01.png.transform/1col/image.png,,6.0,,,0 days 00:01:46.124000,0 days 00:01:45.543000,0 days 00:01:44.895000,,,,,2026,10,Belgian Grand Prix,2026-07-19,Spa-Francorchamps
81,O PIASTRI,PIA,piastri,McLaren,F47600,mclaren,Oscar,Piastri,Oscar Piastri,https://media.formula1.com/d_driver_fallback_image.png/content/dam/fom-website/drivers/O/OSCPIA01_Oscar_Piastri/oscpia01.png.transform/1col/image.png,,7.0,,,0 days 00:01:46.433000,0 days 00:01:45.671000,0 days 00:01:45.016000,,,,,2026,10,Belgian Grand Prix,2026-07-19,Spa-Francorchamps
41,A LINDBLAD,LIN,arvid_lindblad,Racing Bulls,6C98FF,rb,Arvid,Lindblad,Arvid Lindblad,https://media.formula1.com/d_driver_fallback_image.png/content/dam/fom-website/drivers/A/ARVLIN01_Arvid_Lindblad/arvlin01.png.transform/1col/image.png,,8.0,,,0 days 00:01:46.191000,0 days 00:01:45.629000,0 days 00:01:45.143000,,,,,2026,10,Belgian Grand Prix,2026-07-19,Spa-Francorchamps
5,G BORTOLETO,BOR,bortoleto,Audi,F50537,audi,Gabriel,Bortoleto,Gabriel Bortoleto,https://media.formula1.com/d_driver_fallback_image.png/content/dam/fom-website/drivers/G/GABBOR01_Gabriel_Bortoleto/gabbor01.png.transform/1col/image.png,,9.0,,,0 days 00:01:46.609000,0 days 00:01:46.082000,0 days 00:01:45.628000,,,,,2026,10,Belgian Grand Prix,2026-07-19,Spa-Francorchamps
6,I HADJAR,HAD,hadjar,Red Bull Racing,4781D7,red_bull,Isack,Hadjar,Isack Hadjar,https://media.formula1.com/d_driver_fallback_image.png/content/dam/fom-website/drivers/I/ISAHAD01_Isack_Hadjar/isahad01.png.transform/1col/image.png,,10.0,,,0 days 00:01:46.062000,0 days 00:01:45.823000,,,,,,2026,10,Belgian Grand Prix,2026-07-19,Spa-Francorchamps
30,L LAWSON,LAW,lawson,Racing Bulls,6C98FF,rb,Liam,Lawson,Liam Lawson,https://media.formula1.com/d_driver_fallback_image.png/content/dam/fom-website/drivers/L/LIALAW01_Liam_Lawson/lialaw01.png.transform/1col/image.png,,11.0,,,0 days 00:01:46.501000,0 days 00:01:46.120000,,,,,,2026,10,Belgian Grand Prix,2026-07-19,Spa-Francorchamps
10,P GASLY,GAS,gasly,Alpine,00A1E8,alpine,Pierre,Gasly,Pierre Gasly,https://media.formula1.com/d_driver_fallback_image.png/content/dam/fom-website/drivers/P/PIEGAS01_Pierre_Gasly/piegas01.png.transform/1col/image.png,,12.0,,,0 days 00:01:46.679000,0 days 00:01:46.331000,,,,,,2026,10,Belgian Grand Prix,2026-07-19,Spa-Francorchamps
43,F COLAPINTO,COL,colapinto,Alpine,00A1E8,alpine,Franco,Colapinto,Franco Colapinto,https://media.formula1.com/d_driver_fallback_image.png/content/dam/fom-website/drivers/F/FRACOL01_Franco_Colapinto/fracol01.png.transform/1col/image.png,,13.0,,,0 days 00:01:46.795000,0 days 00:01:46.392000,,,,,,2026,10,Belgian Grand Prix,2026-07-19,Spa-Francorchamps
27,N HULKENBERG,HUL,hulkenberg,Audi,F50537,audi,Nico,Hulkenberg,Nico Hulkenberg,https://media.formula1.com/d_driver_fallback_image.png/content/dam/fom-website/drivers/N/NICHUL01_Nico_Hulkenberg/nichul01.png.transform/1col/image.png,,14.0,,,0 days 00:01:46.893000,0 days 00:01:46.671000,,,,,,2026,10,Belgian Grand Prix,2026-07-19,Spa-Francorchamps
55,C SAINZ,SAI,sainz,Williams,1868DB,williams,Carlos,Sainz,Carlos Sainz,https://media.formula1.com/d_driver_fallback_image.png/content/dam/fom-website/drivers/C/CARSAI01_Carlos_Sainz/carsai01.png.transform/1col/image.png,,15.0,,,0 days 00:01:47.080000,0 days 00:01:46.777000,,,,,,2026,10,Belgian Grand Prix,2026-07-19,Spa-Francorchamps
87,O BEARMAN,BEA,bearman,Haas F1 Team,9C9FA2,haas,Oliver,Bearman,Oliver Bearman,https://media.formula1.com/d_driver_fallback_image.png/content/dam/fom-website/drivers/O/OLIBEA01_Oliver_Bearman/olibea01.png.transform/1col/image.png,,16.0,,,0 days 00:01:47.113000,0 days 00:01:46.779000,,,,,,2026,10,Belgian Grand Prix,2026-07-19,Spa-Francorchamps
23,A ALBON,ALB,albon,Williams,1868DB,williams,Alexander,Albon,Alexander Albon,https://media.formula1.com/d_driver_fallback_image.png/content/dam/fom-website/drivers/A/ALEALB01_Alexander_Albon/alealb01.png.transform/1col/image.png,,17.0,,,0 days 00:01:47.120000,,,,,,,2026,10,Belgian Grand Prix,2026-07-19,Spa-Francorchamps
31,E OCON,OCO,ocon,Haas F1 Team,9C9FA2,haas,Esteban,Ocon,Esteban Ocon,https://media.formula1.com/d_driver_fallback_image.png/content/dam/fom-website/drivers/E/ESTOCO01_Esteban_Ocon/estoco01.png.transform/1col/image.png,,18.0,,,0 days 00:01:47.801000,,,,,,,2026,10,Belgian Grand Prix,2026-07-19,Spa-Francorchamps
77,V BOTTAS,BOT,bottas,Cadillac,909090,cadillac,Valtteri,Bottas,Valtteri Bottas,https://media.formula1.com/d_driver_fallback_image.png/content/dam/fom-website/drivers/V/VALBOT01_Valtteri_Bottas/valbot01.png.transform/1col/image.png,,19.0,,,0 days 00:01:47.823000,,,,,,,2026,10,Belgian Grand Prix,2026-07-19,Spa-Francorchamps
11,S PEREZ,PER,perez,Cadillac,909090,cadillac,Sergio,Perez,Sergio Perez,https://media.formula1.com/d_driver_fallback_image.png/content/dam/fom-website/drivers/S/SERPER01_Sergio_Perez/serper01.png.transform/1col/image.png,,20.0,,,0 days 00:01:47.971000,,,,,,,2026,10,Belgian Grand Prix,2026-07-19,Spa-Francorchamps
14,F ALONSO,ALO,alonso,Aston Martin,229971,aston_martin,Fernando,Alonso,Fernando Alonso,https://media.formula1.com/d_driver_fallback_image.png/content/dam/fom-website/drivers/F/FERALO01_Fernando_Alonso/feralo01.png.transform/1col/image.png,,21.0,,,0 days 00:01:50.002000,,,,,,,2026,10,Belgian Grand Prix,2026-07-19,Spa-Francorchamps
18,L STROLL,STR,stroll,Aston Martin,229971,aston_martin,Lance,Stroll,Lance Stroll,https://media.formula1.com/d_driver_fallback_image.png/content/dam/fom-website/drivers/L/LANSTR01_Lance_Stroll/lanstr01.png.transform/1col/image.png,,22.0,,,0 days 00:01:50.177000,,,,,,,2026,10,Belgian Grand Prix,2026-07-19,Spa-Francorchamps
1,L NORRIS,NOR,norris,McLaren,F47600,mclaren,Lando,Norris,Lando Norris,https://media.formula1.com/d_driver_fallback_image.png/content/dam/fom-website/drivers/L/LANNOR01_Lando_Norris/lannor01.png.transform/1col/image.png,,1.0,,,0 days 00:01:18.277000,0 days 00:01:17.456000,0 days 00:01:17.207000,,,,,2026,11,Hungarian Grand Prix,2026-07-26,Budapest
44,L HAMILTON,HAM,hamilton,Ferrari,ED1131,ferrari,Lewis,Hamilton,Lewis Hamilton,https://media.formula1.com/d_driver_fallback_image.png/content/dam/fom-website/drivers/L/LEWHAM01_Lewis_Hamilton/lewham01.png.transform/1col/image.png,,2.0,,,0 days 00:01:18.730000,0 days 00:01:17.803000,0 days 00:01:17.219000,,,,,2026,11,Hungarian Grand Prix,2026-07-26,Budapest
16,C LECLERC,LEC,leclerc,Ferrari,ED1131,ferrari,Charles,Leclerc,Charles Leclerc,https://media.formula1.com/d_driver_fallback_image.png/content/dam/fom-website/drivers/C/CHALEC01_Charles_Leclerc/chalec01.png.transform/1col/image.png,,3.0,,,0 days 00:01:18.984000,0 days 00:01:17.626000,0 days 00:01:17.445000,,,,,2026,11,Hungarian Grand Prix,2026-07-26,Budapest
12,K ANTONELLI,ANT,antonelli,Mercedes,00D7B6,mercedes,Kimi,Antonelli,Kimi Antonelli,https://media.formula1.com/d_driver_fallback_image.png/content/dam/fom-website/drivers/K/ANDANT01_Kimi_Antonelli/andant01.png.transform/1col/image.png,,4.0,,,0 days 00:01:18.726000,0 days 00:01:18.393000,0 days 00:01:17.479000,,,,,2026,11,Hungarian Grand Prix,2026-07-26,Budapest
81,O PIASTRI,PIA,piastri,McLaren,F47600,mclaren,Oscar,Piastri,Oscar Piastri,https://media.formula1.com/d_driver_fallback_image.png/content/dam/fom-website/drivers/O/OSCPIA01_Oscar_Piastri/oscpia01.png.transform/1col/image.png,,5.0,,,0 days 00:01:18.891000,0 days 00:01:17.928000,0 days 00:01:17.684000,,,,,2026,11,Hungarian Grand Prix,2026-07-26,Budapest
3,M VERSTAPPEN,VER,max_verstappen,Red Bull Racing,4781D7,red_bull,Max,Verstappen,Max Verstappen,https://media.formula1.com/d_driver_fallback_image.png/content/dam/fom-website/drivers/M/MAXVER01_Max_Verstappen/maxver01.png.transform/1col/image.png,,6.0,,,0 days 00:01:18.656000,0 days 00:01:18.249000,0 days 00:01:17.725000,,,,,2026,11,Hungarian Grand Prix,2026-07-26,Budapest
63,G RUSSELL,RUS,russell,Mercedes,00D7B6,mercedes,George,Russell,George Russell,https://media.formula1.com/d_driver_fallback_image.png/content/dam/fom-website/drivers/G/GEORUS01_George_Russell/georus01.png.transform/1col/image.png,,7.0,,,0 days 00:01:18.856000,0 days 00:01:18.445000,0 days 00:01:17.760000,,,,,2026,11,Hungarian Grand Prix,2026-07-26,Budapest
6,I HADJAR,HAD,hadjar,Red Bull Racing,4781D7,red_bull,Isack,Hadjar,Isack Hadjar,https://media.formula1.com/d_driver_fallback_image.png/content/dam/fom-website/drivers/I/ISAHAD01_Isack_Hadjar/isahad01.png.transform/1col/image.png,,8.0,,,0 days 00:01:18.754000,0 days 00:01:17.872000,0 days 00:01:17.856000,,,,,2026,11,Hungarian Grand Prix,2026-07-26,Budapest
41,A LINDBLAD,LIN,arvid_lindblad,Racing Bulls,6C98FF,rb,Arvid,Lindblad,Arvid Lindblad,https://media.formula1.com/d_driver_fallback_image.png/content/dam/fom-website/drivers/A/ARVLIN01_Arvid_Lindblad/arvlin01.png.transform/1col/image.png,,9.0,,,0 days 00:01:19.233000,0 days 00:01:18.360000,0 days 00:01:18.281000,,,,,2026,11,Hungarian Grand Prix,2026-07-26,Budapest
27,N HULKENBERG,HUL,hulkenberg,Audi,F50537,audi,Nico,Hulkenberg,Nico Hulkenberg,https://media.formula1.com/d_driver_fallback_image.png/content/dam/fom-website/drivers/N/NICHUL01_Nico_Hulkenberg/nichul01.png.transform/1col/image.png,,10.0,,,0 days 00:01:18.796000,0 days 00:01:18.639000,0 days 00:01:18.686000,,,,,2026,11,Hungarian Grand Prix,2026-07-26,Budapest
30,L LAWSON,LAW,lawson,Racing Bulls,6C98FF,rb,Liam,Lawson,Liam Lawson,https://media.formula1.com/d_driver_fallback_image.png/content/dam/fom-website/drivers/L/LIALAW01_Liam_Lawson/lialaw01.png.transform/1col/image.png,,11.0,,,0 days 00:01:19.161000,0 days 00:01:18.765000,,,,,,2026,11,Hungarian Grand Prix,2026-07-26,Budapest
10,P GASLY,GAS,gasly,Alpine,00A1E8,alpine,Pierre,Gasly,Pierre Gasly,https://media.formula1.com/d_driver_fallback_image.png/content/dam/fom-website/drivers/P/PIEGAS01_Pierre_Gasly/piegas01.png.transform/1col/image.png,,12.0,,,0 days 00:01:19.741000,0 days 00:01:18.844000,,,,,,2026,11,Hungarian Grand Prix,2026-07-26,Budapest
43,F COLAPINTO,COL,colapinto,Alpine,00A1E8,alpine,Franco,Colapinto,Franco Colapinto,https://media.formula1.com/d_driver_fallback_image.png/content/dam/fom-website/drivers/F/FRACOL01_Franco_Colapinto/fracol01.png.transform/1col/image.png,,13.0,,,0 days 00:01:19.771000,0 days 00:01:19.027000,,,,,,2026,11,Hungarian Grand Prix,2026-07-26,Budapest
5,G BORTOLETO,BOR,bortoleto,Audi,F50537,audi,Gabriel,Bortoleto,Gabriel Bortoleto,https://media.formula1.com/d_driver_fallback_image.png/content/dam/fom-website/drivers/G/GABBOR01_Gabriel_Bortoleto/gabbor01.png.transform/1col/image.png,,14.0,,,0 days 00:01:19.069000,0 days 00:01:19.105000,,,,,,2026,11,Hungarian Grand Prix,2026-07-26,Budapest
31,E OCON,OCO,ocon,Haas F1 Team,9C9FA2,haas,Esteban,Ocon,Esteban Ocon,https://media.formula1.com/d_driver_fallback_image.png/content/dam/fom-website/drivers/E/ESTOCO01_Esteban_Ocon/estoco01.png.transform/1col/image.png,,15.0,,,0 days 00:01:20.010000,0 days 00:01:19.734000,,,,,,2026,11,Hungarian Grand Prix,2026-07-26,Budapest
14,F ALONSO,ALO,alonso,Aston Martin,229971,aston_martin,Fernando,Alonso,Fernando Alonso,https://media.formula1.com/d_driver_fallback_image.png/content/dam/fom-website/drivers/F/FERALO01_Fernando_Alonso/feralo01.png.transform/1col/image.png,,16.0,,,0 days 00:01:20.126000,0 days 00:01:19.808000,,,,,,2026,11,Hungarian Grand Prix,2026-07-26,Budapest
87,O BEARMAN,BEA,bearman,Haas F1 Team,9C9FA2,haas,Oliver,Bearman,Oliver Bearman,https://media.formula1.com/d_driver_fallback_image.png/content/dam/fom-website/drivers/O/OLIBEA01_Oliver_Bearman/olibea01.png.transform/1col/image.png,,17.0,,,0 days 00:01:20.233000,,,,,,,2026,11,Hungarian Grand Prix,2026-07-26,Budapest
55,C SAINZ,SAI,sainz,Williams,1868DB,williams,Carlos,Sainz,Carlos Sainz,https://media.formula1.com/d_driver_fallback_image.png/content/dam/fom-website/drivers/C/CARSAI01_Carlos_Sainz/carsai01.png.transform/1col/image.png,,18.0,,,0 days 00:01:20.621000,,,,,,,2026,11,Hungarian Grand Prix,2026-07-26,Budapest
23,A ALBON,ALB,albon,Williams,1868DB,williams,Alexander,Albon,Alexander Albon,https://media.formula1.com/d_driver_fallback_image.png/content/dam/fom-website/drivers/A/ALEALB01_Alexander_Albon/alealb01.png.transform/1col/image.png,,19.0,,,0 days 00:01:20.658000,,,,,,,2026,11,Hungarian Grand Prix,2026-07-26,Budapest
18,L STROLL,STR,stroll,Aston Martin,229971,aston_martin,Lance,Stroll,Lance Stroll,https://media.formula1.com/d_driver_fallback_image.png/content/dam/fom-website/drivers/L/LANSTR01_Lance_Stroll/lanstr01.png.transform/1col/image.png,,20.0,,,0 days 00:01:20.659000,,,,,,,2026,11,Hungarian Grand Prix,2026-07-26,Budapest
77,V BOTTAS,BOT,bottas,Cadillac,909090,cadillac,Valtteri,Bottas,Valtteri Bottas,https://media.formula1.com/d_driver_fallback_image.png/content/dam/fom-website/drivers/V/VALBOT01_Valtteri_Bottas/valbot01.png.transform/1col/image.png,,21.0,,,0 days 00:01:20.886000,,,,,,,2026,11,Hungarian Grand Prix,2026-07-26,Budapest
11,S PEREZ,PER,perez,Cadillac,909090,cadillac,Sergio,Perez,Sergio Perez,https://media.formula1.com/d_driver_fallback_image.png/content/dam/fom-website/drivers/S/SERPER01_Sergio_Perez/serper01.png.transform/1col/image.png,,22.0,,,0 days 00:01:21.322000,,,,,,,2026,11,Hungarian Grand Prix,2026-07-26,Budapest
1,L NORRIS,NOR,norris,McLaren,F47600,mclaren,Lando,Norris,Lando Norris,https://media.formula1.com/d_driver_fallback_image.png/content/dam/fom-website/drivers/L/LANNOR01_Lando_Norris/lannor01.png.transform/1col/image.png,,1.0,,,0 days 00:01:12.695000,0 days 00:01:11.628000,0 days 00:01:11.163000,,,,,2026,12,Dutch Grand Prix,2026-08-23,Zandvoort
63,G RUSSELL,RUS,russell,Mercedes,00D7B6,mercedes,George,Russell,George Russell,https://media.formula1.com/d_driver_fallback_image.png/content/dam/fom-website/drivers/G/GEORUS01_George_Russell/georus01.png.transform/1col/image.png,,2.0,,,0 days 00:01:12.924000,0 days 00:01:11.959000,0 days 00:01:11.265000,,,,,2026,12,Dutch Grand Prix,2026-08-23,Zandvoort
12,K ANTONELLI,ANT,antonelli,Mercedes,00D7B6,mercedes,Kimi,Antonelli,Kimi Antonelli,https://media.formula1.com/d_driver_fallback_image.png/content/dam/fom-website/drivers/K/ANDANT01_Kimi_Antonelli/andant01.png.transform/1col/image.png,,3.0,,,0 days 00:01:13.022000,0 days 00:01:11.915000,0 days 00:01:11.296000,,,,,2026,12,Dutch Grand Prix,2026-08-23,Zandvoort
81,O PIASTRI,PIA,piastri,McLaren,F47600,mclaren,Oscar,Piastri,Oscar Piastri,https://media.formula1.com/d_driver_fallback_image.png/content/dam/fom-website/drivers/O/OSCPIA01_Oscar_Piastri/oscpia01.png.transform/1col/image.png,,4.0,,,0 days 00:01:12.610000,0 days 00:01:11.641000,0 days 00:01:11.305000,,,,,2026,12,Dutch Grand Prix,2026-08-23,Zandvoort
44,L HAMILTON,HAM,hamilton,Ferrari,ED1131,ferrari,Lewis,Hamilton,Lewis Hamilton,https://media.formula1.com/d_driver_fallback_image.png/content/dam/fom-website/drivers/L/LEWHAM01_Lewis_Hamilton/lewham01.png.transform/1col/image.png,,5.0,,,0 days 00:01:12.673000,0 days 00:01:11.970000,0 days 00:01:11.494000,,,,,2026,12,Dutch Grand Prix,2026-08-23,Zandvoort
16,C LECLERC,LEC,leclerc,Ferrari,ED1131,ferrari,Charles,Leclerc,Charles Leclerc,https://media.formula1.com/d_driver_fallback_image.png/content/dam/fom-website/drivers/C/CHALEC01_Charles_Leclerc/chalec01.png.transform/1col/image.png,,6.0,,,0 days 00:01:13.064000,0 days 00:01:11.910000,0 days 00:01:11.558000,,,,,2026,12,Dutch Grand Prix,2026-08-23,Zandvoort
3,M VERSTAPPEN,VER,max_verstappen,Red Bull Racing,4781D7,red_bull,Max,Verstappen,Max Verstappen,https://media.formula1.com/d_driver_fallback_image.png/content/dam/fom-website/drivers/M/MAXVER01_Max_Verstappen/maxver01.png.transform/1col/image.png,,7.0,,,0 days 00:01:13.290000,0 days 00:01:11.874000,0 days 00:01:11.618000,,,,,2026,12,Dutch Grand Prix,2026-08-23,Zandvoort
30,L LAWSON,LAW,lawson,Red Bull Racing,4781D7,red_bull,Liam,Lawson,Liam Lawson,https://media.formula1.com/d_driver_fallback_image.png/content/dam/fom-website/drivers/L/LIALAW01_Liam_Lawson/lialaw01.png.transform/1col/image.png,,8.0,,,0 days 00:01:13.392000,0 days 00:01:12.301000,0 days 00:01:11.733000,,,,,2026,12,Dutch Grand Prix,2026-08-23,Zandvoort
5,G BORTOLETO,BOR,bortoleto,Audi,F50537,audi,Gabriel,Bortoleto,Gabriel Bortoleto,https://media.formula1.com/d_driver_fallback_image.png/content/dam/fom-website/drivers/G/GABBOR01_Gabriel_Bortoleto/gabbor01.png.transform/1col/image.png,,9.0,,,0 days 00:01:13.142000,0 days 00:01:12.433000,0 days 00:01:12.079000,,,,,2026,12,Dutch Grand Prix,2026-08-23,Zandvoort
41,A LINDBLAD,LIN,arvid_lindblad,Racing Bulls,6C98FF,rb,Arvid,Lindblad,Arvid Lindblad,https://media.formula1.com/d_driver_fallback_image.png/content/dam/fom-website/drivers/A/ARVLIN01_Arvid_Lindblad/arvlin01.png.transform/1col/image.png,,10.0,,,0 days 00:01:13.074000,0 days 00:01:12.525000,0 days 00:01:12.185000,,,,,2026,12,Dutch Grand Prix,2026-08-23,Zandvoort
10,P GASLY,GAS,gasly,Alpine,00A1E8,alpine,Pierre,Gasly,Pierre Gasly,https://media.formula1.com/d_driver_fallback_image.png/content/dam/fom-website/drivers/P/PIEGAS01_Pierre_Gasly/piegas01.png.transform/1col/image.png,,11.0,,,0 days 00:01:13.115000,0 days 00:01:12.616000,,,,,,2026,12,Dutch Grand Prix,2026-08-23,Zandvoort
22,Y TSUNODA,TSU,tsunoda,Racing Bulls,6C98FF,rb,Yuki,Tsunoda,Yuki Tsunoda,None,,12.0,,,0 days 00:01:13.085000,0 days 00:01:12.627000,,,,,,2026,12,Dutch Grand Prix,2026-08-23,Zandvoort
27,N HULKENBERG,HUL,hulkenberg,Audi,F50537,audi,Nico,Hulkenberg,Nico Hulkenberg,https://media.formula1.com/d_driver_fallback_image.png/content/dam/fom-website/drivers/N/NICHUL01_Nico_Hulkenberg/nichul01.png.transform/1col/image.png,,13.0,,,0 days 00:01:13.188000,0 days 00:01:12.797000,,,,,,2026,12,Dutch Grand Prix,2026-08-23,Zandvoort
43,F COLAPINTO,COL,colapinto,Alpine,00A1E8,alpine,Franco,Colapinto,Franco Colapinto,https://media.formula1.com/d_driver_fallback_image.png/content/dam/fom-website/drivers/F/FRACOL01_Franco_Colapinto/fracol01.png.transform/1col/image.png,,14.0,,,0 days 00:01:13.322000,0 days 00:01:12.800000,,,,,,2026,12,Dutch Grand Prix,2026-08-23,Zandvoort
31,E OCON,OCO,ocon,Haas F1 Team,9C9FA2,haas,Esteban,Ocon,Esteban Ocon,https://media.formula1.com/d_driver_fallback_image.png/content/dam/fom-website/drivers/E/ESTOCO01_Esteban_Ocon/estoco01.png.transform/1col/image.png,,15.0,,,0 days 00:01:13.544000,0 days 00:01:13.137000,,,,,,2026,12,Dutch Grand Prix,2026-08-23,Zandvoort
23,A ALBON,ALB,albon,Williams,1868DB,williams,Alexander,Albon,Alexander Albon,https://media.formula1.com/d_driver_fallback_image.png/content/dam/fom-website/drivers/A/ALEALB01_Alexander_Albon/alealb01.png.transform/1col/image.png,,16.0,,,0 days 00:01:13.552000,0 days 00:01:13.182000,,,,,,2026,12,Dutch Grand Prix,2026-08-23,Zandvoort
55,C SAINZ,SAI,sainz,Williams,1868DB,williams,Carlos,Sainz,Carlos Sainz,https://media.formula1.com/d_driver_fallback_image.png/content/dam/fom-website/drivers/C/CARSAI01_Carlos_Sainz/carsai01.png.transform/1col/image.png,,17.0,,,0 days 00:01:13.574000,,,,,,,2026,12,Dutch Grand Prix,2026-08-23,Zandvoort
14,F ALONSO,ALO,alonso,Aston Martin,229971,aston_martin,Fernando,Alonso,Fernando Alonso,https://media.formula1.com/d_driver_fallback_image.png/content/dam/fom-website/drivers/F/FERALO01_Fernando_Alonso/feralo01.png.transform/1col/image.png,,18.0,,,0 days 00:01:13.650000,,,,,,,2026,12,Dutch Grand Prix,2026-08-23,Zandvoort
18,L STROLL,STR,stroll,Aston Martin,229971,aston_martin,Lance,Stroll,Lance Stroll,https://media.formula1.com/d_driver_fallback_image.png/content/dam/fom-website/drivers/L/LANSTR01_Lance_Stroll/lanstr01.png.transform/1col/image.png,,19.0,,,0 days 00:01:13.818000,,,,,,,2026,12,Dutch Grand Prix,2026-08-23,Zandvoort
87,O BEARMAN,BEA,bearman,Haas F1 Team,9C9FA2,haas,Oliver,Bearman,Oliver Bearman,https://media.formula1.com/d_driver_fallback_image.png/content/dam/fom-website/drivers/O/OLIBEA01_Oliver_Bearman/olibea01.png.transform/1col/image.png,,20.0,,,0 days 00:01:13.826000,,,,,,,2026,12,Dutch Grand Prix,2026-08-23,Zandvoort
77,V BOTTAS,BOT,bottas,Cadillac,909090,cadillac,Valtteri,Bottas,Valtteri Bottas,https://media.formula1.com/d_driver_fallback_image.png/content/dam/fom-website/drivers/V/VALBOT01_Valtteri_Bottas/valbot01.png.transform/1col/image.png,,21.0,,,0 days 00:01:14.371000,,,,,,,2026,12,Dutch Grand Prix,2026-08-23,Zandvoort
11,S PEREZ,PER,perez,Cadillac,909090,cadillac,Sergio,Perez,Sergio Perez,https://media.formula1.com/d_driver_fallback_image.png/content/dam/fom-website/drivers/S/SERPER01_Sergio_Perez/serper01.png.transform/1col/image.png,,22.0,,,0 days 00:01:14.600000,,,,,,,2026,12,Dutch Grand Prix,2026-08-23,Zandvoort
10,P GASLY,GAS,gasly,Alpine,00A1E8,alpine,Pierre,Gasly,Pierre Gasly,https://media.formula1.com/d_driver_fallback_image.png/content/dam/fom-website/drivers/P/PIEGAS01_Pierre_Gasly/piegas01.png.transform/1col/image.png,,1.0,,,0 days 00:01:22.612000,0 days 00:01:22.077000,0 days 00:01:21.786000,,,,,2026,13,Italian Grand Prix,2026-09-06,Monza
63,G RUSSELL,RUS,russell,Mercedes,00D7B6,mercedes,George,Russell,George Russell,https://media.formula1.com/d_driver_fallback_image.png/content/dam/fom-website/drivers/G/GEORUS01_George_Russell/georus01.png.transform/1col/image.png,,2.0,,,0 days 00:01:22.779000,0 days 00:01:22.161000,0 days 00:01:21.846000,,,,,2026,13,Italian Grand Prix,2026-09-06,Monza
81,O PIASTRI,PIA,piastri,McLaren,F47600,mclaren,Oscar,Piastri,Oscar Piastri,https://media.formula1.com/d_driver_fallback_image.png/content/dam/fom-website/drivers/O/OSCPIA01_Oscar_Piastri/oscpia01.png.transform/1col/image.png,,3.0,,,0 days 00:01:22.924000,0 days 00:01:22.017000,0 days 00:01:21.966000,,,,,2026,13,Italian Grand Prix,2026-09-06,Monza
16,C LECLERC,LEC,leclerc,Ferrari,ED1131,ferrari,Charles,Leclerc,Charles Leclerc,https://media.formula1.com/d_driver_fallback_image.png/content/dam/fom-website/drivers/C/CHALEC01_Charles_Leclerc/chalec01.png.transform/1col/image.png,,4.0,,,0 days 00:01:22.902000,0 days 00:01:22.509000,0 days 00:01:22.004000,,,,,2026,13,Italian Grand Prix,2026-09-06,Monza
44,L HAMILTON,HAM,hamilton,Ferrari,ED1131,ferrari,Lewis,Hamilton,Lewis Hamilton,https://media.formula1.com/d_driver_fallback_image.png/content/dam/fom-website/drivers/L/LEWHAM01_Lewis_Hamilton/lewham01.png.transform/1col/image.png,,5.0,,,0 days 00:01:22.847000,0 days 00:01:22.516000,0 days 00:01:22.011000,,,,,2026,13,Italian Grand Prix,2026-09-06,Monza
3,M VERSTAPPEN,VER,max_verstappen,Red Bull Racing,4781D7,red_bull,Max,Verstappen,Max Verstappen,https://media.formula1.com/d_driver_fallback_image.png/content/dam/fom-website/drivers/M/MAXVER01_Max_Verstappen/maxver01.png.transform/1col/image.png,,6.0,,,0 days 00:01:22.631000,0 days 00:01:22.188000,0 days 00:01:22.070000,,,,,2026,13,Italian Grand Prix,2026-09-06,Monza
12,K ANTONELLI,ANT,antonelli,Mercedes,00D7B6,mercedes,Kimi,Antonelli,Kimi Antonelli,https://media.formula1.com/d_driver_fallback_image.png/content/dam/fom-website/drivers/K/ANDANT01_Kimi_Antonelli/andant01.png.transform/1col/image.png,,7.0,,,0 days 00:01:22.758000,0 days 00:01:21.882000,0 days 00:01:22.093000,,,,,2026,13,Italian Grand Prix,2026-09-06,Monza
43,F COLAPINTO,COL,colapinto,Alpine,00A1E8,alpine,Franco,Colapinto,Franco Colapinto,https://media.formula1.com/d_driver_fallback_image.png/content/dam/fom-website/drivers/F/FRACOL01_Franco_Colapinto/fracol01.png.transform/1col/image.png,,8.0,,,0 days 00:01:22.662000,0 days 00:01:22.400000,0 days 00:01:22.220000,,,,,2026,13,Italian Grand Prix,2026-09-06,Monza
1,L NORRIS,NOR,norris,McLaren,F47600,mclaren,Lando,Norris,Lando Norris,https://media.formula1.com/d_driver_fallback_image.png/content/dam/fom-website/drivers/L/LANNOR01_Lando_Norris/lannor01.png.transform/1col/image.png,,9.0,,,0 days 00:01:22.659000,0 days 00:01:22.067000,0 days 00:01:22.256000,,,,,2026,13,Italian Grand Prix,2026-09-06,Monza
41,A LINDBLAD,LIN,arvid_lindblad,Racing Bulls,6C98FF,rb,Arvid,Lindblad,Arvid Lindblad,https://media.formula1.com/d_driver_fallback_image.png/content/dam/fom-website/drivers/A/ARVLIN01_Arvid_Lindblad/arvlin01.png.transform/1col/image.png,,10.0,,,0 days 00:01:22.727000,0 days 00:01:22.345000,0 days 00:01:22.286000,,,,,2026,13,Italian Grand Prix,2026-09-06,Monza
5,G BORTOLETO,BOR,bortoleto,Audi,F50537,audi,Gabriel,Bortoleto,Gabriel Bortoleto,https://media.formula1.com/d_driver_fallback_image.png/content/dam/fom-website/drivers/G/GABBOR01_Gabriel_Bortoleto/gabbor01.png.transform/1col/image.png,,11.0,,,0 days 00:01:22.946000,0 days 00:01:22.517000,,,,,,2026,13,Italian Grand Prix,2026-09-06,Monza
87,O BEARMAN,BEA,bearman,Haas F1 Team,9C9FA2,haas,Oliver,Bearman,Oliver Bearman,https://media.formula1.com/d_driver_fallback_image.png/content/dam/fom-website/drivers/O/OLIBEA01_Oliver_Bearman/olibea01.png.transform/1col/image.png,,12.0,,,0 days 00:01:22.906000,0 days 00:01:22.756000,,,,,,2026,13,Italian Grand Prix,2026-09-06,Monza
27,N HULKENBERG,HUL,hulkenberg,Audi,F50537,audi,Nico,Hulkenberg,Nico Hulkenberg,https://media.formula1.com/d_driver_fallback_image.png/content/dam/fom-website/drivers/N/NICHUL01_Nico_Hulkenberg/nichul01.png.transform/1col/image.png,,13.0,,,0 days 00:01:23.440000,0 days 00:01:22.779000,,,,,,2026,13,Italian Grand Prix,2026-09-06,Monza
30,L LAWSON,LAW,lawson,Red Bull Racing,4781D7,red_bull,Liam,Lawson,Liam Lawson,https://media.formula1.com/d_driver_fallback_image.png/content/dam/fom-website/drivers/L/LIALAW01_Liam_Lawson/lialaw01.png.transform/1col/image.png,,14.0,,,0 days 00:01:22.989000,0 days 00:01:22.821000,,,,,,2026,13,Italian Grand Prix,2026-09-06,Monza
55,C SAINZ,SAI,sainz,Williams,1868DB,williams,Carlos,Sainz,Carlos Sainz,https://media.formula1.com/d_driver_fallback_image.png/content/dam/fom-website/drivers/C/CARSAI01_Carlos_Sainz/carsai01.png.transform/1col/image.png,,15.0,,,0 days 00:01:23.616000,0 days 00:01:23.453000,,,,,,2026,13,Italian Grand Prix,2026-09-06,Monza
31,E OCON,OCO,ocon,Haas F1 Team,9C9FA2,haas,Esteban,Ocon,Esteban Ocon,https://media.formula1.com/d_driver_fallback_image.png/content/dam/fom-website/drivers/E/ESTOCO01_Esteban_Ocon/estoco01.png.transform/1col/image.png,,16.0,,,0 days 00:01:23.466000,0 days 00:01:23.454000,,,,,,2026,13,Italian Grand Prix,2026-09-06,Monza
22,Y TSUNODA,TSU,tsunoda,Racing Bulls,6C98FF,rb,Yuki,Tsunoda,Yuki Tsunoda,None,,17.0,,,0 days 00:01:23.755000,,,,,,,2026,13,Italian Grand Prix,2026-09-06,Monza
23,A ALBON,ALB,albon,Williams,1868DB,williams,Alexander,Albon,Alexander Albon,https://media.formula1.com/d_driver_fallback_image.png/content/dam/fom-website/drivers/A/ALEALB01_Alexander_Albon/alealb01.png.transform/1col/image.png,,18.0,,,0 days 00:01:24.356000,,,,,,,2026,13,Italian Grand Prix,2026-09-06,Monza
77,V BOTTAS,BOT,bottas,Cadillac,909090,cadillac,Valtteri,Bottas,Valtteri Bottas,https://media.formula1.com/d_driver_fallback_image.png/content/dam/fom-website/drivers/V/VALBOT01_Valtteri_Bottas/valbot01.png.transform/1col/image.png,,19.0,,,0 days 00:01:24.364000,,,,,,,2026,13,Italian Grand Prix,2026-09-06,Monza
11,S PEREZ,PER,perez,Cadillac,909090,cadillac,Sergio,Perez,Sergio Perez,https://media.formula1.com/d_driver_fallback_image.png/content/dam/fom-website/drivers/S/SERPER01_Sergio_Perez/serper01.png.transform/1col/image.png,,20.0,,,0 days 00:01:24.595000,,,,,,,2026,13,Italian Grand Prix,2026-09-06,Monza
14,F ALONSO,ALO,alonso,Aston Martin,229971,aston_martin,Fernando,Alonso,Fernando Alonso,https://media.formula1.com/d_driver_fallback_image.png/content/dam/fom-website/drivers/F/FERALO01_Fernando_Alonso/feralo01.png.transform/1col/image.png,,21.0,,,0 days 00:01:25.150000,,,,,,,2026,13,Italian Grand Prix,2026-09-06,Monza
18,L STROLL,STR,stroll,Aston Martin,229971,aston_martin,Lance,Stroll,Lance Stroll,https://media.formula1.com/d_driver_fallback_image.png/content/dam/fom-website/drivers/L/LANSTR01_Lance_Stroll/lanstr01.png.transform/1col/image.png,,22.0,,,0 days 00:01:25.222000,,,,,,,2026,13,Italian Grand Prix,2026-09-06,Monza
1,L NORRIS,NOR,norris,McLaren,F47600,mclaren,Lando,Norris,Lando Norris,https://media.formula1.com/d_driver_fallback_image.png/content/dam/fom-website/drivers/L/LANNOR01_Lando_Norris/lannor01.png.transform/1col/image.png,,1.0,,,0 days 00:01:33.469000,0 days 00:01:32.873000,0 days 00:01:31.824000,,,,,2026,14,Spanish Grand Prix,2026-09-13,Madrid
12,K ANTONELLI,ANT,antonelli,Mercedes,00D7B6,mercedes,Kimi,Antonelli,Kimi Antonelli,https://media.formula1.com/d_driver_fallback_image.png/content/dam/fom-website/drivers/K/ANDANT01_Kimi_Antonelli/andant01.png.transform/1col/image.png,,2.0,,,0 days 00:01:33.267000,0 days 00:01:32.591000,0 days 00:01:31.835000,,,,,2026,14,Spanish Grand Prix,2026-09-13,Madrid
3,M VERSTAPPEN,VER,max_verstappen,Red Bull Racing,4781D7,red_bull,Max,Verstappen,Max Verstappen,https://media.formula1.com/d_driver_fallback_image.png/content/dam/fom-website/drivers/M/MAXVER01_Max_Verstappen/maxver01.png.transform/1col/image.png,,3.0,,,0 days 00:01:33.381000,0 days 00:01:32.431000,0 days 00:01:31.964000,,,,,2026,14,Spanish Grand Prix,2026-09-13,Madrid
44,L HAMILTON,HAM,hamilton,Ferrari,ED1131,ferrari,Lewis,Hamilton,Lewis Hamilton,https://media.formula1.com/d_driver_fallback_image.png/content/dam/fom-website/drivers/L/LEWHAM01_Lewis_Hamilton/lewham01.png.transform/1col/image.png,,4.0,,,0 days 00:01:33.531000,0 days 00:01:32.710000,0 days 00:01:32.013000,,,,,2026,14,Spanish Grand Prix,2026-09-13,Madrid
16,C LECLERC,LEC,leclerc,Ferrari,ED1131,ferrari,Charles,Leclerc,Charles Leclerc,https://media.formula1.com/d_driver_fallback_image.png/content/dam/fom-website/drivers/C/CHALEC01_Charles_Leclerc/chalec01.png.transform/1col/image.png,,5.0,,,0 days 00:01:33.532000,0 days 00:01:32.755000,0 days 00:01:32.019000,,,,,2026,14,Spanish Grand Prix,2026-09-13,Madrid
63,G RUSSELL,RUS,russell,Mercedes,00D7B6,mercedes,George,Russell,George Russell,https://media.formula1.com/d_driver_fallback_image.png/content/dam/fom-website/drivers/G/GEORUS01_George_Russell/georus01.png.transform/1col/image.png,,6.0,,,0 days 00:01:33.211000,0 days 00:01:32.850000,0 days 00:01:32.149000,,,,,2026,14,Spanish Grand Prix,2026-09-13,Madrid
81,O PIASTRI,PIA,piastri,McLaren,F47600,mclaren,Oscar,Piastri,Oscar Piastri,https://media.formula1.com/d_driver_fallback_image.png/content/dam/fom-website/drivers/O/OSCPIA01_Oscar_Piastri/oscpia01.png.transform/1col/image.png,,7.0,,,0 days 00:01:33.829000,0 days 00:01:33.204000,0 days 00:01:32.294000,,,,,2026,14,Spanish Grand Prix,2026-09-13,Madrid
30,L LAWSON,LAW,lawson,Red Bull Racing,4781D7,red_bull,Liam,Lawson,Liam Lawson,https://media.formula1.com/d_driver_fallback_image.png/content/dam/fom-website/drivers/L/LIALAW01_Liam_Lawson/lialaw01.png.transform/1col/image.png,,8.0,,,0 days 00:01:33.310000,0 days 00:01:32.780000,0 days 00:01:32.316000,,,,,2026,14,Spanish Grand Prix,2026-09-13,Madrid
43,F COLAPINTO,COL,colapinto,Alpine,00A1E8,alpine,Franco,Colapinto,Franco Colapinto,https://media.formula1.com/d_driver_fallback_image.png/content/dam/fom-website/drivers/F/FRACOL01_Franco_Colapinto/fracol01.png.transform/1col/image.png,,9.0,,,0 days 00:01:33.963000,0 days 00:01:33.038000,0 days 00:01:32.903000,,,,,2026,14,Spanish Grand Prix,2026-09-13,Madrid
41,A LINDBLAD,LIN,arvid_lindblad,Racing Bulls,6C98FF,rb,Arvid,Lindblad,Arvid Lindblad,https://media.formula1.com/d_driver_fallback_image.png/content/dam/fom-website/drivers/A/ARVLIN01_Arvid_Lindblad/arvlin01.png.transform/1col/image.png,,10.0,,,0 days 00:01:34.340000,0 days 00:01:33.204000,0 days 00:01:33.041000,,,,,2026,14,Spanish Grand Prix,2026-09-13,Madrid
27,N HULKENBERG,HUL,hulkenberg,Audi,F50537,audi,Nico,Hulkenberg,Nico Hulkenberg,https://media.formula1.com/d_driver_fallback_image.png/content/dam/fom-website/drivers/N/NICHUL01_Nico_Hulkenberg/nichul01.png.transform/1col/image.png,,11.0,,,0 days 00:01:34.417000,0 days 00:01:33.223000,,,,,,2026,14,Spanish Grand Prix,2026-09-13,Madrid
5,G BORTOLETO,BOR,bortoleto,Audi,F50537,audi,Gabriel,Bortoleto,Gabriel Bortoleto,https://media.formula1.com/d_driver_fallback_image.png/content/dam/fom-website/drivers/G/GABBOR01_Gabriel_Bortoleto/gabbor01.png.transform/1col/image.png,,12.0,,,0 days 00:01:33.986000,0 days 00:01:33.388000,,,,,,2026,14,Spanish Grand Prix,2026-09-13,Madrid
31,E OCON,OCO,ocon,Haas F1 Team,9C9FA2,haas,Esteban,Ocon,Esteban Ocon,https://media.formula1.com/d_driver_fallback_image.png/content/dam/fom-website/drivers/E/ESTOCO01_Esteban_Ocon/estoco01.png.transform/1col/image.png,,13.0,,,0 days 00:01:34.667000,0 days 00:01:33.667000,,,,,,2026,14,Spanish Grand Prix,2026-09-13,Madrid
10,P GASLY,GAS,gasly,Alpine,00A1E8,alpine,Pierre,Gasly,Pierre Gasly,https://media.formula1.com/d_driver_fallback_image.png/content/dam/fom-website/drivers/P/PIEGAS01_Pierre_Gasly/piegas01.png.transform/1col/image.png,,14.0,,,0 days 00:01:34.246000,0 days 00:01:33.753000,,,,,,2026,14,Spanish Grand Prix,2026-09-13,Madrid
22,Y TSUNODA,TSU,tsunoda,Racing Bulls,6C98FF,rb,Yuki,Tsunoda,Yuki Tsunoda,None,,15.0,,,0 days 00:01:34.311000,0 days 00:01:34.084000,,,,,,2026,14,Spanish Grand Prix,2026-09-13,Madrid
23,A ALBON,ALB,albon,Williams,1868DB,williams,Alexander,Albon,Alexander Albon,https://media.formula1.com/d_driver_fallback_image.png/content/dam/fom-website/drivers/A/ALEALB01_Alexander_Albon/alealb01.png.transform/1col/image.png,,16.0,,,0 days 00:01:35.307000,0 days 00:01:35.532000,,,,,,2026,14,Spanish Grand Prix,2026-09-13,Madrid
55,C SAINZ,SAI,sainz,Williams,1868DB,williams,Carlos,Sainz,Carlos Sainz,https://media.formula1.com/d_driver_fallback_image.png/content/dam/fom-website/drivers/C/CARSAI01_Carlos_Sainz/carsai01.png.transform/1col/image.png,,17.0,,,0 days 00:01:35.312000,,,,,,,2026,14,Spanish Grand Prix,2026-09-13,Madrid
14,F ALONSO,ALO,alonso,Aston Martin,229971,aston_martin,Fernando,Alonso,Fernando Alonso,https://media.formula1.com/d_driver_fallback_image.png/content/dam/fom-website/drivers/F/FERALO01_Fernando_Alonso/feralo01.png.transform/1col/image.png,,18.0,,,0 days 00:01:35.388000,,,,,,,2026,14,Spanish Grand Prix,2026-09-13,Madrid
11,S PEREZ,PER,perez,Cadillac,909090,cadillac,Sergio,Perez,Sergio Perez,https://media.formula1.com/d_driver_fallback_image.png/content/dam/fom-website/drivers/S/SERPER01_Sergio_Perez/serper01.png.transform/1col/image.png,,19.0,,,0 days 00:01:35.913000,,,,,,,2026,14,Spanish Grand Prix,2026-09-13,Madrid
77,V BOTTAS,BOT,bottas,Cadillac,909090,cadillac,Valtteri,Bottas,Valtteri Bottas,https://media.formula1.com/d_driver_fallback_image.png/content/dam/fom-website/drivers/V/VALBOT01_Valtteri_Bottas/valbot01.png.transform/1col/image.png,,20.0,,,0 days 00:01:38.011000,,,,,,,2026,14,Spanish Grand Prix,2026-09-13,Madrid
18,L STROLL,STR,nan,Aston Martin,229971,nan,Lance,Stroll,Lance Stroll,https://media.formula1.com/d_driver_fallback_image.png/content/dam/fom-website/drivers/L/LANSTR01_Lance_Stroll/lanstr01.png.transform/1col/image.png,,,,,,,,,,,,2026,14,Spanish Grand Prix,2026-09-13,Madrid
87,O BEARMAN,BEA,nan,Haas F1 Team,9C9FA2,nan,Oliver,Bearman,Oliver Bearman,https://media.formula1.com/d_driver_fallback_image.png/content/dam/fom-website/drivers/O/OLIBEA01_Oliver_Bearman/olibea01.png.transform/1col/image.png,,,,,,,,,,,,2026,14,Spanish Grand Prix,2026-09-13,Madrid
63,G RUSSELL,RUS,russell,Mercedes,00D7B6,mercedes,George,Russell,George Russell,https://media.formula1.com/d_driver_fallback_image.png/content/dam/fom-website/drivers/G/GEORUS01_George_Russell/georus01.png.transform/1col/image.png,,1.0,,,0 days 00:01:43.615000,0 days 00:01:43.462000,0 days 00:01:42.526000,,,,,2026,15,Azerbaijan Grand Prix,2026-09-26,Baku
16,C LECLERC,LEC,leclerc,Ferrari,ED1131,ferrari,Charles,Leclerc,Charles Leclerc,https://media.formula1.com/d_driver_fallback_image.png/content/dam/fom-website/drivers/C/CHALEC01_Charles_Leclerc/chalec01.png.transform/1col/image.png,,2.0,,,0 days 00:01:44.360000,0 days 00:01:43.780000,0 days 00:01:43.363000,,,,,2026,15,Azerbaijan Grand Prix,2026-09-26,Baku
81,O PIASTRI,PIA,piastri,McLaren,F47600,mclaren,Oscar,Piastri,Oscar Piastri,https://media.formula1.com/d_driver_fallback_image.png/content/dam/fom-website/drivers/O/OSCPIA01_Oscar_Piastri/oscpia01.png.transform/1col/image.png,,3.0,,,0 days 00:01:45.014000,0 days 00:01:43.814000,0 days 00:01:43.364000,,,,,2026,15,Azerbaijan Grand Prix,2026-09-26,Baku
6,I HADJAR,HAD,hadjar,Red Bull Racing,4781D7,red_bull,Isack,Hadjar,Isack Hadjar,https://media.formula1.com/d_driver_fallback_image.png/content/dam/fom-website/drivers/I/ISAHAD01_Isack_Hadjar/isahad01.png.transform/1col/image.png,,4.0,,,0 days 00:01:44.161000,0 days 00:01:43.880000,0 days 00:01:43.500000,,,,,2026,15,Azerbaijan Grand Prix,2026-09-26,Baku
1,L NORRIS,NOR,norris,McLaren,F47600,mclaren,Lando,Norris,Lando Norris,https://media.formula1.com/d_driver_fallback_image.png/content/dam/fom-website/drivers/L/LANNOR01_Lando_Norris/lannor01.png.transform/1col/image.png,,5.0,,,0 days 00:01:44.571000,0 days 00:01:44.020000,0 days 00:01:43.672000,,,,,2026,15,Azerbaijan Grand Prix,2026-09-26,Baku
44,L HAMILTON,HAM,hamilton,Ferrari,ED1131,ferrari,Lewis,Hamilton,Lewis Hamilton,https://media.formula1.com/d_driver_fallback_image.png/content/dam/fom-website/drivers/L/LEWHAM01_Lewis_Hamilton/lewham01.png.transform/1col/image.png,,6.0,,,0 days 00:01:44.260000,0 days 00:01:44.037000,0 days 00:01:43.858000,,,,,2026,15,Azerbaijan Grand Prix,2026-09-26,Baku
10,P GASLY,GAS,gasly,Alpine,00A1E8,alpine,Pierre,Gasly,Pierre Gasly,https://media.formula1.com/d_driver_fallback_image.png/content/dam/fom-website/drivers/P/PIEGAS01_Pierre_Gasly/piegas01.png.transform/1col/image.png,,7.0,,,0 days 00:01:44.489000,0 days 00:01:44.106000,0 days 00:01:44.047000,,,,,2026,15,Azerbaijan Grand Prix,2026-09-26,Baku
3,M VERSTAPPEN,VER,max_verstappen,Red Bull Racing,4781D7,red_bull,Max,Verstappen,Max Verstappen,https://media.formula1.com/d_driver_fallback_image.png/content/dam/fom-website/drivers/M/MAXVER01_Max_Verstappen/maxver01.png.transform/1col/image.png,,8.0,,,0 days 00:01:44.041000,0 days 00:01:43.706000,0 days 00:01:44.081000,,,,,2026,15,Azerbaijan Grand Prix,2026-09-26,Baku
55,C SAINZ,SAI,sainz,Williams,1868DB,williams,Carlos,Sainz,Carlos Sainz,https://media.formula1.com/d_driver_fallback_image.png/content/dam/fom-website/drivers/C/CARSAI01_Carlos_Sainz/carsai01.png.transform/1col/image.png,,9.0,,,0 days 00:01:45.104000,0 days 00:01:44.629000,0 days 00:01:44.566000,,,,,2026,15,Azerbaijan Grand Prix,2026-09-26,Baku
43,F COLAPINTO,COL,colapinto,Alpine,00A1E8,alpine,Franco,Colapinto,Franco Colapinto,https://media.formula1.com/d_driver_fallback_image.png/content/dam/fom-website/drivers/F/FRACOL01_Franco_Colapinto/fracol01.png.transform/1col/image.png,,10.0,,,0 days 00:01:45.106000,0 days 00:01:44.683000,0 days 00:01:44.963000,,,,,2026,15,Azerbaijan Grand Prix,2026-09-26,Baku
87,O BEARMAN,BEA,bearman,Haas F1 Team,9C9FA2,haas,Oliver,Bearman,Oliver Bearman,https://media.formula1.com/d_driver_fallback_image.png/content/dam/fom-website/drivers/O/OLIBEA01_Oliver_Bearman/olibea01.png.transform/1col/image.png,,11.0,,,0 days 00:01:45.228000,0 days 00:01:44.775000,,,,,,2026,15,Azerbaijan Grand Prix,2026-09-26,Baku
30,L LAWSON,LAW,lawson,Racing Bulls,6C98FF,rb,Liam,Lawson,Liam Lawson,https://media.formula1.com/d_driver_fallback_image.png/content/dam/fom-website/drivers/L/LIALAW01_Liam_Lawson/lialaw01.png.transform/1col/image.png,,12.0,,,0 days 00:01:45.535000,0 days 00:01:44.860000,,,,,,2026,15,Azerbaijan Grand Prix,2026-09-26,Baku
23,A ALBON,ALB,albon,Williams,1868DB,williams,Alexander,Albon,Alexander Albon,https://media.formula1.com/d_driver_fallback_image.png/content/dam/fom-website/drivers/A/ALEALB01_Alexander_Albon/alealb01.png.transform/1col/image.png,,13.0,,,0 days 00:01:45.031000,0 days 00:01:45.001000,,,,,,2026,15,Azerbaijan Grand Prix,2026-09-26,Baku
31,E OCON,OCO,ocon,Haas F1 Team,9C9FA2,haas,Esteban,Ocon,Esteban Ocon,https://media.formula1.com/d_driver_fallback_image.png/content/dam/fom-website/drivers/E/ESTOCO01_Esteban_Ocon/estoco01.png.transform/1col/image.png,,14.0,,,0 days 00:01:45.039000,0 days 00:01:45.016000,,,,,,2026,15,Azerbaijan Grand Prix,2026-09-26,Baku
41,A LINDBLAD,LIN,arvid_lindblad,Racing Bulls,6C98FF,rb,Arvid,Lindblad,Arvid Lindblad,https://media.formula1.com/d_driver_fallback_image.png/content/dam/fom-website/drivers/A/ARVLIN01_Arvid_Lindblad/arvlin01.png.transform/1col/image.png,,15.0,,,0 days 00:01:45.381000,0 days 00:01:45.106000,,,,,,2026,15,Azerbaijan Grand Prix,2026-09-26,Baku
12,K ANTONELLI,ANT,antonelli,Mercedes,00D7B6,mercedes,Kimi,Antonelli,Kimi Antonelli,https://media.formula1.com/d_driver_fallback_image.png/content/dam/fom-website/drivers/K/ANDANT01_Kimi_Antonelli/andant01.png.transform/1col/image.png,,16.0,,,0 days 00:01:45.504000,,,,,,,2026,15,Azerbaijan Grand Prix,2026-09-26,Baku
5,G BORTOLETO,BOR,bortoleto,Audi,F50537,audi,Gabriel,Bortoleto,Gabriel Bortoleto,https://media.formula1.com/d_driver_fallback_image.png/content/dam/fom-website/drivers/G/GABBOR01_Gabriel_Bortoleto/gabbor01.png.transform/1col/image.png,,17.0,,,0 days 00:01:45.799000,,,,,,,2026,15,Azerbaijan Grand Prix,2026-09-26,Baku
27,N HULKENBERG,HUL,hulkenberg,Audi,F50537,audi,Nico,Hulkenberg,Nico Hulkenberg,https://media.formula1.com/d_driver_fallback_image.png/content/dam/fom-website/drivers/N/NICHUL01_Nico_Hulkenberg/nichul01.png.transform/1col/image.png,,18.0,,,0 days 00:01:45.920000,,,,,,,2026,15,Azerbaijan Grand Prix,2026-09-26,Baku
14,F ALONSO,ALO,alonso,Aston Martin,229971,aston_martin,Fernando,Alonso,Fernando Alonso,https://media.formula1.com/d_driver_fallback_image.png/content/dam/fom-website/drivers/F/FERALO01_Fernando_Alonso/feralo01.png.transform/1col/image.png,,19.0,,,0 days 00:01:46.593000,,,,,,,2026,15,Azerbaijan Grand Prix,2026-09-26,Baku
11,S PEREZ,PER,perez,Cadillac,909090,cadillac,Sergio,Perez,Sergio Perez,https://media.formula1.com/d_driver_fallback_image.png/content/dam/fom-website/drivers/S/SERPER01_Sergio_Perez/serper01.png.transform/1col/image.png,,20.0,,,0 days 00:01:46.658000,,,,,,,2026,15,Azerbaijan Grand Prix,2026-09-26,Baku
18,L STROLL,STR,stroll,Aston Martin,229971,aston_martin,Lance,Stroll,Lance Stroll,https://media.formula1.com/d_driver_fallback_image.png/content/dam/fom-website/drivers/L/LANSTR01_Lance_Stroll/lanstr01.png.transform/1col/image.png,,21.0,,,0 days 00:01:47.337000,,,,,,,2026,15,Azerbaijan Grand Prix,2026-09-26,Baku
77,V BOTTAS,BOT,bottas,Cadillac,909090,cadillac,Valtteri,Bottas,Valtteri Bottas,https://media.formula1.com/d_driver_fallback_image.png/content/dam/fom-website/drivers/V/VALBOT01_Valtteri_Bottas/valbot01.png.transform/1col/image.png,,22.0,,,0 days 00:01:48.290000,,,,,,,2026,15,Azerbaijan Grand Prix,2026-09-26,Baku
3,,VER,max_verstappen,Red Bull,,red_bull,Max,Verstappen,Max Verstappen,,,1.0,,,0 days 00:01:36.477000,0 days 00:01:35.696000,0 days 00:01:35.130000,,,,,2026,16,Bahrain Grand Prix,2026-10-04,Kuala Lumpur
44,,HAM,hamilton,Ferrari,,ferrari,Lewis,Hamilton,Lewis Hamilton,,,2.0,,,0 days 00:01:36.595000,0 days 00:01:36.032000,0 days 00:01:35.428000,,,,,2026,16,Bahrain Grand Prix,2026-10-04,Kuala Lumpur
6,,HAD,hadjar,Red Bull,,red_bull,Isack,Hadjar,Isack Hadjar,,,3.0,,,0 days 00:01:36.898000,0 days 00:01:36.192000,0 days 00:01:35.558000,,,,,2026,16,Bahrain Grand Prix,2026-10-04,Kuala Lumpur
12,,ANT,antonelli,Mercedes,,mercedes,Andrea Kimi,Antonelli,Andrea Kimi Antonelli,,,4.0,,,0 days 00:01:37.041000,0 days 00:01:35.959000,0 days 00:01:35.631000,,,,,2026,16,Bahrain Grand Prix,2026-10-04,Kuala Lumpur
16,,LEC,leclerc,Ferrari,,ferrari,Charles,Leclerc,Charles Leclerc,,,5.0,,,0 days 00:01:36.730000,0 days 00:01:35.970000,0 days 00:01:35.666000,,,,,2026,16,Bahrain Grand Prix,2026-10-04,Kuala Lumpur
1,,NOR,norris,McLaren,,mclaren,Lando,Norris,Lando Norris,,,6.0,,,0 days 00:01:37.092000,0 days 00:01:36.173000,0 days 00:01:35.757000,,,,,2026,16,Bahrain Grand Prix,2026-10-04,Kuala Lumpur
81,,PIA,piastri,McLaren,,mclaren,Oscar,Piastri,Oscar Piastri,,,7.0,,,0 days 00:01:36.852000,0 days 00:01:36.020000,0 days 00:01:35.762000,,,,,2026,16,Bahrain Grand Prix,2026-10-04,Kuala Lumpur
63,,RUS,russell,Mercedes,,mercedes,George,Russell,George Russell,,,8.0,,,0 days 00:01:37.264000,0 days 00:01:36.245000,0 days 00:01:35.871000,,,,,2026,16,Bahrain Grand Prix,2026-10-04,Kuala Lumpur
10,,GAS,gasly,Alpine F1 Team,,alpine,Pierre,Gasly,Pierre Gasly,,,9.0,,,0 days 00:01:37.174000,0 days 00:01:36.410000,0 days 00:01:37.210000,,,,,2026,16,Bahrain Grand Prix,2026-10-04,Kuala Lumpur
5,,BOR,bortoleto,Audi,,audi,Gabriel,Bortoleto,Gabriel Bortoleto,,,10.0,,,0 days 00:01:37.106000,0 days 00:01:36.814000,0 days 00:01:37.673000,,,,,2026,16,Bahrain Grand Prix,2026-10-04,Kuala Lumpur
30,,LAW,lawson,RB F1 Team,,rb,Liam,Lawson,Liam Lawson,,,11.0,,,0 days 00:01:37.332000,0 days 00:01:37.023000,,,,,,2026,16,Bahrain Grand Prix,2026-10-04,Kuala Lumpur
14,,ALO,alonso,Aston Martin,,aston_martin,Fernando,Alonso,Fernando Alonso,,,12.0,,,0 days 00:01:37.721000,0 days 00:01:37.220000,,,,,,2026,16,Bahrain Grand Prix,2026-10-04,Kuala Lumpur
55,,SAI,sainz,Williams,,williams,Carlos,Sainz,Carlos Sainz,,,13.0,,,0 days 00:01:37.651000,0 days 00:01:37.527000,,,,,,2026,16,Bahrain Grand Prix,2026-10-04,Kuala Lumpur
18,,STR,stroll,Aston Martin,,aston_martin,Lance,Stroll,Lance Stroll,,,14.0,,,0 days 00:01:37.729000,0 days 00:01:37.566000,,,,,,2026,16,Bahrain Grand Prix,2026-10-04,Kuala Lumpur
43,,COL,colapinto,Alpine F1 Team,,alpine,Franco,Colapinto,Franco Colapinto,,,15.0,,,0 days 00:01:37.179000,,,,,,,2026,16,Bahrain Grand Prix,2026-10-04,Kuala Lumpur
41,,LIN,arvid_lindblad,RB F1 Team,,rb,Arvid,Lindblad,Arvid Lindblad,,,16.0,,,0 days 00:01:37.883000,,,,,,,2026,16,Bahrain Grand Prix,2026-10-04,Kuala Lumpur
27,,HUL,hulkenberg,Audi,,audi,Nico,Hülkenberg,Nico Hülkenberg,,,17.0,,,0 days 00:01:37.970000,,,,,,,2026,16,Bahrain Grand Prix,2026-10-04,Kuala Lumpur
87,,BEA,bearman,Haas F1 Team,,haas,Oliver,Bearman,Oliver Bearman,,,18.0,,,0 days 00:01:37.980000,,,,,,,2026,16,Bahrain Grand Prix,2026-10-04,Kuala Lumpur
31,,OCO,ocon,Haas F1 Team,,haas,Esteban,Ocon,Esteban Ocon,,,19.0,,,0 days 00:01:38.233000,,,,,,,2026,16,Bahrain Grand Prix,2026-10-04,Kuala Lumpur
23,,ALB,albon,Williams,,williams,Alexander,Albon,Alexander Albon,,,20.0,,,0 days 00:01:38.600000,,,,,,,2026,16,Bahrain Grand Prix,2026-10-04,Kuala Lumpur
77,,BOT,bottas,Cadillac F1 Team,,cadillac,Valtteri,Bottas,Valtteri Bottas,,,21.0,,,0 days 00:01:38.611000,,,,,,,2026,16,Bahrain Grand Prix,2026-10-04,Kuala Lumpur
11,,PER,perez,Cadillac F1 Team,,cadillac,Sergio,Pérez,Sergio Pérez,,,22.0,,,0 days 00:01:38.933000,,,,,,,2026,16,Bahrain Grand Prix,2026-10-04,Kuala Lumpur
