DriverNumber,BroadcastName,Abbreviation,DriverId,TeamName,TeamColor,TeamId,FirstName,LastName,FullName,HeadshotUrl,CountryCode,Position,ClassifiedPosition,GridPosition,Q1,Q2,Q3,Time,Status,Points,Laps,Year,Round,EventName,EventDate,Circuit
63,G RUSSELL,RUS,russell,Mercedes,00D7B6,mercedes,George,Russell,George Russell,https://media.formula1.com/d_driver_fallback_image.png/content/dam/fom-website/drivers/G/GEORUS01_George_Russell/georus01.png.transform/1col/image.png,,1.0,1,1.0,,,,0 days 01:23:06.801000,Finished,25.0,58.0,2026,1,Australian Grand Prix,2026-03-08,Melbourne
12,K ANTONELLI,ANT,antonelli,Mercedes,00D7B6,mercedes,Kimi,Antonelli,Kimi Antonelli,https://media.formula1.com/d_driver_fallback_image.png/content/dam/fom-website/drivers/K/ANDANT01_Kimi_Antonelli/andant01.png.transform/1col/image.png,,2.0,2,2.0,,,,0 days 00:00:02.974000,Finished,18.0,58.0,2026,1,Australian Grand Prix,2026-03-08,Melbourne
16,C LECLERC,LEC,leclerc,Ferrari,ED1131,ferrari,Charles,Leclerc,Charles Leclerc,https://media.formula1.com/d_driver_fallback_image.png/content/dam/fom-website/drivers/C/CHALEC01_Charles_Leclerc/chalec01.png.transform/1col/image.png,,3.0,3,4.0,,,,0 days 00:00:15.519000,Finished,15.0,58.0,2026,1,Australian Grand Prix,2026-03-08,Melbourne
44,L HAMILTON,HAM,hamilton,Ferrari,ED1131,ferrari,Lewis,Hamilton,Lewis Hamilton,https://media.formula1.com/d_driver_fallback_image.png/content/dam/fom-website/drivers/L/LEWHAM01_Lewis_Hamilton/lewham01.png.transform/1col/image.png,,4.0,4,7.0,,,,0 days 00:00:16.144000,Finished,12.0,58.0,2026,1,Australian Grand Prix,2026-03-08,Melbourne
1,L NORRIS,NOR,norris,McLaren,F47600,mclaren,Lando,Norris,Lando Norris,https://media.formula1.com/d_driver_fallback_image.png/content/dam/fom-website/drivers/L/LANNOR01_Lando_Norris/lannor01.png.transform/1col/image.png,,5.0,5,6.0,,,,0 days 00:00:51.741000,Finished,10.0,58.0,2026,1,Australian Grand Prix,2026-03-08,Melbourne
3,M VERSTAPPEN,VER,max_verstappen,Red Bull Racing,4781D7,red_bull,Max,Verstappen,Max Verstappen,https://media.formula1.com/d_driver_fallback_image.png/content/dam/fom-website/drivers/M/MAXVER01_Max_Verstappen/maxver01.png.transform/1col/image.png,,6.0,6,20.0,,,,0 days 00:00:54.617000,Finished,8.0,58.0,2026,1,Australian Grand Prix,2026-03-08,Melbourne
87,O BEARMAN,BEA,bearman,Haas F1 Team,9C9FA2,haas,Oliver,Bearman,Oliver Bearman,https://media.formula1.com/d_driver_fallback_image.png/content/dam/fom-website/drivers/O/OLIBEA01_Oliver_Bearman/olibea01.png.transform/1col/image.png,,7.0,7,12.0,,,,0 days 00:00:04.593000,Lapped,6.0,57.0,2026,1,Australian Grand Prix,2026-03-08,Melbourne
41,A LINDBLAD,LIN,arvid_lindblad,Racing Bulls,6C98FF,rb,Arvid,Lindblad,Arvid Lindblad,https://media.formula1.com/d_driver_fallback_image.png/content/dam/fom-website/drivers/A/ARVLIN01_Arvid_Lindblad/arvlin01.png.transform/1col/image.png,,8.0,8,9.0,,,,0 days 00:00:11.816000,Lapped,4.0,57.0,2026,1,Australian Grand Prix,2026-03-08,Melbourne
5,G BORTOLETO,BOR,bortoleto,Audi,F50537,audi,Gabriel,Bortoleto,Gabriel Bortoleto,https://media.formula1.com/d_driver_fallback_image.png/content/dam/fom-website/drivers/G/GABBOR01_Gabriel_Bortoleto/gabbor01.png.transform/1col/image.png,,9.0,9,10.0,,,,0 days 00:00:12.775000,Lapped,2.0,57.0,2026,1,Australian Grand Prix,2026-03-08,Melbourne
10,P GASLY,GAS,gasly,Alpine,00A1E8,alpine,Pierre,Gasly,Pierre Gasly,https://media.formula1.com/d_driver_fallback_image.png/content/dam/fom-website/drivers/P/PIEGAS01_Pierre_Gasly/piegas01.png.transform/1col/image.png,,10.0,10,14.0,,,,0 days 00:00:29.027000,Lapped,1.0,57.0,2026,1,Australian Grand Prix,2026-03-08,Melbourne
31,E OCON,OCO,ocon,Haas F1 Team,9C9FA2,haas,Esteban,Ocon,Esteban Ocon,https://media.formula1.com/d_driver_fallback_image.png/content/dam/fom-website/drivers/E/ESTOCO01_Esteban_Ocon/estoco01.png.transform/1col/image.png,,11.0,11,13.0,,,,0 days 00:00:29.850000,Lapped,0.0,57.0,2026,1,Australian Grand Prix,2026-03-08,Melbourne
23,A ALBON,ALB,albon,Williams,1868DB,williams,Alexander,Albon,Alexander Albon,https://media.formula1.com/d_driver_fallback_image.png/content/dam/fom-website/drivers/A/ALEALB01_Alexander_Albon/alealb01.png.transform/1col/image.png,,12.0,12,15.0,,,,0 days 00:00:56.075000,Lapped,0.0,57.0,2026,1,Australian Grand Prix,2026-03-08,Melbourne
30,L LAWSON,LAW,lawson,Racing Bulls,6C98FF,rb,Liam,Lawson,Liam Lawson,https://media.formula1.com/d_driver_fallback_image.png/content/dam/fom-website/drivers/L/LIALAW01_Liam_Lawson/lialaw01.png.transform/1col/image.png,,13.0,13,8.0,,,,0 days 00:00:57.173000,Lapped,0.0,57.0,2026,1,Australian Grand Prix,2026-03-08,Melbourne
43,F COLAPINTO,COL,colapinto,Alpine,00A1E8,alpine,Franco,Colapinto,Franco Colapinto,https://media.formula1.com/d_driver_fallback_image.png/content/dam/fom-website/drivers/F/FRACOL01_Franco_Colapinto/fracol01.png.transform/1col/image.png,,14.0,14,16.0,,,,0 days 00:00:08.487000,Lapped,0.0,56.0,2026,1,Australian Grand Prix,2026-03-08,Melbourne
55,C SAINZ,SAI,sainz,Williams,1868DB,williams,Carlos,Sainz,Carlos Sainz,https://media.formula1.com/d_driver_fallback_image.png/content/dam/fom-website/drivers/C/CARSAI01_Carlos_Sainz/carsai01.png.transform/1col/image.png,,15.0,15,21.0,,,,0 days 00:00:36.886000,Lapped,0.0,56.0,2026,1,Australian Grand Prix,2026-03-08,Melbourne
11,S PEREZ,PER,perez,Cadillac,909090,cadillac,Sergio,Perez,Sergio Perez,https://media.formula1.com/d_driver_fallback_image.png/content/dam/fom-website/drivers/S/SERPER01_Sergio_Perez/serper01.png.transform/1col/image.png,,16.0,16,18.0,,,,0 days 00:00:07.850000,Lapped,0.0,55.0,2026,1,Australian Grand Prix,2026-03-08,Melbourne
18,L STROLL,STR,stroll,Aston Martin,229971,aston_martin,Lance,Stroll,Lance Stroll,https://media.formula1.com/d_driver_fallback_image.png/content/dam/fom-website/drivers/L/LANSTR01_Lance_Stroll/lanstr01.png.transform/1col/image.png,,17.0,R,22.0,,,,,Lapped,0.0,43.0,2026,1,Australian Grand Prix,2026-03-08,Melbourne
14,F ALONSO,ALO,alonso,Aston Martin,229971,aston_martin,Fernando,Alonso,Fernando Alonso,https://media.formula1.com/d_driver_fallback_image.png/content/dam/fom-website/drivers/F/FERALO01_Fernando_Alonso/feralo01.png.transform/1col/image.png,,18.0,R,17.0,,,,,Retired,0.0,21.0,2026,1,Australian Grand Prix,2026-03-08,Melbourne
77,V BOTTAS,BOT,bottas,Cadillac,909090,cadillac,Valtteri,Bottas,Valtteri Bottas,https://media.formula1.com/d_driver_fallback_image.png/content/dam/fom-website/drivers/V/VALBOT01_Valtteri_Bottas/valbot01.png.transform/1col/image.png,,19.0,R,19.0,,,,,Retired,0.0,15.0,2026,1,Australian Grand Prix,2026-03-08,Melbourne
6,I HADJAR,HAD,hadjar,Red Bull Racing,4781D7,red_bull,Isack,Hadjar,Isack Hadjar,https://media.formula1.com/d_driver_fallback_image.png/content/dam/fom-website/drivers/I/ISAHAD01_Isack_Hadjar/isahad01.png.transform/1col/image.png,,20.0,R,3.0,,,,,Retired,0.0,10.0,2026,1,Australian Grand Prix,2026-03-08,Melbourne
81,O PIASTRI,PIA,piastri,McLaren,F47600,mclaren,Oscar,Piastri,Oscar Piastri,https://media.formula1.com/d_driver_fallback_image.png/content/dam/fom-website/drivers/O/OSCPIA01_Oscar_Piastri/oscpia01.png.transform/1col/image.png,,21.0,W,5.0,,,,,Did not start,0.0,0.0,2026,1,Australian Grand Prix,2026-03-08,Melbourne
27,N HULKENBERG,HUL,hulkenberg,Audi,F50537,audi,Nico,Hulkenberg,Nico Hulkenberg,https://media.formula1.com/d_driver_fallback_image.png/content/dam/fom-website/drivers/N/NICHUL01_Nico_Hulkenberg/nichul01.png.transform/1col/image.png,,22.0,W,11.0,,,,,Did not start,0.0,0.0,2026,1,Australian Grand Prix,2026-03-08,Melbourne
12,K ANTONELLI,ANT,antonelli,Mercedes,00D7B6,mercedes,Kimi,Antonelli,Kimi Antonelli,https://media.formula1.com/d_driver_fallback_image.png/content/dam/fom-website/drivers/K/ANDANT01_Kimi_Antonelli/andant01.png.transform/1col/image.png,,1.0,1,1.0,,,,0 days 01:33:15.607000,Finished,25.0,56.0,2026,2,Chinese Grand Prix,2026-03-15,Shanghai
63,G RUSSELL,RUS,russell,Mercedes,00D7B6,mercedes,George,Russell,George Russell,https://media.formula1.com/d_driver_fallback_image.png/content/dam/fom-website/drivers/G/GEORUS01_George_Russell/georus01.png.transform/1col/image.png,,2.0,2,2.0,,,,0 days 00:00:05.515000,Finished,18.0,56.0,2026,2,Chinese Grand Prix,2026-03-15,Shanghai
44,L HAMILTON,HAM,hamilton,Ferrari,ED1131,ferrari,Lewis,Hamilton,Lewis Hamilton,https://media.formula1.com/d_driver_fallback_image.png/content/dam/fom-website/drivers/L/LEWHAM01_Lewis_Hamilton/lewham01.png.transform/1col/image.png,,3.0,3,3.0,,,,0 days 00:00:25.267000,Finished,15.0,56.0,2026,2,Chinese Grand Prix,2026-03-15,Shanghai
16,C LECLERC,LEC,leclerc,Ferrari,ED1131,ferrari,Charles,Leclerc,Charles Leclerc,https://media.formula1.com/d_driver_fallback_image.png/content/dam/fom-website/drivers/C/CHALEC01_Charles_Leclerc/chalec01.png.transform/1col/image.png,,4.0,4,4.0,,,,0 days 00:00:28.894000,Finished,12.0,56.0,2026,2,Chinese Grand Prix,2026-03-15,Shanghai
87,O BEARMAN,BEA,bearman,Haas F1 Team,9C9FA2,haas,Oliver,Bearman,Oliver Bearman,https://media.formula1.com/d_driver_fallback_image.png/content/dam/fom-website/drivers/O/OLIBEA01_Oliver_Bearman/olibea01.png.transform/1col/image.png,,5.0,5,10.0,,,,0 days 00:00:57.268000,Finished,10.0,56.0,2026,2,Chinese Grand Prix,2026-03-15,Shanghai
10,P GASLY,GAS,gasly,Alpine,00A1E8,alpine,Pierre,Gasly,Pierre Gasly,https://media.formula1.com/d_driver_fallback_image.png/content/dam/fom-website/drivers/P/PIEGAS01_Pierre_Gasly/piegas01.png.transform/1col/image.png,,6.0,6,7.0,,,,0 days 00:00:59.647000,Finished,8.0,56.0,2026,2,Chinese Grand Prix,2026-03-15,Shanghai
30,L LAWSON,LAW,lawson,Racing Bulls,6C98FF,rb,Liam,Lawson,Liam Lawson,https://media.formula1.com/d_driver_fallback_image.png/content/dam/fom-website/drivers/L/LIALAW01_Liam_Lawson/lialaw01.png.transform/1col/image.png,,7.0,7,14.0,,,,0 days 00:01:20.588000,Finished,6.0,56.0,2026,2,Chinese Grand Prix,2026-03-15,Shanghai
6,I HADJAR,HAD,hadjar,Red Bull Racing,4781D7,red_bull,Isack,Hadjar,Isack Hadjar,https://media.formula1.com/d_driver_fallback_image.png/content/dam/fom-website/drivers/I/ISAHAD01_Isack_Hadjar/isahad01.png.transform/1col/image.png,,8.0,8,9.0,,,,0 days 00:01:27.247000,Finished,4.0,56.0,2026,2,Chinese Grand Prix,2026-03-15,Shanghai
55,C SAINZ,SAI,sainz,Williams,1868DB,williams,Carlos,Sainz,Carlos Sainz,https://media.formula1.com/d_driver_fallback_image.png/content/dam/fom-website/drivers/C/CARSAI01_Carlos_Sainz/carsai01.png.transform/1col/image.png,,9.0,9,17.0,,,,0 days 00:00:11.673000,Lapped,2.0,55.0,2026,2,Chinese Grand Prix,2026-03-15,Shanghai
43,F COLAPINTO,COL,colapinto,Alpine,00A1E8,alpine,Franco,Colapinto,Franco Colapinto,https://media.formula1.com/d_driver_fallback_image.png/content/dam/fom-website/drivers/F/FRACOL01_Franco_Colapinto/fracol01.png.transform/1col/image.png,,10.0,10,12.0,,,,0 days 00:00:12.403000,Lapped,1.0,55.0,2026,2,Chinese Grand Prix,2026-03-15,Shanghai
27,N HULKENBERG,HUL,hulkenberg,Audi,F50537,audi,Nico,Hulkenberg,Nico Hulkenberg,https://media.formula1.com/d_driver_fallback_image.png/content/dam/fom-website/drivers/N/NICHUL01_Nico_Hulkenberg/nichul01.png.transform/1col/image.png,,11.0,11,11.0,,,,0 days 00:00:21.109000,Lapped,0.0,55.0,2026,2,Chinese Grand Prix,2026-03-15,Shanghai
41,A LINDBLAD,LIN,arvid_lindblad,Racing Bulls,6C98FF,rb,Arvid,Lindblad,Arvid Lindblad,https://media.formula1.com/d_driver_fallback_image.png/content/dam/fom-website/drivers/A/ARVLIN01_Arvid_Lindblad/arvlin01.png.transform/1col/image.png,,12.0,12,15.0,,,,0 days 00:00:22.828000,Lapped,0.0,55.0,2026,2,Chinese Grand Prix,2026-03-15,Shanghai
77,V BOTTAS,BOT,bottas,Cadillac,909090,cadillac,Valtteri,Bottas,Valtteri Bottas,https://media.formula1.com/d_driver_fallback_image.png/content/dam/fom-website/drivers/V/VALBOT01_Valtteri_Bottas/valbot01.png.transform/1col/image.png,,13.0,13,19.0,,,,0 days 00:00:56.158000,Lapped,0.0,55.0,2026,2,Chinese Grand Prix,2026-03-15,Shanghai
31,E OCON,OCO,ocon,Haas F1 Team,9C9FA2,haas,Esteban,Ocon,Esteban Ocon,https://media.formula1.com/d_driver_fallback_image.png/content/dam/fom-website/drivers/E/ESTOCO01_Esteban_Ocon/estoco01.png.transform/1col/image.png,,14.0,14,13.0,,,,0 days 00:01:06.256000,Lapped,0.0,55.0,2026,2,Chinese Grand Prix,2026-03-15,Shanghai
11,S PEREZ,PER,perez,Cadillac,909090,cadillac,Sergio,Perez,Sergio Perez,https://media.formula1.com/d_driver_fallback_image.png/content/dam/fom-website/drivers/S/SERPER01_Sergio_Perez/serper01.png.transform/1col/image.png,,15.0,15,21.0,,,,0 days 00:01:14.641000,Lapped,0.0,55.0,2026,2,Chinese Grand Prix,2026-03-15,Shanghai
3,M VERSTAPPEN,VER,max_verstappen,Red Bull Racing,4781D7,red_bull,Max,Verstappen,Max Verstappen,https://media.formula1.com/d_driver_fallback_image.png/content/dam/fom-website/drivers/M/MAXVER01_Max_Verstappen/maxver01.png.transform/1col/image.png,,16.0,R,8.0,,,,,Retired,0.0,45.0,2026,2,Chinese Grand Prix,2026-03-15,Shanghai
14,F ALONSO,ALO,alonso,Aston Martin,229971,aston_martin,Fernando,Alonso,Fernando Alonso,https://media.formula1.com/d_driver_fallback_image.png/content/dam/fom-website/drivers/F/FERALO01_Fernando_Alonso/feralo01.png.transform/1col/image.png,,17.0,R,18.0,,,,,Retired,0.0,32.0,2026,2,Chinese Grand Prix,2026-03-15,Shanghai
18,L STROLL,STR,stroll,Aston Martin,229971,aston_martin,Lance,Stroll,Lance Stroll,https://media.formula1.com/d_driver_fallback_image.png/content/dam/fom-website/drivers/L/LANSTR01_Lance_Stroll/lanstr01.png.transform/1col/image.png,,18.0,R,20.0,,,,,Retired,0.0,9.0,2026,2,Chinese Grand Prix,2026-03-15,Shanghai
81,O PIASTRI,PIA,piastri,McLaren,F47600,mclaren,Oscar,Piastri,Oscar Piastri,https://media.formula1.com/d_driver_fallback_image.png/content/dam/fom-website/drivers/O/OSCPIA01_Oscar_Piastri/oscpia01.png.transform/1col/image.png,,19.0,W,5.0,,,,,Did not start,0.0,0.0,2026,2,Chinese Grand Prix,2026-03-15,Shanghai
1,L NORRIS,NOR,norris,McLaren,F47600,mclaren,Lando,Norris,Lando Norris,https://media.formula1.com/d_driver_fallback_image.png/content/dam/fom-website/drivers/L/LANNOR01_Lando_Norris/lannor01.png.transform/1col/image.png,,20.0,W,6.0,,,,,Did not start,0.0,0.0,2026,2,Chinese Grand Prix,2026-03-15,Shanghai
5,G BORTOLETO,BOR,bortoleto,Audi,F50537,audi,Gabriel,Bortoleto,Gabriel Bortoleto,https://media.formula1.com/d_driver_fallback_image.png/content/dam/fom-website/drivers/G/GABBOR01_Gabriel_Bortoleto/gabbor01.png.transform/1col/image.png,,21.0,W,16.0,,,,,Did not start,0.0,0.0,2026,2,Chinese Grand Prix,2026-03-15,Shanghai
23,A ALBON,ALB,albon,Williams,1868DB,williams,Alexander,Albon,Alexander Albon,https://media.formula1.com/d_driver_fallback_image.png/content/dam/fom-website/drivers/A/ALEALB01_Alexander_Albon/alealb01.png.transform/1col/image.png,,22.0,W,22.0,,,,,Did not start,0.0,0.0,2026,2,Chinese Grand Prix,2026-03-15,Shanghai
12,K ANTONELLI,ANT,antonelli,Mercedes,00D7B6,mercedes,Kimi,Antonelli,Kimi Antonelli,https://media.formula1.com/d_driver_fallback_image.png/content/dam/fom-website/drivers/K/ANDANT01_Kimi_Antonelli/andant01.png.transform/1col/image.png,,1.0,1,1.0,,,,0 days 01:28:03.403000,Finished,25.0,53.0,2026,3,Japanese Grand Prix,2026-03-29,Suzuka
81,O PIASTRI,PIA,piastri,McLaren,F47600,mclaren,Oscar,Piastri,Oscar Piastri,https://media.formula1.com/d_driver_fallback_image.png/content/dam/fom-website/drivers/O/OSCPIA01_Oscar_Piastri/oscpia01.png.transform/1col/image.png,,2.0,2,3.0,,,,0 days 00:00:13.722000,Finished,18.0,53.0,2026,3,Japanese Grand Prix,2026-03-29,Suzuka
16,C LECLERC,LEC,leclerc,Ferrari,ED1131,ferrari,Charles,Leclerc,Charles Leclerc,https://media.formula1.com/d_driver_fallback_image.png/content/dam/fom-website/drivers/C/CHALEC01_Charles_Leclerc/chalec01.png.transform/1col/image.png,,3.0,3,4.0,,,,0 days 00:00:15.270000,Finished,15.0,53.0,2026,3,Japanese Grand Prix,2026-03-29,Suzuka
63,G RUSSELL,RUS,russell,Mercedes,00D7B6,mercedes,George,Russell,George Russell,https://media.formula1.com/d_driver_fallback_image.png/content/dam/fom-website/drivers/G/GEORUS01_George_Russell/georus01.png.transform/1col/image.png,,4.0,4,2.0,,,,0 days 00:00:15.754000,Finished,12.0,53.0,2026,3,Japanese Grand Prix,2026-03-29,Suzuka
1,L NORRIS,NOR,norris,McLaren,F47600,mclaren,Lando,Norris,Lando Norris,https://media.formula1.com/d_driver_fallback_image.png/content/dam/fom-website/drivers/L/LANNOR01_Lando_Norris/lannor01.png.transform/1col/image.png,,5.0,5,5.0,,,,0 days 00:00:23.479000,Finished,10.0,53.0,2026,3,Japanese Grand Prix,2026-03-29,Suzuka
44,L HAMILTON,HAM,hamilton,Ferrari,ED1131,ferrari,Lewis,Hamilton,Lewis Hamilton,https://media.formula1.com/d_driver_fallback_image.png/content/dam/fom-website/drivers/L/LEWHAM01_Lewis_Hamilton/lewham01.png.transform/1col/image.png,,6.0,6,6.0,,,,0 days 00:00:25.037000,Finished,8.0,53.0,2026,3,Japanese Grand Prix,2026-03-29,Suzuka
10,P GASLY,GAS,gasly,Alpine,00A1E8,alpine,Pierre,Gasly,Pierre Gasly,https://media.formula1.com/d_driver_fallback_image.png/content/dam/fom-website/drivers/P/PIEGAS01_Pierre_Gasly/piegas01.png.transform/1col/image.png,,7.0,7,7.0,,,,0 days 00:00:32.340000,Finished,6.0,53.0,2026,3,Japanese Grand Prix,2026-03-29,Suzuka
3,M VERSTAPPEN,VER,max_verstappen,Red Bull Racing,4781D7,red_bull,Max,Verstappen,Max Verstappen,https://media.formula1.com/d_driver_fallback_image.png/content/dam/fom-website/drivers/M/MAXVER01_Max_Verstappen/maxver01.png.transform/1col/image.png,,8.0,8,11.0,,,,0 days 00:00:32.677000,Finished,4.0,53.0,2026,3,Japanese Grand Prix,2026-03-29,Suzuka
30,L LAWSON,LAW,lawson,Racing Bulls,6C98FF,rb,Liam,Lawson,Liam Lawson,https://media.formula1.com/d_driver_fallback_image.png/content/dam/fom-website/drivers/L/LIALAW01_Liam_Lawson/lialaw01.png.transform/1col/image.png,,9.0,9,14.0,,,,0 days 00:00:50.180000,Finished,2.0,53.0,2026,3,Japanese Grand Prix,2026-03-29,Suzuka
31,E OCON,OCO,ocon,Haas F1 Team,9C9FA2,haas,Esteban,Ocon,Esteban Ocon,https://media.formula1.com/d_driver_fallback_image.png/content/dam/fom-website/drivers/E/ESTOCO01_Esteban_Ocon/estoco01.png.transform/1col/image.png,,10.0,10,12.0,,,,0 days 00:00:51.216000,Finished,1.0,53.0,2026,3,Japanese Grand Prix,2026-03-29,Suzuka
27,N HULKENBERG,HUL,hulkenberg,Audi,F50537,audi,Nico,Hulkenberg,Nico Hulkenberg,https://media.formula1.com/d_driver_fallback_image.png/content/dam/fom-website/drivers/N/NICHUL01_Nico_Hulkenberg/nichul01.png.transform/1col/image.png,,11.0,11,13.0,,,,0 days 00:00:52.280000,Finished,0.0,53.0,2026,3,Japanese Grand Prix,2026-03-29,Suzuka
6,I HADJAR,HAD,hadjar,Red Bull Racing,4781D7,red_bull,Isack,Hadjar,Isack Hadjar,https://media.formula1.com/d_driver_fallback_image.png/content/dam/fom-website/drivers/I/ISAHAD01_Isack_Hadjar/isahad01.png.transform/1col/image.png,,12.0,12,8.0,,,,0 days 00:00:56.154000,Finished,0.0,53.0,2026,3,Japanese Grand Prix,2026-03-29,Suzuka
5,G BORTOLETO,BOR,bortoleto,Audi,F50537,audi,Gabriel,Bortoleto,Gabriel Bortoleto,https://media.formula1.com/d_driver_fallback_image.png/content/dam/fom-website/drivers/G/GABBOR01_Gabriel_Bortoleto/gabbor01.png.transform/1col/image.png,,13.0,13,9.0,,,,0 days 00:00:59.078000,Finished,0.0,53.0,2026,3,Japanese Grand Prix,2026-03-29,Suzuka
41,A LINDBLAD,LIN,arvid_lindblad,Racing Bulls,6C98FF,rb,Arvid,Lindblad,Arvid Lindblad,https://media.formula1.com/d_driver_fallback_image.png/content/dam/fom-website/drivers/A/ARVLIN01_Arvid_Lindblad/arvlin01.png.transform/1col/image.png,,14.0,14,10.0,,,,0 days 00:00:59.848000,Finished,0.0,53.0,2026,3,Japanese Grand Prix,2026-03-29,Suzuka
55,C SAINZ,SAI,sainz,Williams,1868DB,williams,Carlos,Sainz,Carlos Sainz,https://media.formula1.com/d_driver_fallback_image.png/content/dam/fom-website/drivers/C/CARSAI01_Carlos_Sainz/carsai01.png.transform/1col/image.png,,15.0,15,16.0,,,,0 days 00:01:05.008000,Finished,0.0,53.0,2026,3,Japanese Grand Prix,2026-03-29,Suzuka
43,F COLAPINTO,COL,colapinto,Alpine,00A1E8,alpine,Franco,Colapinto,Franco Colapinto,https://media.formula1.com/d_driver_fallback_image.png/content/dam/fom-website/drivers/F/FRACOL01_Franco_Colapinto/fracol01.png.transform/1col/image.png,,16.0,16,15.0,,,,0 days 00:01:05.773000,Finished,0.0,53.0,2026,3,Japanese Grand Prix,2026-03-29,Suzuka
11,S PEREZ,PER,perez,Cadillac,909090,cadillac,Sergio,Perez,Sergio Perez,https://media.formula1.com/d_driver_fallback_image.png/content/dam/fom-website/drivers/S/SERPER01_Sergio_Perez/serper01.png.transform/1col/image.png,,17.0,17,19.0,,,,0 days 00:01:32.453000,Finished,0.0,53.0,2026,3,Japanese Grand Prix,2026-03-29,Suzuka
14,F ALONSO,ALO,alonso,Aston Martin,229971,aston_martin,Fernando,Alonso,Fernando Alonso,https://media.formula1.com/d_driver_fallback_image.png/content/dam/fom-website/drivers/F/FERALO01_Fernando_Alonso/feralo01.png.transform/1col/image.png,,18.0,18,21.0,,,,0 days 00:00:26.548000,Lapped,0.0,52.0,2026,3,Japanese Grand Prix,2026-03-29,Suzuka
77,V BOTTAS,BOT,bottas,Cadillac,909090,cadillac,Valtteri,Bottas,Valtteri Bottas,https://media.formula1.com/d_driver_fallback_image.png/content/dam/fom-website/drivers/V/VALBOT01_Valtteri_Bottas/valbot01.png.transform/1col/image.png,,19.0,19,20.0,,,,0 days 00:00:42.621000,Lapped,0.0,52.0,2026,3,Japanese Grand Prix,2026-03-29,Suzuka
23,A ALBON,ALB,albon,Williams,1868DB,williams,Alexander,Albon,Alexander Albon,https://media.formula1.com/d_driver_fallback_image.png/content/dam/fom-website/drivers/A/ALEALB01_Alexander_Albon/alealb01.png.transform/1col/image.png,,20.0,20,17.0,,,,0 days 00:00:05.067000,Lapped,0.0,51.0,2026,3,Japanese Grand Prix,2026-03-29,Suzuka
18,L STROLL,STR,stroll,Aston Martin,229971,aston_martin,Lance,Stroll,Lance Stroll,https://media.formula1.com/d_driver_fallback_image.png/content/dam/fom-website/drivers/L/LANSTR01_Lance_Stroll/lanstr01.png.transform/1col/image.png,,21.0,R,22.0,,,,,Retired,0.0,30.0,2026,3,Japanese Grand Prix,2026-03-29,Suzuka
87,O BEARMAN,BEA,bearman,Haas F1 Team,9C9FA2,haas,Oliver,Bearman,Oliver Bearman,https://media.formula1.com/d_driver_fallback_image.png/content/dam/fom-website/drivers/O/OLIBEA01_Oliver_Bearman/olibea01.png.transform/1col/image.png,,22.0,R,18.0,,,,,Retired,0.0,20.0,2026,3,Japanese Grand Prix,2026-03-29,Suzuka
12,K ANTONELLI,ANT,antonelli,Mercedes,00D7B6,mercedes,Kimi,Antonelli,Kimi Antonelli,https://media.formula1.com/d_driver_fallback_image.png/content/dam/fom-website/drivers/K/ANDANT01_Kimi_Antonelli/andant01.png.transform/1col/image.png,,1.0,1,1.0,,,,0 days 01:33:19.273000,Finished,25.0,57.0,2026,4,Miami Grand Prix,2026-05-03,Miami Gardens
1,L NORRIS,NOR,norris,McLaren,F47600,mclaren,Lando,Norris,Lando Norris,https://media.formula1.com/d_driver_fallback_image.png/content/dam/fom-website/drivers/L/LANNOR01_Lando_Norris/lannor01.png.transform/1col/image.png,,2.0,2,4.0,,,,0 days 00:00:03.264000,Finished,18.0,57.0,2026,4,Miami Grand Prix,2026-05-03,Miami Gardens
81,O PIASTRI,PIA,piastri,McLaren,F47600,mclaren,Oscar,Piastri,Oscar Piastri,https://media.formula1.com/d_driver_fallback_image.png/content/dam/fom-website/drivers/O/OSCPIA01_Oscar_Piastri/oscpia01.png.transform/1col/image.png,,3.0,3,7.0,,,,0 days 00:00:27.092000,Finished,15.0,57.0,2026,4,Miami Grand Prix,2026-05-03,Miami Gardens
63,G RUSSELL,RUS,russell,Mercedes,00D7B6,mercedes,George,Russell,George Russell,https://media.formula1.com/d_driver_fallback_image.png/content/dam/fom-website/drivers/G/GEORUS01_George_Russell/georus01.png.transform/1col/image.png,,4.0,4,5.0,,,,0 days 00:00:43.051000,Finished,12.0,57.0,2026,4,Miami Grand Prix,2026-05-03,Miami Gardens
3,M VERSTAPPEN,VER,max_verstappen,Red Bull Racing,4781D7,red_bull,Max,Verstappen,Max Verstappen,https://media.formula1.com/d_driver_fallback_image.png/content/dam/fom-website/drivers/M/MAXVER01_Max_Verstappen/maxver01.png.transform/1col/image.png,,5.0,5,2.0,,,,0 days 00:00:48.949000,Finished,10.0,57.0,2026,4,Miami Grand Prix,2026-05-03,Miami Gardens
44,L HAMILTON,HAM,hamilton,Ferrari,ED1131,ferrari,Lewis,Hamilton,Lewis Hamilton,https://media.formula1.com/d_driver_fallback_image.png/content/dam/fom-website/drivers/L/LEWHAM01_Lewis_Hamilton/lewham01.png.transform/1col/image.png,,6.0,6,6.0,,,,0 days 00:00:53.753000,Finished,8.0,57.0,2026,4,Miami Grand Prix,2026-05-03,Miami Gardens
43,F COLAPINTO,COL,colapinto,Alpine,00A1E8,alpine,Franco,Colapinto,Franco Colapinto,https://media.formula1.com/d_driver_fallback_image.png/content/dam/fom-website/drivers/F/FRACOL01_Franco_Colapinto/fracol01.png.transform/1col/image.png,,7.0,7,8.0,,,,0 days 00:01:01.871000,Finished,6.0,57.0,2026,4,Miami Grand Prix,2026-05-03,Miami Gardens
16,C LECLERC,LEC,leclerc,Ferrari,ED1131,ferrari,Charles,Leclerc,Charles Leclerc,https://media.formula1.com/d_driver_fallback_image.png/content/dam/fom-website/drivers/C/CHALEC01_Charles_Leclerc/chalec01.png.transform/1col/image.png,,8.0,8,3.0,,,,0 days 00:01:04.245000,Finished,4.0,57.0,2026,4,Miami Grand Prix,2026-05-03,Miami Gardens
55,C SAINZ,SAI,sainz,Williams,1868DB,williams,Carlos,Sainz,Carlos Sainz,https://media.formula1.com/d_driver_fallback_image.png/content/dam/fom-website/drivers/C/CARSAI01_Carlos_Sainz/carsai01.png.transform/1col/image.png,,9.0,9,13.0,,,,0 days 00:01:22.072000,Finished,2.0,57.0,2026,4,Miami Grand Prix,2026-05-03,Miami Gardens
23,A ALBON,ALB,albon,Williams,1868DB,williams,Alexander,Albon,Alexander Albon,https://media.formula1.com/d_driver_fallback_image.png/content/dam/fom-website/drivers/A/ALEALB01_Alexander_Albon/alealb01.png.transform/1col/image.png,,10.0,10,15.0,,,,0 days 00:01:30.972000,Finished,1.0,57.0,2026,4,Miami Grand Prix,2026-05-03,Miami Gardens
87,O BEARMAN,BEA,bearman,Haas F1 Team,9C9FA2,haas,Oliver,Bearman,Oliver Bearman,https://media.formula1.com/d_driver_fallback_image.png/content/dam/fom-website/drivers/O/OLIBEA01_Oliver_Bearman/olibea01.png.transform/1col/image.png,,11.0,11,12.0,,,,0 days 00:00:06.400000,Lapped,0.0,56.0,2026,4,Miami Grand Prix,2026-05-03,Miami Gardens
5,G BORTOLETO,BOR,bortoleto,Audi,F50537,audi,Gabriel,Bortoleto,Gabriel Bortoleto,https://media.formula1.com/d_driver_fallback_image.png/content/dam/fom-website/drivers/G/GABBOR01_Gabriel_Bortoleto/gabbor01.png.transform/1col/image.png,,12.0,12,21.0,,,,0 days 00:00:09.353000,Lapped,0.0,56.0,2026,4,Miami Grand Prix,2026-05-03,Miami Gardens
31,E OCON,OCO,ocon,Haas F1 Team,9C9FA2,haas,Esteban,Ocon,Esteban Ocon,https://media.formula1.com/d_driver_fallback_image.png/content/dam/fom-website/drivers/E/ESTOCO01_Esteban_Ocon/estoco01.png.transform/1col/image.png,,13.0,13,14.0,,,,0 days 00:00:13.873000,Lapped,0.0,56.0,2026,4,Miami Grand Prix,2026-05-03,Miami Gardens
41,A LINDBLAD,LIN,arvid_lindblad,Racing Bulls,6C98FF,rb,Arvid,Lindblad,Arvid Lindblad,https://media.formula1.com/d_driver_fallback_image.png/content/dam/fom-website/drivers/A/ARVLIN01_Arvid_Lindblad/arvlin01.png.transform/1col/image.png,,14.0,14,16.0,,,,0 days 00:00:44.781000,Lapped,0.0,56.0,2026,4,Miami Grand Prix,2026-05-03,Miami Gardens
14,F ALONSO,ALO,alonso,Aston Martin,229971,aston_martin,Fernando,Alonso,Fernando Alonso,https://media.formula1.com/d_driver_fallback_image.png/content/dam/fom-website/drivers/F/FERALO01_Fernando_Alonso/feralo01.png.transform/1col/image.png,,15.0,15,17.0,,,,0 days 00:01:14.964000,Lapped,0.0,56.0,2026,4,Miami Grand Prix,2026-05-03,Miami Gardens
11,S PEREZ,PER,perez,Cadillac,909090,cadillac,Sergio,Perez,Sergio Perez,https://media.formula1.com/d_driver_fallback_image.png/content/dam/fom-website/drivers/S/SERPER01_Sergio_Perez/serper01.png.transform/1col/image.png,,16.0,16,20.0,,,,0 days 00:01:17.513000,Lapped,0.0,56.0,2026,4,Miami Grand Prix,2026-05-03,Miami Gardens
18,L STROLL,STR,stroll,Aston Martin,229971,aston_martin,Lance,Stroll,Lance Stroll,https://media.formula1.com/d_driver_fallback_image.png/content/dam/fom-website/drivers/L/LANSTR01_Lance_Stroll/lanstr01.png.transform/1col/image.png,,17.0,17,18.0,,,,0 days 00:01:22.631000,Lapped,0.0,56.0,2026,4,Miami Grand Prix,2026-05-03,Miami Gardens
77,V BOTTAS,BOT,bottas,Cadillac,909090,cadillac,Valtteri,Bottas,Valtteri Bottas,https://media.formula1.com/d_driver_fallback_image.png/content/dam/fom-website/drivers/V/VALBOT01_Valtteri_Bottas/valbot01.png.transform/1col/image.png,,18.0,18,19.0,,,,0 days 00:01:08.255000,Lapped,0.0,55.0,2026,4,Miami Grand Prix,2026-05-03,Miami Gardens
27,N HULKENBERG,HUL,hulkenberg,Audi,F50537,audi,Nico,Hulkenberg,Nico Hulkenberg,https://media.formula1.com/d_driver_fallback_image.png/content/dam/fom-website/drivers/N/NICHUL01_Nico_Hulkenberg/nichul01.png.transform/1col/image.png,,19.0,R,10.0,,,,,Retired,0.0,7.0,2026,4,Miami Grand Prix,2026-05-03,Miami Gardens
30,L LAWSON,LAW,lawson,Racing Bulls,6C98FF,rb,Liam,Lawson,Liam Lawson,https://media.formula1.com/d_driver_fallback_image.png/content/dam/fom-website/drivers/L/LIALAW01_Liam_Lawson/lialaw01.png.transform/1col/image.png,,20.0,R,11.0,,,,,Retired,0.0,6.0,2026,4,Miami Grand Prix,2026-05-03,Miami Gardens
10,P GASLY,GAS,gasly,Alpine,00A1E8,alpine,Pierre,Gasly,Pierre Gasly,https://media.formula1.com/d_driver_fallback_image.png/content/dam/fom-website/drivers/P/PIEGAS01_Pierre_Gasly/piegas01.png.transform/1col/image.png,,21.0,R,9.0,,,,,Retired,0.0,4.0,2026,4,Miami Grand Prix,2026-05-03,Miami Gardens
6,I HADJAR,HAD,hadjar,Red Bull Racing,4781D7,red_bull,Isack,Hadjar,Isack Hadjar,https://media.formula1.com/d_driver_fallback_image.png/content/dam/fom-website/drivers/I/ISAHAD01_Isack_Hadjar/isahad01.png.transform/1col/image.png,,22.0,R,22.0,,,,,Retired,0.0,4.0,2026,4,Miami Grand Prix,2026-05-03,Miami Gardens
12,K ANTONELLI,ANT,antonelli,Mercedes,00D7B6,mercedes,Kimi,Antonelli,Kimi Antonelli,https://media.formula1.com/d_driver_fallback_image.png/content/dam/fom-website/drivers/K/ANDANT01_Kimi_Antonelli/andant01.png.transform/1col/image.png,,1.0,1,2.0,,,,0 days 01:28:15.758000,Finished,25.0,68.0,2026,5,Canadian Grand Prix,2026-05-24,Montréal
44,L HAMILTON,HAM,hamilton,Ferrari,ED1131,ferrari,Lewis,Hamilton,Lewis Hamilton,https://media.formula1.com/d_driver_fallback_image.png/content/dam/fom-website/drivers/L/LEWHAM01_Lewis_Hamilton/lewham01.png.transform/1col/image.png,,2.0,2,5.0,,,,0 days 00:00:10.768000,Finished,18.0,68.0,2026,5,Canadian Grand Prix,2026-05-24,Montréal
3,M VERSTAPPEN,VER,max_verstappen,Red Bull Racing,4781D7,red_bull,Max,Verstappen,Max Verstappen,https://media.formula1.com/d_driver_fallback_image.png/content/dam/fom-website/drivers/M/MAXVER01_Max_Verstappen/maxver01.png.transform/1col/image.png,,3.0,3,6.0,,,,0 days 00:00:11.276000,Finished,15.0,68.0,2026,5,Canadian Grand Prix,2026-05-24,Montréal
16,C LECLERC,LEC,leclerc,Ferrari,ED1131,ferrari,Charles,Leclerc,Charles Leclerc,https://media.formula1.com/d_driver_fallback_image.png/content/dam/fom-website/drivers/C/CHALEC01_Charles_Leclerc/chalec01.png.transform/1col/image.png,,4.0,4,8.0,,,,0 days 00:00:44.151000,Finished,12.0,68.0,2026,5,Canadian Grand Prix,2026-05-24,Montréal
6,I HADJAR,HAD,hadjar,Red Bull Racing,4781D7,red_bull,Isack,Hadjar,Isack Hadjar,https://media.formula1.com/d_driver_fallback_image.png/content/dam/fom-website/drivers/I/ISAHAD01_Isack_Hadjar/isahad01.png.transform/1col/image.png,,5.0,5,7.0,,,,0 days 00:00:05.033000,Lapped,10.0,67.0,2026,5,Canadian Grand Prix,2026-05-24,Montréal
43,F COLAPINTO,COL,colapinto,Alpine,00A1E8,alpine,Franco,Colapinto,Franco Colapinto,https://media.formula1.com/d_driver_fallback_image.png/content/dam/fom-website/drivers/F/FRACOL01_Franco_Colapinto/fracol01.png.transform/1col/image.png,,6.0,6,10.0,,,,0 days 00:00:19.510000,Lapped,8.0,67.0,2026,5,Canadian Grand Prix,2026-05-24,Montréal
30,L LAWSON,LAW,lawson,Racing Bulls,6C98FF,rb,Liam,Lawson,Liam Lawson,https://media.formula1.com/d_driver_fallback_image.png/content/dam/fom-website/drivers/L/LIALAW01_Liam_Lawson/lialaw01.png.transform/1col/image.png,,7.0,7,12.0,,,,0 days 00:00:34.235000,Lapped,6.0,67.0,2026,5,Canadian Grand Prix,2026-05-24,Montréal
10,P GASLY,GAS,gasly,Alpine,00A1E8,alpine,Pierre,Gasly,Pierre Gasly,https://media.formula1.com/d_driver_fallback_image.png/content/dam/fom-website/drivers/P/PIEGAS01_Pierre_Gasly/piegas01.png.transform/1col/image.png,,8.0,8,14.0,,,,0 days 00:00:34.572000,Lapped,4.0,67.0,2026,5,Canadian Grand Prix,2026-05-24,Montréal
55,C SAINZ,SAI,sainz,Williams,1868DB,williams,Carlos,Sainz,Carlos Sainz,https://media.formula1.com/d_driver_fallback_image.png/content/dam/fom-website/drivers/C/CARSAI01_Carlos_Sainz/carsai01.png.transform/1col/image.png,,9.0,9,15.0,,,,0 days 00:00:58.014000,Lapped,2.0,67.0,2026,5,Canadian Grand Prix,2026-05-24,Montréal
87,O BEARMAN,BEA,bearman,Haas F1 Team,9C9FA2,haas,Oliver,Bearman,Oliver Bearman,https://media.formula1.com/d_driver_fallback_image.png/content/dam/fom-website/drivers/O/OLIBEA01_Oliver_Bearman/olibea01.png.transform/1col/image.png,,10.0,10,16.0,,,,0 days 00:00:59.049000,Lapped,1.0,67.0,2026,5,Canadian Grand Prix,2026-05-24,Montréal
81,O PIASTRI,PIA,piastri,McLaren,F47600,mclaren,Oscar,Piastri,Oscar Piastri,https://media.formula1.com/d_driver_fallback_image.png/content/dam/fom-website/drivers/O/OSCPIA01_Oscar_Piastri/oscpia01.png.transform/1col/image.png,,11.0,11,4.0,,,,0 days 00:00:12.699000,Lapped,0.0,66.0,2026,5,Canadian Grand Prix,2026-05-24,Montréal
27,N HULKENBERG,HUL,hulkenberg,Audi,F50537,audi,Nico,Hulkenberg,Nico Hulkenberg,https://media.formula1.com/d_driver_fallback_image.png/content/dam/fom-website/drivers/N/NICHUL01_Nico_Hulkenberg/nichul01.png.transform/1col/image.png,,12.0,12,11.0,,,,0 days 00:00:14.182000,Lapped,0.0,66.0,2026,5,Canadian Grand Prix,2026-05-24,Montréal
5,G BORTOLETO,BOR,bortoleto,Audi,F50537,audi,Gabriel,Bortoleto,Gabriel Bortoleto,https://media.formula1.com/d_driver_fallback_image.png/content/dam/fom-website/drivers/G/GABBOR01_Gabriel_Bortoleto/gabbor01.png.transform/1col/image.png,,13.0,13,13.0,,,,0 days 00:00:21.156000,Lapped,0.0,66.0,2026,5,Canadian Grand Prix,2026-05-24,Montréal
31,E OCON,OCO,ocon,Haas F1 Team,9C9FA2,haas,Esteban,Ocon,Esteban Ocon,https://media.formula1.com/d_driver_fallback_image.png/content/dam/fom-website/drivers/E/ESTOCO01_Esteban_Ocon/estoco01.png.transform/1col/image.png,,14.0,14,17.0,,,,0 days 00:01:08.635000,Lapped,0.0,66.0,2026,5,Canadian Grand Prix,2026-05-24,Montréal
18,L STROLL,STR,stroll,Aston Martin,229971,aston_martin,Lance,Stroll,Lance Stroll,https://media.formula1.com/d_driver_fallback_image.png/content/dam/fom-website/drivers/L/LANSTR01_Lance_Stroll/lanstr01.png.transform/1col/image.png,,15.0,15,22.0,,,,0 days 00:00:18.397000,Lapped,0.0,64.0,2026,5,Canadian Grand Prix,2026-05-24,Montréal
77,V BOTTAS,BOT,bottas,Cadillac,909090,cadillac,Valtteri,Bottas,Valtteri Bottas,https://media.formula1.com/d_driver_fallback_image.png/content/dam/fom-website/drivers/V/VALBOT01_Valtteri_Bottas/valbot01.png.transform/1col/image.png,,16.0,16,21.0,,,,0 days 00:00:53.390000,Lapped,0.0,64.0,2026,5,Canadian Grand Prix,2026-05-24,Montréal
11,S PEREZ,PER,perez,Cadillac,909090,cadillac,Sergio,Perez,Sergio Perez,https://media.formula1.com/d_driver_fallback_image.png/content/dam/fom-website/drivers/S/SERPER01_Sergio_Perez/serper01.png.transform/1col/image.png,,17.0,R,20.0,,,,,Retired,0.0,39.0,2026,5,Canadian Grand Prix,2026-05-24,Montréal
1,L NORRIS,NOR,norris,McLaren,F47600,mclaren,Lando,Norris,Lando Norris,https://media.formula1.com/d_driver_fallback_image.png/content/dam/fom-website/drivers/L/LANNOR01_Lando_Norris/lannor01.png.transform/1col/image.png,,18.0,R,3.0,,,,,Retired,0.0,38.0,2026,5,Canadian Grand Prix,2026-05-24,Montréal
63,G RUSSELL,RUS,russell,Mercedes,00D7B6,mercedes,George,Russell,George Russell,https://media.formula1.com/d_driver_fallback_image.png/content/dam/fom-website/drivers/G/GEORUS01_George_Russell/georus01.png.transform/1col/image.png,,19.0,R,1.0,,,,,Retired,0.0,29.0,2026,5,Canadian Grand Prix,2026-05-24,Montréal
14,F ALONSO,ALO,alonso,Aston Martin,229971,aston_martin,Fernando,Alonso,Fernando Alonso,https://media.formula1.com/d_driver_fallback_image.png/content/dam/fom-website/drivers/F/FERALO01_Fernando_Alonso/feralo01.png.transform/1col/image.png,,20.0,R,19.0,,,,,Retired,0.0,23.0,2026,5,Canadian Grand Prix,2026-05-24,Montréal
23,A ALBON,ALB,albon,Williams,1868DB,williams,Alexander,Albon,Alexander Albon,https://media.formula1.com/d_driver_fallback_image.png/content/dam/fom-website/drivers/A/ALEALB01_Alexander_Albon/alealb01.png.transform/1col/image.png,,21.0,R,18.0,,,,,Retired,0.0,11.0,2026,5,Canadian Grand Prix,2026-05-24,Montréal
41,A LINDBLAD,LIN,arvid_lindblad,Racing Bulls,6C98FF,rb,Arvid,Lindblad,Arvid Lindblad,https://media.formula1.com/d_driver_fallback_image.png/content/dam/fom-website/drivers/A/ARVLIN01_Arvid_Lindblad/arvlin01.png.transform/1col/image.png,,22.0,W,9.0,,,,,Did not start,0.0,0.0,2026,5,Canadian Grand Prix,2026-05-24,Montréal
12,K ANTONELLI,ANT,antonelli,Mercedes,00D7B6,mercedes,Kimi,Antonelli,Kimi Antonelli,https://media.formula1.com/d_driver_fallback_image.png/content/dam/fom-website/drivers/K/ANDANT01_Kimi_Antonelli/andant01.png.transform/1col/image.png,,1.0,1,1.0,,,,0 days 02:23:31.243000,Finished,25.0,78.0,2026,6,Monaco Grand Prix,2026-06-07,Monte Carlo
44,L HAMILTON,HAM,hamilton,Ferrari,ED1131,ferrari,Lewis,Hamilton,Lewis Hamilton,https://media.formula1.com/d_driver_fallback_image.png/content/dam/fom-website/drivers/L/LEWHAM01_Lewis_Hamilton/lewham01.png.transform/1col/image.png,,2.0,2,3.0,,,,0 days 00:00:06.271000,Finished,18.0,78.0,2026,6,Monaco Grand Prix,2026-06-07,Monte Carlo
6,I HADJAR,HAD,hadjar,Red Bull Racing,4781D7,red_bull,Isack,Hadjar,Isack Hadjar,https://media.formula1.com/d_driver_fallback_image.png/content/dam/fom-website/drivers/I/ISAHAD01_Isack_Hadjar/isahad01.png.transform/1col/image.png,,3.0,3,5.0,,,,0 days 00:00:23.394000,Finished,15.0,78.0,2026,6,Monaco Grand Prix,2026-06-07,Monte Carlo
81,O PIASTRI,PIA,piastri,McLaren,F47600,mclaren,Oscar,Piastri,Oscar Piastri,https://media.formula1.com/d_driver_fallback_image.png/content/dam/fom-website/drivers/O/OSCPIA01_Oscar_Piastri/oscpia01.png.transform/1col/image.png,,4.0,4,7.0,,,,0 days 00:00:24.261000,Finished,12.0,78.0,2026,6,Monaco Grand Prix,2026-06-07,Monte Carlo
30,L LAWSON,LAW,lawson,Racing Bulls,6C98FF,rb,Liam,Lawson,Liam Lawson,https://media.formula1.com/d_driver_fallback_image.png/content/dam/fom-website/drivers/L/LIALAW01_Liam_Lawson/lialaw01.png.transform/1col/image.png,,5.0,5,10.0,,,,0 days 00:00:26.553000,Finished,10.0,78.0,2026,6,Monaco Grand Prix,2026-06-07,Monte Carlo
41,A LINDBLAD,LIN,arvid_lindblad,Racing Bulls,6C98FF,rb,Arvid,Lindblad,Arvid Lindblad,https://media.formula1.com/d_driver_fallback_image.png/content/dam/fom-website/drivers/A/ARVLIN01_Arvid_Lindblad/arvlin01.png.transform/1col/image.png,,6.0,6,15.0,,,,0 days 00:00:29.010000,Finished,8.0,78.0,2026,6,Monaco Grand Prix,2026-06-07,Monte Carlo
10,P GASLY,GAS,gasly,Alpine,00A1E8,alpine,Pierre,Gasly,Pierre Gasly,https://media.formula1.com/d_driver_fallback_image.png/content/dam/fom-website/drivers/P/PIEGAS01_Pierre_Gasly/piegas01.png.transform/1col/image.png,,7.0,7,9.0,,,,0 days 00:00:30.369000,Finished,6.0,78.0,2026,6,Monaco Grand Prix,2026-06-07,Monte Carlo
23,A ALBON,ALB,albon,Williams,1868DB,williams,Alexander,Albon,Alexander Albon,https://media.formula1.com/d_driver_fallback_image.png/content/dam/fom-website/drivers/A/ALEALB01_Alexander_Albon/alealb01.png.transform/1col/image.png,,8.0,8,11.0,,,,0 days 00:00:33.413000,Finished,4.0,78.0,2026,6,Monaco Grand Prix,2026-06-07,Monte Carlo
31,E OCON,OCO,ocon,Haas F1 Team,9C9FA2,haas,Esteban,Ocon,Esteban Ocon,https://media.formula1.com/d_driver_fallback_image.png/content/dam/fom-website/drivers/E/ESTOCO01_Esteban_Ocon/estoco01.png.transform/1col/image.png,,9.0,9,17.0,,,,0 days 00:00:37.140000,Finished,2.0,78.0,2026,6,Monaco Grand Prix,2026-06-07,Monte Carlo
14,F ALONSO,ALO,alonso,Aston Martin,229971,aston_martin,Fernando,Alonso,Fernando Alonso,https://media.formula1.com/d_driver_fallback_image.png/content/dam/fom-website/drivers/F/FERALO01_Fernando_Alonso/feralo01.png.transform/1col/image.png,,10.0,10,21.0,,,,0 days 00:00:41.899000,Finished,1.0,78.0,2026,6,Monaco Grand Prix,2026-06-07,Monte Carlo
5,G BORTOLETO,BOR,bortoleto,Audi,F50537,audi,Gabriel,Bortoleto,Gabriel Bortoleto,https://media.formula1.com/d_driver_fallback_image.png/content/dam/fom-website/drivers/G/GABBOR01_Gabriel_Bortoleto/gabbor01.png.transform/1col/image.png,,11.0,11,16.0,,,,0 days 00:00:42.748000,Finished,0.0,78.0,2026,6,Monaco Grand Prix,2026-06-07,Monte Carlo
63,G RUSSELL,RUS,russell,Mercedes,00D7B6,mercedes,George,Russell,George Russell,https://media.formula1.com/d_driver_fallback_image.png/content/dam/fom-website/drivers/G/GEORUS01_George_Russell/georus01.png.transform/1col/image.png,,12.0,12,6.0,,,,0 days 00:00:43.353000,Finished,0.0,78.0,2026,6,Monaco Grand Prix,2026-06-07,Monte Carlo
27,N HULKENBERG,HUL,hulkenberg,Audi,F50537,audi,Nico,Hulkenberg,Nico Hulkenberg,https://media.formula1.com/d_driver_fallback_image.png/content/dam/fom-website/drivers/N/NICHUL01_Nico_Hulkenberg/nichul01.png.transform/1col/image.png,,13.0,13,13.0,,,,0 days 00:00:44.102000,Finished,0.0,78.0,2026,6,Monaco Grand Prix,2026-06-07,Monte Carlo
43,F COLAPINTO,COL,colapinto,Alpine,00A1E8,alpine,Franco,Colapinto,Franco Colapinto,https://media.formula1.com/d_driver_fallback_image.png/content/dam/fom-website/drivers/F/FRACOL01_Franco_Colapinto/fracol01.png.transform/1col/image.png,,14.0,14,14.0,,,,0 days 00:00:48.964000,Finished,0.0,78.0,2026,6,Monaco Grand Prix,2026-06-07,Monte Carlo
11,S PEREZ,PER,perez,Cadillac,909090,cadillac,Sergio,Perez,Sergio Perez,https://media.formula1.com/d_driver_fallback_image.png/content/dam/fom-website/drivers/S/SERPER01_Sergio_Perez/serper01.png.transform/1col/image.png,,15.0,15,18.0,,,,0 days 00:00:49.153000,Finished,0.0,78.0,2026,6,Monaco Grand Prix,2026-06-07,Monte Carlo
55,C SAINZ,SAI,sainz,Williams,1868DB,williams,Carlos,Sainz,Carlos Sainz,https://media.formula1.com/d_driver_fallback_image.png/content/dam/fom-website/drivers/C/CARSAI01_Carlos_Sainz/carsai01.png.transform/1col/image.png,,16.0,16,12.0,,,,,Retired,0.0,70.0,2026,6,Monaco Grand Prix,2026-06-07,Monte Carlo
16,C LECLERC,LEC,leclerc,Ferrari,ED1131,ferrari,Charles,Leclerc,Charles Leclerc,https://media.formula1.com/d_driver_fallback_image.png/content/dam/fom-website/drivers/C/CHALEC01_Charles_Leclerc/chalec01.png.transform/1col/image.png,,17.0,R,4.0,,,,,Retired,0.0,64.0,2026,6,Monaco Grand Prix,2026-06-07,Monte Carlo
18,L STROLL,STR,stroll,Aston Martin,229971,aston_martin,Lance,Stroll,Lance Stroll,https://media.formula1.com/d_driver_fallback_image.png/content/dam/fom-website/drivers/L/LANSTR01_Lance_Stroll/lanstr01.png.transform/1col/image.png,,18.0,R,22.0,,,,,Retired,0.0,56.0,2026,6,Monaco Grand Prix,2026-06-07,Monte Carlo
1,L NORRIS,NOR,norris,McLaren,F47600,mclaren,Lando,Norris,Lando Norris,https://media.formula1.com/d_driver_fallback_image.png/content/dam/fom-website/drivers/L/LANNOR01_Lando_Norris/lannor01.png.transform/1col/image.png,,19.0,R,8.0,,,,,Retired,0.0,43.0,2026,6,Monaco Grand Prix,2026-06-07,Monte Carlo
87,O BEARMAN,BEA,bearman,Haas F1 Team,9C9FA2,haas,Oliver,Bearman,Oliver Bearman,https://media.formula1.com/d_driver_fallback_image.png/content/dam/fom-website/drivers/O/OLIBEA01_Oliver_Bearman/olibea01.png.transform/1col/image.png,,20.0,R,19.0,,,,,Retired,0.0,27.0,2026,6,Monaco Grand Prix,2026-06-07,Monte Carlo
77,V BOTTAS,BOT,bottas,Cadillac,909090,cadillac,Valtteri,Bottas,Valtteri Bottas,https://media.formula1.com/d_driver_fallback_image.png/content/dam/fom-website/drivers/V/VALBOT01_Valtteri_Bottas/valbot01.png.transform/1col/image.png,,21.0,R,20.0,,,,,Retired,0.0,15.0,2026,6,Monaco Grand Prix,2026-06-07,Monte Carlo
3,M VERSTAPPEN,VER,max_verstappen,Red Bull Racing,4781D7,red_bull,Max,Verstappen,Max Verstappen,https://media.formula1.com/d_driver_fallback_image.png/content/dam/fom-website/drivers/M/MAXVER01_Max_Verstappen/maxver01.png.transform/1col/image.png,,22.0,R,2.0,,,,,Retired,0.0,0.0,2026,6,Monaco Grand Prix,2026-06-07,Monte Carlo
44,L HAMILTON,HAM,hamilton,Ferrari,ED1131,ferrari,Lewis,Hamilton,Lewis Hamilton,https://media.formula1.com/d_driver_fallback_image.png/content/dam/fom-website/drivers/L/LEWHAM01_Lewis_Hamilton/lewham01.png.transform/1col/image.png,,1.0,1,2.0,,,,0 days 01:32:28.105000,Finished,25.0,66.0,2026,7,Barcelona Grand Prix,2026-06-14,Barcelona
63,G RUSSELL,RUS,russell,Mercedes,00D7B6,mercedes,George,Russell,George Russell,https://media.formula1.com/d_driver_fallback_image.png/content/dam/fom-website/drivers/G/GEORUS01_George_Russell/georus01.png.transform/1col/image.png,,2.0,2,1.0,,,,0 days 00:00:19.561000,Finished,18.0,66.0,2026,7,Barcelona Grand Prix,2026-06-14,Barcelona
1,L NORRIS,NOR,norris,McLaren,F47600,mclaren,Lando,Norris,Lando Norris,https://media.formula1.com/d_driver_fallback_image.png/content/dam/fom-website/drivers/L/LANNOR01_Lando_Norris/lannor01.png.transform/1col/image.png,,3.0,3,4.0,,,,0 days 00:00:23.719000,Finished,15.0,66.0,2026,7,Barcelona Grand Prix,2026-06-14,Barcelona
3,M VERSTAPPEN,VER,max_verstappen,Red Bull Racing,4781D7,red_bull,Max,Verstappen,Max Verstappen,https://media.formula1.com/d_driver_fallback_image.png/content/dam/fom-website/drivers/M/MAXVER01_Max_Verstappen/maxver01.png.transform/1col/image.png,,4.0,4,5.0,,,,0 days 00:00:40.497000,Finished,12.0,66.0,2026,7,Barcelona Grand Prix,2026-06-14,Barcelona
81,O PIASTRI,PIA,piastri,McLaren,F47600,mclaren,Oscar,Piastri,Oscar Piastri,https://media.formula1.com/d_driver_fallback_image.png/content/dam/fom-website/drivers/O/OSCPIA01_Oscar_Piastri/oscpia01.png.transform/1col/image.png,,5.0,5,7.0,,,,0 days 00:00:58.661000,Finished,10.0,66.0,2026,7,Barcelona Grand Prix,2026-06-14,Barcelona
6,I HADJAR,HAD,hadjar,Red Bull Racing,4781D7,red_bull,Isack,Hadjar,Isack Hadjar,https://media.formula1.com/d_driver_fallback_image.png/content/dam/fom-website/drivers/I/ISAHAD01_Isack_Hadjar/isahad01.png.transform/1col/image.png,,6.0,6,6.0,,,,0 days 00:00:24.627000,Lapped,8.0,65.0,2026,7,Barcelona Grand Prix,2026-06-14,Barcelona
10,P GASLY,GAS,gasly,Alpine,00A1E8,alpine,Pierre,Gasly,Pierre Gasly,https://media.formula1.com/d_driver_fallback_image.png/content/dam/fom-website/drivers/P/PIEGAS01_Pierre_Gasly/piegas01.png.transform/1col/image.png,,7.0,7,14.0,,,,0 days 00:00:55.789000,Lapped,6.0,65.0,2026,7,Barcelona Grand Prix,2026-06-14,Barcelona
30,L LAWSON,LAW,lawson,Racing Bulls,6C98FF,rb,Liam,Lawson,Liam Lawson,https://media.formula1.com/d_driver_fallback_image.png/content/dam/fom-website/drivers/L/LIALAW01_Liam_Lawson/lialaw01.png.transform/1col/image.png,,8.0,8,8.0,,,,0 days 00:01:12.224000,Lapped,4.0,65.0,2026,7,Barcelona Grand Prix,2026-06-14,Barcelona
41,A LINDBLAD,LIN,arvid_lindblad,Racing Bulls,6C98FF,rb,Arvid,Lindblad,Arvid Lindblad,https://media.formula1.com/d_driver_fallback_image.png/content/dam/fom-website/drivers/A/ARVLIN01_Arvid_Lindblad/arvlin01.png.transform/1col/image.png,,9.0,9,11.0,,,,0 days 00:01:18.074000,Lapped,2.0,65.0,2026,7,Barcelona Grand Prix,2026-06-14,Barcelona
43,F COLAPINTO,COL,colapinto,Alpine,00A1E8,alpine,Franco,Colapinto,Franco Colapinto,https://media.formula1.com/d_driver_fallback_image.png/content/dam/fom-website/drivers/F/FRACOL01_Franco_Colapinto/fracol01.png.transform/1col/image.png,,10.0,10,13.0,,,,0 days 00:01:19.867000,Lapped,1.0,65.0,2026,7,Barcelona Grand Prix,2026-06-14,Barcelona
5,G BORTOLETO,BOR,bortoleto,Audi,F50537,audi,Gabriel,Bortoleto,Gabriel Bortoleto,https://media.formula1.com/d_driver_fallback_image.png/content/dam/fom-website/drivers/G/GABBOR01_Gabriel_Bortoleto/gabbor01.png.transform/1col/image.png,,11.0,11,12.0,,,,0 days 00:00:26.687000,Lapped,0.0,64.0,2026,7,Barcelona Grand Prix,2026-06-14,Barcelona
55,C SAINZ,SAI,sainz,Williams,1868DB,williams,Carlos,Sainz,Carlos Sainz,https://media.formula1.com/d_driver_fallback_image.png/content/dam/fom-website/drivers/C/CARSAI01_Carlos_Sainz/carsai01.png.transform/1col/image.png,,12.0,12,16.0,,,,0 days 00:00:27.866000,Lapped,0.0,64.0,2026,7,Barcelona Grand Prix,2026-06-14,Barcelona
31,E OCON,OCO,ocon,Haas F1 Team,9C9FA2,haas,Esteban,Ocon,Esteban Ocon,https://media.formula1.com/d_driver_fallback_image.png/content/dam/fom-website/drivers/E/ESTOCO01_Esteban_Ocon/estoco01.png.transform/1col/image.png,,13.0,13,17.0,,,,0 days 00:00:59.149000,Lapped,0.0,64.0,2026,7,Barcelona Grand Prix,2026-06-14,Barcelona
11,S PEREZ,PER,perez,Cadillac,909090,cadillac,Sergio,Perez,Sergio Perez,https://media.formula1.com/d_driver_fallback_image.png/content/dam/fom-website/drivers/S/SERPER01_Sergio_Perez/serper01.png.transform/1col/image.png,,14.0,14,19.0,,,,0 days 00:00:07.769000,Lapped,0.0,63.0,2026,7,Barcelona Grand Prix,2026-06-14,Barcelona
16,C LECLERC,LEC,leclerc,Ferrari,ED1131,ferrari,Charles,Leclerc,Charles Leclerc,https://media.formula1.com/d_driver_fallback_image.png/content/dam/fom-website/drivers/C/CHALEC01_Charles_Leclerc/chalec01.png.transform/1col/image.png,,15.0,15,10.0,,,,,Retired,0.0,62.0,2026,7,Barcelona Grand Prix,2026-06-14,Barcelona
12,K ANTONELLI,ANT,antonelli,Mercedes,00D7B6,mercedes,Kimi,Antonelli,Kimi Antonelli,https://media.formula1.com/d_driver_fallback_image.png/content/dam/fom-website/drivers/K/ANDANT01_Kimi_Antonelli/andant01.png.transform/1col/image.png,,16.0,16,3.0,,,,,Retired,0.0,61.0,2026,7,Barcelona Grand Prix,2026-06-14,Barcelona
87,O BEARMAN,BEA,bearman,Haas F1 Team,9C9FA2,haas,Oliver,Bearman,Oliver Bearman,https://media.formula1.com/d_driver_fallback_image.png/content/dam/fom-website/drivers/O/OLIBEA01_Oliver_Bearman/olibea01.png.transform/1col/image.png,,17.0,17,15.0,,,,,Retired,0.0,60.0,2026,7,Barcelona Grand Prix,2026-06-14,Barcelona
23,A ALBON,ALB,albon,Williams,1868DB,williams,Alexander,Albon,Alexander Albon,https://media.formula1.com/d_driver_fallback_image.png/content/dam/fom-website/drivers/A/ALEALB01_Alexander_Albon/alealb01.png.transform/1col/image.png,,18.0,R,18.0,,,,,Lapped,0.0,55.0,2026,7,Barcelona Grand Prix,2026-06-14,Barcelona
14,F ALONSO,ALO,alonso,Aston Martin,229971,aston_martin,Fernando,Alonso,Fernando Alonso,https://media.formula1.com/d_driver_fallback_image.png/content/dam/fom-website/drivers/F/FERALO01_Fernando_Alonso/feralo01.png.transform/1col/image.png,,19.0,R,22.0,,,,,Retired,0.0,37.0,2026,7,Barcelona Grand Prix,2026-06-14,Barcelona
27,N HULKENBERG,HUL,hulkenberg,Audi,F50537,audi,Nico,Hulkenberg,Nico Hulkenberg,https://media.formula1.com/d_driver_fallback_image.png/content/dam/fom-website/drivers/N/NICHUL01_Nico_Hulkenberg/nichul01.png.transform/1col/image.png,,20.0,R,9.0,,,,,Retired,0.0,29.0,2026,7,Barcelona Grand Prix,2026-06-14,Barcelona
77,V BOTTAS,BOT,bottas,Cadillac,909090,cadillac,Valtteri,Bottas,Valtteri Bottas,https://media.formula1.com/d_driver_fallback_image.png/content/dam/fom-website/drivers/V/VALBOT01_Valtteri_Bottas/valbot01.png.transform/1col/image.png,,21.0,R,20.0,,,,,Retired,0.0,15.0,2026,7,Barcelona Grand Prix,2026-06-14,Barcelona
18,L STROLL,STR,stroll,Aston Martin,229971,aston_martin,Lance,Stroll,Lance Stroll,https://media.formula1.com/d_driver_fallback_image.png/content/dam/fom-website/drivers/L/LANSTR01_Lance_Stroll/lanstr01.png.transform/1col/image.png,,22.0,R,21.0,,,,,Retired,0.0,5.0,2026,7,Barcelona Grand Prix,2026-06-14,Barcelona
63,G RUSSELL,RUS,russell,Mercedes,00D7B6,mercedes,George,Russell,George Russell,https://media.formula1.com/d_driver_fallback_image.png/content/dam/fom-website/drivers/G/GEORUS01_George_Russell/georus01.png.transform/1col/image.png,,1.0,1,1.0,,,,0 days 01:26:37.979000,Finished,25.0,71.0,2026,8,Austrian Grand Prix,2026-06-28,Spielberg
3,M VERSTAPPEN,VER,max_verstappen,Red Bull Racing,4781D7,red_bull,Max,Verstappen,Max Verstappen,https://media.formula1.com/d_driver_fallback_image.png/content/dam/fom-website/drivers/M/MAXVER01_Max_Verstappen/maxver01.png.transform/1col/image.png,,2.0,2,5.0,,,,0 days 00:00:01.611000,Finished,18.0,71.0,2026,8,Austrian Grand Prix,2026-06-28,Spielberg
12,K ANTONELLI,ANT,antonelli,Mercedes,00D7B6,mercedes,Kimi,Antonelli,Kimi Antonelli,https://media.formula1.com/d_driver_fallback_image.png/content/dam/fom-website/drivers/K/ANDANT01_Kimi_Antonelli/andant01.png.transform/1col/image.png,,3.0,3,4.0,,,,0 days 00:00:01.986000,Finished,15.0,71.0,2026,8,Austrian Grand Prix,2026-06-28,Spielberg
81,O PIASTRI,PIA,piastri,McLaren,F47600,mclaren,Oscar,Piastri,Oscar Piastri,https://media.formula1.com/d_driver_fallback_image.png/content/dam/fom-website/drivers/O/OSCPIA01_Oscar_Piastri/oscpia01.png.transform/1col/image.png,,4.0,4,7.0,,,,0 days 00:00:21.809000,Finished,12.0,71.0,2026,8,Austrian Grand Prix,2026-06-28,Spielberg
44,L HAMILTON,HAM,hamilton,Ferrari,ED1131,ferrari,Lewis,Hamilton,Lewis Hamilton,https://media.formula1.com/d_driver_fallback_image.png/content/dam/fom-website/drivers/L/LEWHAM01_Lewis_Hamilton/lewham01.png.transform/1col/image.png,,5.0,5,3.0,,,,0 days 00:00:26.393000,Finished,10.0,71.0,2026,8,Austrian Grand Prix,2026-06-28,Spielberg
6,I HADJAR,HAD,hadjar,Red Bull Racing,4781D7,red_bull,Isack,Hadjar,Isack Hadjar,https://media.formula1.com/d_driver_fallback_image.png/content/dam/fom-website/drivers/I/ISAHAD01_Isack_Hadjar/isahad01.png.transform/1col/image.png,,6.0,6,8.0,,,,0 days 00:00:29.399000,Finished,8.0,71.0,2026,8,Austrian Grand Prix,2026-06-28,Spielberg
1,L NORRIS,NOR,norris,McLaren,F47600,mclaren,Lando,Norris,Lando Norris,https://media.formula1.com/d_driver_fallback_image.png/content/dam/fom-website/drivers/L/LANNOR01_Lando_Norris/lannor01.png.transform/1col/image.png,,7.0,7,6.0,,,,0 days 00:00:31.505000,Finished,6.0,71.0,2026,8,Austrian Grand Prix,2026-06-28,Spielberg
16,C LECLERC,LEC,leclerc,Ferrari,ED1131,ferrari,Charles,Leclerc,Charles Leclerc,https://media.formula1.com/d_driver_fallback_image.png/content/dam/fom-website/drivers/C/CHALEC01_Charles_Leclerc/chalec01.png.transform/1col/image.png,,8.0,8,2.0,,,,0 days 00:00:45.659000,Finished,4.0,71.0,2026,8,Austrian Grand Prix,2026-06-28,Spielberg
30,L LAWSON,LAW,lawson,Racing Bulls,6C98FF,rb,Liam,Lawson,Liam Lawson,https://media.formula1.com/d_driver_fallback_image.png/content/dam/fom-website/drivers/L/LIALAW01_Liam_Lawson/lialaw01.png.transform/1col/image.png,,9.0,9,9.0,,,,0 days 00:00:15.334000,Lapped,2.0,70.0,2026,8,Austrian Grand Prix,2026-06-28,Spielberg
41,A LINDBLAD,LIN,arvid_lindblad,Racing Bulls,6C98FF,rb,Arvid,Lindblad,Arvid Lindblad,https://media.formula1.com/d_driver_fallback_image.png/content/dam/fom-website/drivers/A/ARVLIN01_Arvid_Lindblad/arvlin01.png.transform/1col/image.png,,10.0,10,10.0,,,,0 days 00:00:19.030000,Lapped,1.0,70.0,2026,8,Austrian Grand Prix,2026-06-28,Spielberg
5,G BORTOLETO,BOR,bortoleto,Audi,F50537,audi,Gabriel,Bortoleto,Gabriel Bortoleto,https://media.formula1.com/d_driver_fallback_image.png/content/dam/fom-website/drivers/G/GABBOR01_Gabriel_Bortoleto/gabbor01.png.transform/1col/image.png,,11.0,11,12.0,,,,0 days 00:00:30.315000,Lapped,0.0,70.0,2026,8,Austrian Grand Prix,2026-06-28,Spielberg
27,N HULKENBERG,HUL,hulkenberg,Audi,F50537,audi,Nico,Hulkenberg,Nico Hulkenberg,https://media.formula1.com/d_driver_fallback_image.png/content/dam/fom-website/drivers/N/NICHUL01_Nico_Hulkenberg/nichul01.png.transform/1col/image.png,,12.0,12,14.0,,,,0 days 00:00:38.484000,Lapped,0.0,70.0,2026,8,Austrian Grand Prix,2026-06-28,Spielberg
10,P GASLY,GAS,gasly,Alpine,00A1E8,alpine,Pierre,Gasly,Pierre Gasly,https://media.formula1.com/d_driver_fallback_image.png/content/dam/fom-website/drivers/P/PIEGAS01_Pierre_Gasly/piegas01.png.transform/1col/image.png,,13.0,13,11.0,,,,0 days 00:00:39.251000,Lapped,0.0,70.0,2026,8,Austrian Grand Prix,2026-06-28,Spielberg
87,O BEARMAN,BEA,bearman,Haas F1 Team,9C9FA2,haas,Oliver,Bearman,Oliver Bearman,https://media.formula1.com/d_driver_fallback_image.png/content/dam/fom-website/drivers/O/OLIBEA01_Oliver_Bearman/olibea01.png.transform/1col/image.png,,14.0,14,13.0,,,,0 days 00:01:02.677000,Lapped,0.0,70.0,2026,8,Austrian Grand Prix,2026-06-28,Spielberg
43,F COLAPINTO,COL,colapinto,Alpine,00A1E8,alpine,Franco,Colapinto,Franco Colapinto,https://media.formula1.com/d_driver_fallback_image.png/content/dam/fom-website/drivers/F/FRACOL01_Franco_Colapinto/fracol01.png.transform/1col/image.png,,15.0,15,16.0,,,,0 days 00:01:05.647000,Lapped,0.0,70.0,2026,8,Austrian Grand Prix,2026-06-28,Spielberg
31,E OCON,OCO,ocon,Haas F1 Team,9C9FA2,haas,Esteban,Ocon,Esteban Ocon,https://media.formula1.com/d_driver_fallback_image.png/content/dam/fom-website/drivers/E/ESTOCO01_Esteban_Ocon/estoco01.png.transform/1col/image.png,,16.0,16,15.0,,,,0 days 00:00:25.932000,Lapped,0.0,69.0,2026,8,Austrian Grand Prix,2026-06-28,Spielberg
23,A ALBON,ALB,albon,Williams,1868DB,williams,Alexander,Albon,Alexander Albon,https://media.formula1.com/d_driver_fallback_image.png/content/dam/fom-website/drivers/A/ALEALB01_Alexander_Albon/alealb01.png.transform/1col/image.png,,17.0,17,18.0,,,,0 days 00:00:28.082000,Lapped,0.0,69.0,2026,8,Austrian Grand Prix,2026-06-28,Spielberg
14,F ALONSO,ALO,alonso,Aston Martin,229971,aston_martin,Fernando,Alonso,Fernando Alonso,https://media.formula1.com/d_driver_fallback_image.png/content/dam/fom-website/drivers/F/FERALO01_Fernando_Alonso/feralo01.png.transform/1col/image.png,,18.0,18,21.0,,,,0 days 00:00:04.833000,Lapped,0.0,68.0,2026,8,Austrian Grand Prix,2026-06-28,Spielberg
18,L STROLL,STR,stroll,Aston Martin,229971,aston_martin,Lance,Stroll,Lance Stroll,https://media.formula1.com/d_driver_fallback_image.png/content/dam/fom-website/drivers/L/LANSTR01_Lance_Stroll/lanstr01.png.transform/1col/image.png,,19.0,R,22.0,,,,,Retired,0.0,45.0,2026,8,Austrian Grand Prix,2026-06-28,Spielberg
55,C SAINZ,SAI,sainz,Williams,1868DB,williams,Carlos,Sainz,Carlos Sainz,https://media.formula1.com/d_driver_fallback_image.png/content/dam/fom-website/drivers/C/CARSAI01_Carlos_Sainz/carsai01.png.transform/1col/image.png,,20.0,R,17.0,,,,,Retired,0.0,23.0,2026,8,Austrian Grand Prix,2026-06-28,Spielberg
11,S PEREZ,PER,perez,Cadillac,909090,cadillac,Sergio,Perez,Sergio Perez,https://media.formula1.com/d_driver_fallback_image.png/content/dam/fom-website/drivers/S/SERPER01_Sergio_Perez/serper01.png.transform/1col/image.png,,21.0,R,19.0,,,,,Retired,0.0,4.0,2026,8,Austrian Grand Prix,2026-06-28,Spielberg
77,V BOTTAS,BOT,bottas,Cadillac,909090,cadillac,Valtteri,Bottas,Valtteri Bottas,https://media.formula1.com/d_driver_fallback_image.png/content/dam/fom-website/drivers/V/VALBOT01_Valtteri_Bottas/valbot01.png.transform/1col/image.png,,22.0,R,20.0,,,,,Retired,0.0,2.0,2026,8,Austrian Grand Prix,2026-06-28,Spielberg
16,C LECLERC,LEC,leclerc,Ferrari,ED1131,ferrari,Charles,Leclerc,Charles Leclerc,https://media.formula1.com/d_driver_fallback_image.png/content/dam/fom-website/drivers/C/CHALEC01_Charles_Leclerc/chalec01.png.transform/1col/image.png,,1.0,1,2.0,,,,0 days 01:27:11.335000,Finished,25.0,52.0,2026,9,British Grand Prix,2026-07-05,Silverstone
63,G RUSSELL,RUS,russell,Mercedes,00D7B6,mercedes,George,Russell,George Russell,https://media.formula1.com/d_driver_fallback_image.png/content/dam/fom-website/drivers/G/GEORUS01_George_Russell/georus01.png.transform/1col/image.png,,2.0,2,4.0,,,,0 days 00:00:00.427000,Finished,18.0,52.0,2026,9,British Grand Prix,2026-07-05,Silverstone
44,L HAMILTON,HAM,hamilton,Ferrari,ED1131,ferrari,Lewis,Hamilton,Lewis Hamilton,https://media.formula1.com/d_driver_fallback_image.png/content/dam/fom-website/drivers/L/LEWHAM01_Lewis_Hamilton/lewham01.png.transform/1col/image.png,,3.0,3,3.0,,,,0 days 00:00:00.772000,Finished,15.0,52.0,2026,9,British Grand Prix,2026-07-05,Silverstone
1,L NORRIS,NOR,norris,McLaren,F47600,mclaren,Lando,Norris,Lando Norris,https://media.formula1.com/d_driver_fallback_image.png/content/dam/fom-website/drivers/L/LANNOR01_Lando_Norris/lannor01.png.transform/1col/image.png,,4.0,4,6.0,,,,0 days 00:00:01.149000,Finished,12.0,52.0,2026,9,British Grand Prix,2026-07-05,Silverstone
6,I HADJAR,HAD,hadjar,Red Bull Racing,4781D7,red_bull,Isack,Hadjar,Isack Hadjar,https://media.formula1.com/d_driver_fallback_image.png/content/dam/fom-website/drivers/I/ISAHAD01_Isack_Hadjar/isahad01.png.transform/1col/image.png,,5.0,5,5.0,,,,0 days 00:00:01.598000,Finished,10.0,52.0,2026,9,British Grand Prix,2026-07-05,Silverstone
30,L LAWSON,LAW,lawson,Racing Bulls,6C98FF,rb,Liam,Lawson,Liam Lawson,https://media.formula1.com/d_driver_fallback_image.png/content/dam/fom-website/drivers/L/LIALAW01_Liam_Lawson/lialaw01.png.transform/1col/image.png,,6.0,6,10.0,,,,0 days 00:00:02.023000,Finished,8.0,52.0,2026,9,British Grand Prix,2026-07-05,Silverstone
41,A LINDBLAD,LIN,arvid_lindblad,Racing Bulls,6C98FF,rb,Arvid,Lindblad,Arvid Lindblad,https://media.formula1.com/d_driver_fallback_image.png/content/dam/fom-website/drivers/A/ARVLIN01_Arvid_Lindblad/arvlin01.png.transform/1col/image.png,,7.0,7,9.0,,,,0 days 00:00:02.214000,Finished,6.0,52.0,2026,9,British Grand Prix,2026-07-05,Silverstone
5,G BORTOLETO,BOR,bortoleto,Audi,F50537,audi,Gabriel,Bortoleto,Gabriel Bortoleto,https://media.formula1.com/d_driver_fallback_image.png/content/dam/fom-website/drivers/G/GABBOR01_Gabriel_Bortoleto/gabbor01.png.transform/1col/image.png,,8.0,8,11.0,,,,0 days 00:00:02.413000,Finished,4.0,52.0,2026,9,British Grand Prix,2026-07-05,Silverstone
43,F COLAPINTO,COL,colapinto,Alpine,00A1E8,alpine,Franco,Colapinto,Franco Colapinto,https://media.formula1.com/d_driver_fallback_image.png/content/dam/fom-website/drivers/F/FRACOL01_Franco_Colapinto/fracol01.png.transform/1col/image.png,,9.0,9,19.0,,,,0 days 00:00:03.229000,Finished,2.0,52.0,2026,9,British Grand Prix,2026-07-05,Silverstone
10,P GASLY,GAS,gasly,Alpine,00A1E8,alpine,Pierre,Gasly,Pierre Gasly,https://media.formula1.com/d_driver_fallback_image.png/content/dam/fom-website/drivers/P/PIEGAS01_Pierre_Gasly/piegas01.png.transform/1col/image.png,,10.0,10,15.0,,,,0 days 00:00:03.445000,Finished,1.0,52.0,2026,9,British Grand Prix,2026-07-05,Silverstone
81,O PIASTRI,PIA,piastri,McLaren,F47600,mclaren,Oscar,Piastri,Oscar Piastri,https://media.formula1.com/d_driver_fallback_image.png/content/dam/fom-website/drivers/O/OSCPIA01_Oscar_Piastri/oscpia01.png.transform/1col/image.png,,11.0,11,8.0,,,,0 days 00:00:04.014000,Finished,0.0,52.0,2026,9,British Grand Prix,2026-07-05,Silverstone
87,O BEARMAN,BEA,bearman,Haas F1 Team,9C9FA2,haas,Oliver,Bearman,Oliver Bearman,https://media.formula1.com/d_driver_fallback_image.png/content/dam/fom-website/drivers/O/OLIBEA01_Oliver_Bearman/olibea01.png.transform/1col/image.png,,12.0,12,13.0,,,,0 days 00:00:05.245000,Finished,0.0,52.0,2026,9,British Grand Prix,2026-07-05,Silverstone
31,E OCON,OCO,ocon,Haas F1 Team,9C9FA2,haas,Esteban,Ocon,Esteban Ocon,https://media.formula1.com/d_driver_fallback_image.png/content/dam/fom-website/drivers/E/ESTOCO01_Esteban_Ocon/estoco01.png.transform/1col/image.png,,13.0,13,17.0,,,,0 days 00:00:05.512000,Finished,0.0,52.0,2026,9,British Grand Prix,2026-07-05,Silverstone
11,S PEREZ,PER,perez,Cadillac,909090,cadillac,Sergio,Perez,Sergio Perez,https://media.formula1.com/d_driver_fallback_image.png/content/dam/fom-website/drivers/S/SERPER01_Sergio_Perez/serper01.png.transform/1col/image.png,,14.0,14,20.0,,,,0 days 00:00:07.403000,Finished,0.0,52.0,2026,9,British Grand Prix,2026-07-05,Silverstone
12,K ANTONELLI,ANT,antonelli,Mercedes,00D7B6,mercedes,Kimi,Antonelli,Kimi Antonelli,https://media.formula1.com/d_driver_fallback_image.png/content/dam/fom-website/drivers/K/ANDANT01_Kimi_Antonelli/andant01.png.transform/1col/image.png,,15.0,15,1.0,,,,0 days 00:00:08.005000,Finished,0.0,52.0,2026,9,British Grand Prix,2026-07-05,Silverstone
77,V BOTTAS,BOT,bottas,Cadillac,909090,cadillac,Valtteri,Bottas,Valtteri Bottas,https://media.formula1.com/d_driver_fallback_image.png/content/dam/fom-website/drivers/V/VALBOT01_Valtteri_Bottas/valbot01.png.transform/1col/image.png,,16.0,16,18.0,,,,0 days 00:00:08.162000,Finished,0.0,52.0,2026,9,British Grand Prix,2026-07-05,Silverstone
55,C SAINZ,SAI,sainz,Williams,1868DB,williams,Carlos,Sainz,Carlos Sainz,https://media.formula1.com/d_driver_fallback_image.png/content/dam/fom-website/drivers/C/CARSAI01_Carlos_Sainz/carsai01.png.transform/1col/image.png,,17.0,17,14.0,,,,0 days 00:00:04.391000,Lapped,0.0,51.0,2026,9,British Grand Prix,2026-07-05,Silverstone
14,F ALONSO,ALO,alonso,Aston Martin,229971,aston_martin,Fernando,Alonso,Fernando Alonso,https://media.formula1.com/d_driver_fallback_image.png/content/dam/fom-website/drivers/F/FERALO01_Fernando_Alonso/feralo01.png.transform/1col/image.png,,18.0,18,21.0,,,,0 days 00:00:04.980000,Lapped,0.0,51.0,2026,9,British Grand Prix,2026-07-05,Silverstone
18,L STROLL,STR,stroll,Aston Martin,229971,aston_martin,Lance,Stroll,Lance Stroll,https://media.formula1.com/d_driver_fallback_image.png/content/dam/fom-website/drivers/L/LANSTR01_Lance_Stroll/lanstr01.png.transform/1col/image.png,,19.0,19,22.0,,,,0 days 00:00:06.750000,Lapped,0.0,51.0,2026,9,British Grand Prix,2026-07-05,Silverstone
3,M VERSTAPPEN,VER,max_verstappen,Red Bull Racing,4781D7,red_bull,Max,Verstappen,Max Verstappen,https://media.formula1.com/d_driver_fallback_image.png/content/dam/fom-website/drivers/M/MAXVER01_Max_Verstappen/maxver01.png.transform/1col/image.png,,20.0,20,7.0,,,,,Retired,0.0,46.0,2026,9,British Grand Prix,2026-07-05,Silverstone
23,A ALBON,ALB,albon,Williams,1868DB,williams,Alexander,Albon,Alexander Albon,https://media.formula1.com/d_driver_fallback_image.png/content/dam/fom-website/drivers/A/ALEALB01_Alexander_Albon/alealb01.png.transform/1col/image.png,,21.0,R,16.0,,,,,Retired,0.0,43.0,2026,9,British Grand Prix,2026-07-05,Silverstone
27,N HULKENBERG,HUL,hulkenberg,Audi,F50537,audi,Nico,Hulkenberg,Nico Hulkenberg,https://media.formula1.com/d_driver_fallback_image.png/content/dam/fom-website/drivers/N/NICHUL01_Nico_Hulkenberg/nichul01.png.transform/1col/image.png,,22.0,R,12.0,,,,,Retired,0.0,36.0,2026,9,British Grand Prix,2026-07-05,Silverstone
12,K ANTONELLI,ANT,antonelli,Mercedes,00D7B6,mercedes,Kimi,Antonelli,Kimi Antonelli,https://media.formula1.com/d_driver_fallback_image.png/content/dam/fom-website/drivers/K/ANDANT01_Kimi_Antonelli/andant01.png.transform/1col/image.png,,1.0,1,1.0,,,,0 days 01:24:42.479000,Finished,25.0,44.0,2026,10,Belgian Grand Prix,2026-07-19,Spa-Francorchamps
16,C LECLERC,LEC,leclerc,Ferrari,ED1131,ferrari,Charles,Leclerc,Charles Leclerc,https://media.formula1.com/d_driver_fallback_image.png/content/dam/fom-website/drivers/C/CHALEC01_Charles_Leclerc/chalec01.png.transform/1col/image.png,,2.0,2,4.0,,,,0 days 00:00:01.952000,Finished,18.0,44.0,2026,10,Belgian Grand Prix,2026-07-19,Spa-Francorchamps
3,M VERSTAPPEN,VER,max_verstappen,Red Bull Racing,4781D7,red_bull,Max,Verstappen,Max Verstappen,https://media.formula1.com/d_driver_fallback_image.png/content/dam/fom-website/drivers/M/MAXVER01_Max_Verstappen/maxver01.png.transform/1col/image.png,,3.0,3,2.0,,,,0 days 00:00:11.586000,Finished,15.0,44.0,2026,10,Belgian Grand Prix,2026-07-19,Spa-Francorchamps
44,L HAMILTON,HAM,hamilton,Ferrari,ED1131,ferrari,Lewis,Hamilton,Lewis Hamilton,https://media.formula1.com/d_driver_fallback_image.png/content/dam/fom-website/drivers/L/LEWHAM01_Lewis_Hamilton/lewham01.png.transform/1col/image.png,,4.0,4,5.0,,,,0 days 00:00:17.245000,Finished,12.0,44.0,2026,10,Belgian Grand Prix,2026-07-19,Spa-Francorchamps
81,O PIASTRI,PIA,piastri,McLaren,F47600,mclaren,Oscar,Piastri,Oscar Piastri,https://media.formula1.com/d_driver_fallback_image.png/content/dam/fom-website/drivers/O/OSCPIA01_Oscar_Piastri/oscpia01.png.transform/1col/image.png,,5.0,5,6.0,,,,0 days 00:00:18.988000,Finished,10.0,44.0,2026,10,Belgian Grand Prix,2026-07-19,Spa-Francorchamps
6,I HADJAR,HAD,hadjar,Red Bull Racing,4781D7,red_bull,Isack,Hadjar,Isack Hadjar,https://media.formula1.com/d_driver_fallback_image.png/content/dam/fom-website/drivers/I/ISAHAD01_Isack_Hadjar/isahad01.png.transform/1col/image.png,,6.0,6,21.0,,,,0 days 00:00:23.307000,Finished,8.0,44.0,2026,10,Belgian Grand Prix,2026-07-19,Spa-Francorchamps
1,L NORRIS,NOR,norris,McLaren,F47600,mclaren,Lando,Norris,Lando Norris,https://media.formula1.com/d_driver_fallback_image.png/content/dam/fom-website/drivers/L/LANNOR01_Lando_Norris/lannor01.png.transform/1col/image.png,,7.0,7,13.0,,,,0 days 00:00:24.014000,Finished,6.0,44.0,2026,10,Belgian Grand Prix,2026-07-19,Spa-Francorchamps
5,G BORTOLETO,BOR,bortoleto,Audi,F50537,audi,Gabriel,Bortoleto,Gabriel Bortoleto,https://media.formula1.com/d_driver_fallback_image.png/content/dam/fom-website/drivers/G/GABBOR01_Gabriel_Bortoleto/gabbor01.png.transform/1col/image.png,,8.0,8,8.0,,,,0 days 00:00:49.140000,Finished,4.0,44.0,2026,10,Belgian Grand Prix,2026-07-19,Spa-Francorchamps
41,A LINDBLAD,LIN,arvid_lindblad,Racing Bulls,6C98FF,rb,Arvid,Lindblad,Arvid Lindblad,https://media.formula1.com/d_driver_fallback_image.png/content/dam/fom-website/drivers/A/ARVLIN01_Arvid_Lindblad/arvlin01.png.transform/1col/image.png,,9.0,9,7.0,,,,0 days 00:00:50.406000,Finished,2.0,44.0,2026,10,Belgian Grand Prix,2026-07-19,Spa-Francorchamps
43,F COLAPINTO,COL,colapinto,Alpine,00A1E8,alpine,Franco,Colapinto,Franco Colapinto,https://media.formula1.com/d_driver_fallback_image.png/content/dam/fom-website/drivers/F/FRACOL01_Franco_Colapinto/fracol01.png.transform/1col/image.png,,10.0,10,11.0,,,,0 days 00:01:16.037000,Finished,1.0,44.0,2026,10,Belgian Grand Prix,2026-07-19,Spa-Francorchamps
10,P GASLY,GAS,gasly,Alpine,00A1E8,alpine,Pierre,Gasly,Pierre Gasly,https://media.formula1.com/d_driver_fallback_image.png/content/dam/fom-website/drivers/P/PIEGAS01_Pierre_Gasly/piegas01.png.transform/1col/image.png,,11.0,11,10.0,,,,0 days 00:01:16.991000,Finished,0.0,44.0,2026,10,Belgian Grand Prix,2026-07-19,Spa-Francorchamps
30,L LAWSON,LAW,lawson,Racing Bulls,6C98FF,rb,Liam,Lawson,Liam Lawson,https://media.formula1.com/d_driver_fallback_image.png/content/dam/fom-website/drivers/L/LIALAW01_Liam_Lawson/lialaw01.png.transform/1col/image.png,,12.0,12,9.0,,,,0 days 00:01:17.523000,Finished,0.0,44.0,2026,10,Belgian Grand Prix,2026-07-19,Spa-Francorchamps
27,N HULKENBERG,HUL,hulkenberg,Audi,F50537,audi,Nico,Hulkenberg,Nico Hulkenberg,https://media.formula1.com/d_driver_fallback_image.png/content/dam/fom-website/drivers/N/NICHUL01_Nico_Hulkenberg/nichul01.png.transform/1col/image.png,,13.0,13,12.0,,,,0 days 00:01:18.348000,Finished,0.0,44.0,2026,10,Belgian Grand Prix,2026-07-19,Spa-Francorchamps
87,O BEARMAN,BEA,bearman,Haas F1 Team,9C9FA2,haas,Oliver,Bearman,Oliver Bearman,https://media.formula1.com/d_driver_fallback_image.png/content/dam/fom-website/drivers/O/OLIBEA01_Oliver_Bearman/olibea01.png.transform/1col/image.png,,14.0,14,14.0,,,,0 days 00:01:34.465000,Finished,0.0,44.0,2026,10,Belgian Grand Prix,2026-07-19,Spa-Francorchamps
23,A ALBON,ALB,albon,Williams,1868DB,williams,Alexander,Albon,Alexander Albon,https://media.formula1.com/d_driver_fallback_image.png/content/dam/fom-website/drivers/A/ALEALB01_Alexander_Albon/alealb01.png.transform/1col/image.png,,15.0,15,15.0,,,,0 days 00:01:44.684000,Finished,0.0,44.0,2026,10,Belgian Grand Prix,2026-07-19,Spa-Francorchamps
55,C SAINZ,SAI,sainz,Williams,1868DB,williams,Carlos,Sainz,Carlos Sainz,https://media.formula1.com/d_driver_fallback_image.png/content/dam/fom-website/drivers/C/CARSAI01_Carlos_Sainz/carsai01.png.transform/1col/image.png,,16.0,16,19.0,,,,0 days 00:01:45.856000,Finished,0.0,44.0,2026,10,Belgian Grand Prix,2026-07-19,Spa-Francorchamps
31,E OCON,OCO,ocon,Haas F1 Team,9C9FA2,haas,Esteban,Ocon,Esteban Ocon,https://media.formula1.com/d_driver_fallback_image.png/content/dam/fom-website/drivers/E/ESTOCO01_Esteban_Ocon/estoco01.png.transform/1col/image.png,,17.0,17,16.0,,,,0 days 00:01:50.925000,Finished,0.0,44.0,2026,10,Belgian Grand Prix,2026-07-19,Spa-Francorchamps
77,V BOTTAS,BOT,bottas,Cadillac,909090,cadillac,Valtteri,Bottas,Valtteri Bottas,https://media.formula1.com/d_driver_fallback_image.png/content/dam/fom-website/drivers/V/VALBOT01_Valtteri_Bottas/valbot01.png.transform/1col/image.png,,18.0,18,17.0,,,,0 days 00:01:00.979000,Lapped,0.0,43.0,2026,10,Belgian Grand Prix,2026-07-19,Spa-Francorchamps
14,F ALONSO,ALO,alonso,Aston Martin,229971,aston_martin,Fernando,Alonso,Fernando Alonso,https://media.formula1.com/d_driver_fallback_image.png/content/dam/fom-website/drivers/F/FERALO01_Fernando_Alonso/feralo01.png.transform/1col/image.png,,19.0,19,22.0,,,,0 days 00:00:20.848000,Lapped,0.0,42.0,2026,10,Belgian Grand Prix,2026-07-19,Spa-Francorchamps
18,L STROLL,STR,stroll,Aston Martin,229971,aston_martin,Lance,Stroll,Lance Stroll,https://media.formula1.com/d_driver_fallback_image.png/content/dam/fom-website/drivers/L/LANSTR01_Lance_Stroll/lanstr01.png.transform/1col/image.png,,20.0,R,20.0,,,,,Retired,0.0,25.0,2026,10,Belgian Grand Prix,2026-07-19,Spa-Francorchamps
11,S PEREZ,PER,perez,Cadillac,909090,cadillac,Sergio,Perez,Sergio Perez,https://media.formula1.com/d_driver_fallback_image.png/content/dam/fom-website/drivers/S/SERPER01_Sergio_Perez/serper01.png.transform/1col/image.png,,21.0,R,18.0,,,,,Retired,0.0,13.0,2026,10,Belgian Grand Prix,2026-07-19,Spa-Francorchamps
63,G RUSSELL,RUS,russell,Mercedes,00D7B6,mercedes,George,Russell,George Russell,https://media.formula1.com/d_driver_fallback_image.png/content/dam/fom-website/drivers/G/GEORUS01_George_Russell/georus01.png.transform/1col/image.png,,22.0,R,3.0,,,,,Retired,0.0,0.0,2026,10,Belgian Grand Prix,2026-07-19,Spa-Francorchamps
1,L NORRIS,NOR,norris,McLaren,F47600,mclaren,Lando,Norris,Lando Norris,https://media.formula1.com/d_driver_fallback_image.png/content/dam/fom-website/drivers/L/LANNOR01_Lando_Norris/lannor01.png.transform/1col/image.png,,1.0,1,1.0,,,,0 days 01:39:56.180000,Finished,25.0,70.0,2026,11,Hungarian Grand Prix,2026-07-26,Budapest
3,M VERSTAPPEN,VER,max_verstappen,Red Bull Racing,4781D7,red_bull,Max,Verstappen,Max Verstappen,https://media.formula1.com/d_driver_fallback_image.png/content/dam/fom-website/drivers/M/MAXVER01_Max_Verstappen/maxver01.png.transform/1col/image.png,,2.0,2,4.0,,,,0 days 00:00:15.080000,Finished,18.0,70.0,2026,11,Hungarian Grand Prix,2026-07-26,Budapest
12,K ANTONELLI,ANT,antonelli,Mercedes,00D7B6,mercedes,Kimi,Antonelli,Kimi Antonelli,https://media.formula1.com/d_driver_fallback_image.png/content/dam/fom-website/drivers/K/ANDANT01_Kimi_Antonelli/andant01.png.transform/1col/image.png,,3.0,3,7.0,,,,0 days 00:00:18.728000,Finished,15.0,70.0,2026,11,Hungarian Grand Prix,2026-07-26,Budapest
16,C LECLERC,LEC,leclerc,Ferrari,ED1131,ferrari,Charles,Leclerc,Charles Leclerc,https://media.formula1.com/d_driver_fallback_image.png/content/dam/fom-website/drivers/C/CHALEC01_Charles_Leclerc/chalec01.png.transform/1col/image.png,,4.0,4,2.0,,,,0 days 00:00:23.840000,Finished,12.0,70.0,2026,11,Hungarian Grand Prix,2026-07-26,Budapest
44,L HAMILTON,HAM,hamilton,Ferrari,ED1131,ferrari,Lewis,Hamilton,Lewis Hamilton,https://media.formula1.com/d_driver_fallback_image.png/content/dam/fom-website/drivers/L/LEWHAM01_Lewis_Hamilton/lewham01.png.transform/1col/image.png,,5.0,5,5.0,,,,0 days 00:00:24.540000,Finished,10.0,70.0,2026,11,Hungarian Grand Prix,2026-07-26,Budapest
6,I HADJAR,HAD,hadjar,Red Bull Racing,4781D7,red_bull,Isack,Hadjar,Isack Hadjar,https://media.formula1.com/d_driver_fallback_image.png/content/dam/fom-website/drivers/I/ISAHAD01_Isack_Hadjar/isahad01.png.transform/1col/image.png,,6.0,6,8.0,,,,0 days 00:00:55.488000,Finished,8.0,70.0,2026,11,Hungarian Grand Prix,2026-07-26,Budapest
63,G RUSSELL,RUS,russell,Mercedes,00D7B6,mercedes,George,Russell,George Russell,https://media.formula1.com/d_driver_fallback_image.png/content/dam/fom-website/drivers/G/GEORUS01_George_Russell/georus01.png.transform/1col/image.png,,7.0,7,6.0,,,,0 days 00:00:57.503000,Finished,6.0,70.0,2026,11,Hungarian Grand Prix,2026-07-26,Budapest
30,L LAWSON,LAW,lawson,Racing Bulls,6C98FF,rb,Liam,Lawson,Liam Lawson,https://media.formula1.com/d_driver_fallback_image.png/content/dam/fom-website/drivers/L/LIALAW01_Liam_Lawson/lialaw01.png.transform/1col/image.png,,8.0,8,11.0,,,,0 days 00:00:28.033000,Lapped,4.0,69.0,2026,11,Hungarian Grand Prix,2026-07-26,Budapest
27,N HULKENBERG,HUL,hulkenberg,Audi,F50537,audi,Nico,Hulkenberg,Nico Hulkenberg,https://media.formula1.com/d_driver_fallback_image.png/content/dam/fom-website/drivers/N/NICHUL01_Nico_Hulkenberg/nichul01.png.transform/1col/image.png,,9.0,9,10.0,,,,0 days 00:00:30.382000,Lapped,2.0,69.0,2026,11,Hungarian Grand Prix,2026-07-26,Budapest
41,A LINDBLAD,LIN,arvid_lindblad,Racing Bulls,6C98FF,rb,Arvid,Lindblad,Arvid Lindblad,https://media.formula1.com/d_driver_fallback_image.png/content/dam/fom-website/drivers/A/ARVLIN01_Arvid_Lindblad/arvlin01.png.transform/1col/image.png,,10.0,10,9.0,,,,0 days 00:00:51.050000,Lapped,1.0,69.0,2026,11,Hungarian Grand Prix,2026-07-26,Budapest
5,G BORTOLETO,BOR,bortoleto,Audi,F50537,audi,Gabriel,Bortoleto,Gabriel Bortoleto,https://media.formula1.com/d_driver_fallback_image.png/content/dam/fom-website/drivers/G/GABBOR01_Gabriel_Bortoleto/gabbor01.png.transform/1col/image.png,,11.0,11,14.0,,,,0 days 00:00:52.028000,Lapped,0.0,69.0,2026,11,Hungarian Grand Prix,2026-07-26,Budapest
10,P GASLY,GAS,gasly,Alpine,00A1E8,alpine,Pierre,Gasly,Pierre Gasly,https://media.formula1.com/d_driver_fallback_image.png/content/dam/fom-website/drivers/P/PIEGAS01_Pierre_Gasly/piegas01.png.transform/1col/image.png,,12.0,12,12.0,,,,0 days 00:00:53.429000,Lapped,0.0,69.0,2026,11,Hungarian Grand Prix,2026-07-26,Budapest
18,L STROLL,STR,stroll,Aston Martin,229971,aston_martin,Lance,Stroll,Lance Stroll,https://media.formula1.com/d_driver_fallback_image.png/content/dam/fom-website/drivers/L/LANSTR01_Lance_Stroll/lanstr01.png.transform/1col/image.png,,13.0,13,20.0,,,,0 days 00:01:03.828000,Lapped,0.0,69.0,2026,11,Hungarian Grand Prix,2026-07-26,Budapest
14,F ALONSO,ALO,alonso,Aston Martin,229971,aston_martin,Fernando,Alonso,Fernando Alonso,https://media.formula1.com/d_driver_fallback_image.png/content/dam/fom-website/drivers/F/FERALO01_Fernando_Alonso/feralo01.png.transform/1col/image.png,,14.0,14,16.0,,,,0 days 00:01:06.052000,Lapped,0.0,69.0,2026,11,Hungarian Grand Prix,2026-07-26,Budapest
43,F COLAPINTO,COL,colapinto,Alpine,00A1E8,alpine,Franco,Colapinto,Franco Colapinto,https://media.formula1.com/d_driver_fallback_image.png/content/dam/fom-website/drivers/F/FRACOL01_Franco_Colapinto/fracol01.png.transform/1col/image.png,,15.0,15,13.0,,,,0 days 00:00:03.876000,Lapped,0.0,68.0,2026,11,Hungarian Grand Prix,2026-07-26,Budapest
31,E OCON,OCO,ocon,Haas F1 Team,9C9FA2,haas,Esteban,Ocon,Esteban Ocon,https://media.formula1.com/d_driver_fallback_image.png/content/dam/fom-website/drivers/E/ESTOCO01_Esteban_Ocon/estoco01.png.transform/1col/image.png,,16.0,16,15.0,,,,0 days 00:00:12.859000,Lapped,0.0,68.0,2026,11,Hungarian Grand Prix,2026-07-26,Budapest
23,A ALBON,ALB,albon,Williams,1868DB,williams,Alexander,Albon,Alexander Albon,https://media.formula1.com/d_driver_fallback_image.png/content/dam/fom-website/drivers/A/ALEALB01_Alexander_Albon/alealb01.png.transform/1col/image.png,,17.0,17,19.0,,,,0 days 00:00:52.729000,Lapped,0.0,68.0,2026,11,Hungarian Grand Prix,2026-07-26,Budapest
55,C SAINZ,SAI,sainz,Williams,1868DB,williams,Carlos,Sainz,Carlos Sainz,https://media.formula1.com/d_driver_fallback_image.png/content/dam/fom-website/drivers/C/CARSAI01_Carlos_Sainz/carsai01.png.transform/1col/image.png,,18.0,18,18.0,,,,0 days 00:00:52.973000,Lapped,0.0,68.0,2026,11,Hungarian Grand Prix,2026-07-26,Budapest
87,O BEARMAN,BEA,bearman,Haas F1 Team,9C9FA2,haas,Oliver,Bearman,Oliver Bearman,https://media.formula1.com/d_driver_fallback_image.png/content/dam/fom-website/drivers/O/OLIBEA01_Oliver_Bearman/olibea01.png.transform/1col/image.png,,19.0,19,17.0,,,,0 days 00:00:57.198000,Lapped,0.0,68.0,2026,11,Hungarian Grand Prix,2026-07-26,Budapest
81,O PIASTRI,PIA,piastri,McLaren,F47600,mclaren,Oscar,Piastri,Oscar Piastri,https://media.formula1.com/d_driver_fallback_image.png/content/dam/fom-website/drivers/O/OSCPIA01_Oscar_Piastri/oscpia01.png.transform/1col/image.png,,20.0,R,3.0,,,,,Retired,0.0,55.0,2026,11,Hungarian Grand Prix,2026-07-26,Budapest
11,S PEREZ,PER,perez,Cadillac,909090,cadillac,Sergio,Perez,Sergio Perez,https://media.formula1.com/d_driver_fallback_image.png/content/dam/fom-website/drivers/S/SERPER01_Sergio_Perez/serper01.png.transform/1col/image.png,,21.0,R,22.0,,,,,Retired,0.0,48.0,2026,11,Hungarian Grand Prix,2026-07-26,Budapest
77,V BOTTAS,BOT,bottas,Cadillac,909090,cadillac,Valtteri,Bottas,Valtteri Bottas,https://media.formula1.com/d_driver_fallback_image.png/content/dam/fom-website/drivers/V/VALBOT01_Valtteri_Bottas/valbot01.png.transform/1col/image.png,,22.0,R,21.0,,,,,Retired,0.0,13.0,2026,11,Hungarian Grand Prix,2026-07-26,Budapest
1,L NORRIS,NOR,norris,McLaren,F47600,mclaren,Lando,Norris,Lando Norris,https://media.formula1.com/d_driver_fallback_image.png/content/dam/fom-website/drivers/L/LANNOR01_Lando_Norris/lannor01.png.transform/1col/image.png,,1.0,1,1.0,,,,0 days 02:04:44.859000,Finished,25.0,72.0,2026,12,Dutch Grand Prix,2026-08-23,Zandvoort
12,K ANTONELLI,ANT,antonelli,Mercedes,00D7B6,mercedes,Kimi,Antonelli,Kimi Antonelli,https://media.formula1.com/d_driver_fallback_image.png/content/dam/fom-website/drivers/K/ANDANT01_Kimi_Antonelli/andant01.png.transform/1col/image.png,,2.0,2,3.0,,,,0 days 00:00:11.536000,Finished,18.0,72.0,2026,12,Dutch Grand Prix,2026-08-23,Zandvoort
63,G RUSSELL,RUS,russell,Mercedes,00D7B6,mercedes,George,Russell,George Russell,https://media.formula1.com/d_driver_fallback_image.png/content/dam/fom-website/drivers/G/GEORUS01_George_Russell/georus01.png.transform/1col/image.png,,3.0,3,2.0,,,,0 days 00:00:15.906000,Finished,15.0,72.0,2026,12,Dutch Grand Prix,2026-08-23,Zandvoort
44,L HAMILTON,HAM,hamilton,Ferrari,ED1131,ferrari,Lewis,Hamilton,Lewis Hamilton,https://media.formula1.com/d_driver_fallback_image.png/content/dam/fom-website/drivers/L/LEWHAM01_Lewis_Hamilton/lewham01.png.transform/1col/image.png,,4.0,4,5.0,,,,0 days 00:00:16.755000,Finished,12.0,72.0,2026,12,Dutch Grand Prix,2026-08-23,Zandvoort
16,C LECLERC,LEC,leclerc,Ferrari,ED1131,ferrari,Charles,Leclerc,Charles Leclerc,https://media.formula1.com/d_driver_fallback_image.png/content/dam/fom-website/drivers/C/CHALEC01_Charles_Leclerc/chalec01.png.transform/1col/image.png,,5.0,5,6.0,,,,0 days 00:00:17.258000,Finished,10.0,72.0,2026,12,Dutch Grand Prix,2026-08-23,Zandvoort
81,O PIASTRI,PIA,piastri,McLaren,F47600,mclaren,Oscar,Piastri,Oscar Piastri,https://media.formula1.com/d_driver_fallback_image.png/content/dam/fom-website/drivers/O/OSCPIA01_Oscar_Piastri/oscpia01.png.transform/1col/image.png,,6.0,6,4.0,,,,0 days 00:00:32.332000,Finished,8.0,72.0,2026,12,Dutch Grand Prix,2026-08-23,Zandvoort
30,L LAWSON,LAW,lawson,Red Bull Racing,4781D7,red_bull,Liam,Lawson,Liam Lawson,https://media.formula1.com/d_driver_fallback_image.png/content/dam/fom-website/drivers/L/LIALAW01_Liam_Lawson/lialaw01.png.transform/1col/image.png,,7.0,7,8.0,,,,0 days 00:01:19.915000,Finished,6.0,72.0,2026,12,Dutch Grand Prix,2026-08-23,Zandvoort
27,N HULKENBERG,HUL,hulkenberg,Audi,F50537,audi,Nico,Hulkenberg,Nico Hulkenberg,https://media.formula1.com/d_driver_fallback_image.png/content/dam/fom-website/drivers/N/NICHUL01_Nico_Hulkenberg/nichul01.png.transform/1col/image.png,,8.0,8,13.0,,,,0 days 00:00:36.049000,Lapped,4.0,71.0,2026,12,Dutch Grand Prix,2026-08-23,Zandvoort
14,F ALONSO,ALO,alonso,Aston Martin,229971,aston_martin,Fernando,Alonso,Fernando Alonso,https://media.formula1.com/d_driver_fallback_image.png/content/dam/fom-website/drivers/F/FERALO01_Fernando_Alonso/feralo01.png.transform/1col/image.png,,9.0,9,18.0,,,,0 days 00:00:48.393000,Lapped,2.0,71.0,2026,12,Dutch Grand Prix,2026-08-23,Zandvoort
10,P GASLY,GAS,gasly,Alpine,00A1E8,alpine,Pierre,Gasly,Pierre Gasly,https://media.formula1.com/d_driver_fallback_image.png/content/dam/fom-website/drivers/P/PIEGAS01_Pierre_Gasly/piegas01.png.transform/1col/image.png,,10.0,10,11.0,,,,0 days 00:00:49.640000,Lapped,1.0,71.0,2026,12,Dutch Grand Prix,2026-08-23,Zandvoort
22,Y TSUNODA,TSU,tsunoda,Racing Bulls,6C98FF,rb,Yuki,Tsunoda,Yuki Tsunoda,None,,11.0,11,12.0,,,,0 days 00:00:54.322000,Lapped,0.0,71.0,2026,12,Dutch Grand Prix,2026-08-23,Zandvoort
41,A LINDBLAD,LIN,arvid_lindblad,Racing Bulls,6C98FF,rb,Arvid,Lindblad,Arvid Lindblad,https://media.formula1.com/d_driver_fallback_image.png/content/dam/fom-website/drivers/A/ARVLIN01_Arvid_Lindblad/arvlin01.png.transform/1col/image.png,,12.0,12,10.0,,,,0 days 00:01:05.680000,Lapped,0.0,71.0,2026,12,Dutch Grand Prix,2026-08-23,Zandvoort
5,G BORTOLETO,BOR,bortoleto,Audi,F50537,audi,Gabriel,Bortoleto,Gabriel Bortoleto,https://media.formula1.com/d_driver_fallback_image.png/content/dam/fom-website/drivers/G/GABBOR01_Gabriel_Bortoleto/gabbor01.png.transform/1col/image.png,,13.0,13,9.0,,,,0 days 00:01:06.235000,Lapped,0.0,71.0,2026,12,Dutch Grand Prix,2026-08-23,Zandvoort
43,F COLAPINTO,COL,colapinto,Alpine,00A1E8,alpine,Franco,Colapinto,Franco Colapinto,https://media.formula1.com/d_driver_fallback_image.png/content/dam/fom-website/drivers/F/FRACOL01_Franco_Colapinto/fracol01.png.transform/1col/image.png,,14.0,14,14.0,,,,0 days 00:00:20.534000,Lapped,0.0,70.0,2026,12,Dutch Grand Prix,2026-08-23,Zandvoort
11,S PEREZ,PER,perez,Cadillac,909090,cadillac,Sergio,Perez,Sergio Perez,https://media.formula1.com/d_driver_fallback_image.png/content/dam/fom-website/drivers/S/SERPER01_Sergio_Perez/serper01.png.transform/1col/image.png,,15.0,15,22.0,,,,0 days 00:00:58.582000,Lapped,0.0,70.0,2026,12,Dutch Grand Prix,2026-08-23,Zandvoort
55,C SAINZ,SAI,sainz,Williams,1868DB,williams,Carlos,Sainz,Carlos Sainz,https://media.formula1.com/d_driver_fallback_image.png/content/dam/fom-website/drivers/C/CARSAI01_Carlos_Sainz/carsai01.png.transform/1col/image.png,,16.0,16,17.0,,,,0 days 00:01:10.271000,Lapped,0.0,70.0,2026,12,Dutch Grand Prix,2026-08-23,Zandvoort
23,A ALBON,ALB,albon,Williams,1868DB,williams,Alexander,Albon,Alexander Albon,https://media.formula1.com/d_driver_fallback_image.png/content/dam/fom-website/drivers/A/ALEALB01_Alexander_Albon/alealb01.png.transform/1col/image.png,,17.0,17,16.0,,,,,Retired,0.0,66.0,2026,12,Dutch Grand Prix,2026-08-23,Zandvoort
77,V BOTTAS,BOT,bottas,Cadillac,909090,cadillac,Valtteri,Bottas,Valtteri Bottas,https://media.formula1.com/d_driver_fallback_image.png/content/dam/fom-website/drivers/V/VALBOT01_Valtteri_Bottas/valbot01.png.transform/1col/image.png,,18.0,R,21.0,,,,,Retired,0.0,61.0,2026,12,Dutch Grand Prix,2026-08-23,Zandvoort
31,E OCON,OCO,ocon,Haas F1 Team,9C9FA2,haas,Esteban,Ocon,Esteban Ocon,https://media.formula1.com/d_driver_fallback_image.png/content/dam/fom-website/drivers/E/ESTOCO01_Esteban_Ocon/estoco01.png.transform/1col/image.png,,19.0,R,15.0,,,,,Retired,0.0,52.0,2026,12,Dutch Grand Prix,2026-08-23,Zandvoort
18,L STROLL,STR,stroll,Aston Martin,229971,aston_martin,Lance,Stroll,Lance Stroll,https://media.formula1.com/d_driver_fallback_image.png/content/dam/fom-website/drivers/L/LANSTR01_Lance_Stroll/lanstr01.png.transform/1col/image.png,,20.0,R,19.0,,,,,Retired,0.0,45.0,2026,12,Dutch Grand Prix,2026-08-23,Zandvoort
87,O BEARMAN,BEA,bearman,Haas F1 Team,9C9FA2,haas,Oliver,Bearman,Oliver Bearman,https://media.formula1.com/d_driver_fallback_image.png/content/dam/fom-website/drivers/O/OLIBEA01_Oliver_Bearman/olibea01.png.transform/1col/image.png,,21.0,R,20.0,,,,,Retired,0.0,2.0,2026,12,Dutch Grand Prix,2026-08-23,Zandvoort
3,M VERSTAPPEN,VER,max_verstappen,Red Bull Racing,4781D7,red_bull,Max,Verstappen,Max Verstappen,https://media.formula1.com/d_driver_fallback_image.png/content/dam/fom-website/drivers/M/MAXVER01_Max_Verstappen/maxver01.png.transform/1col/image.png,,22.0,R,7.0,,,,,Retired,0.0,0.0,2026,12,Dutch Grand Prix,2026-08-23,Zandvoort
12,K ANTONELLI,ANT,antonelli,Mercedes,00D7B6,mercedes,Kimi,Antonelli,Kimi Antonelli,https://media.formula1.com/d_driver_fallback_image.png/content/dam/fom-website/drivers/K/ANDANT01_Kimi_Antonelli/andant01.png.transform/1col/image.png,,1.0,1,19.0,,,,0 days 01:51:15.281000,Finished,25.0,53.0,2026,13,Italian Grand Prix,2026-09-06,Monza
63,G RUSSELL,RUS,russell,Mercedes,00D7B6,mercedes,George,Russell,George Russell,https://media.formula1.com/d_driver_fallback_image.png/content/dam/fom-website/drivers/G/GEORUS01_George_Russell/georus01.png.transform/1col/image.png,,2.0,2,2.0,,,,0 days 00:00:03.857000,Finished,18.0,53.0,2026,13,Italian Grand Prix,2026-09-06,Monza
3,M VERSTAPPEN,VER,max_verstappen,Red Bull Racing,4781D7,red_bull,Max,Verstappen,Max Verstappen,https://media.formula1.com/d_driver_fallback_image.png/content/dam/fom-website/drivers/M/MAXVER01_Max_Verstappen/maxver01.png.transform/1col/image.png,,3.0,3,5.0,,,,0 days 00:00:14.718000,Finished,15.0,53.0,2026,13,Italian Grand Prix,2026-09-06,Monza
1,L NORRIS,NOR,norris,McLaren,F47600,mclaren,Lando,Norris,Lando Norris,https://media.formula1.com/d_driver_fallback_image.png/content/dam/fom-website/drivers/L/LANNOR01_Lando_Norris/lannor01.png.transform/1col/image.png,,4.0,4,8.0,,,,0 days 00:00:19.056000,Finished,12.0,53.0,2026,13,Italian Grand Prix,2026-09-06,Monza
81,O PIASTRI,PIA,piastri,McLaren,F47600,mclaren,Oscar,Piastri,Oscar Piastri,https://media.formula1.com/d_driver_fallback_image.png/content/dam/fom-website/drivers/O/OSCPIA01_Oscar_Piastri/oscpia01.png.transform/1col/image.png,,5.0,5,6.0,,,,0 days 00:00:19.253000,Finished,10.0,53.0,2026,13,Italian Grand Prix,2026-09-06,Monza
44,L HAMILTON,HAM,hamilton,Ferrari,ED1131,ferrari,Lewis,Hamilton,Lewis Hamilton,https://media.formula1.com/d_driver_fallback_image.png/content/dam/fom-website/drivers/L/LEWHAM01_Lewis_Hamilton/lewham01.png.transform/1col/image.png,,6.0,6,4.0,,,,0 days 00:00:24.655000,Finished,8.0,53.0,2026,13,Italian Grand Prix,2026-09-06,Monza
10,P GASLY,GAS,gasly,Alpine,00A1E8,alpine,Pierre,Gasly,Pierre Gasly,https://media.formula1.com/d_driver_fallback_image.png/content/dam/fom-website/drivers/P/PIEGAS01_Pierre_Gasly/piegas01.png.transform/1col/image.png,,7.0,7,1.0,,,,0 days 00:00:27.351000,Finished,6.0,53.0,2026,13,Italian Grand Prix,2026-09-06,Monza
41,A LINDBLAD,LIN,arvid_lindblad,Racing Bulls,6C98FF,rb,Arvid,Lindblad,Arvid Lindblad,https://media.formula1.com/d_driver_fallback_image.png/content/dam/fom-website/drivers/A/ARVLIN01_Arvid_Lindblad/arvlin01.png.transform/1col/image.png,,8.0,8,9.0,,,,0 days 00:00:45.136000,Finished,4.0,53.0,2026,13,Italian Grand Prix,2026-09-06,Monza
43,F COLAPINTO,COL,colapinto,Alpine,00A1E8,alpine,Franco,Colapinto,Franco Colapinto,https://media.formula1.com/d_driver_fallback_image.png/content/dam/fom-website/drivers/F/FRACOL01_Franco_Colapinto/fracol01.png.transform/1col/image.png,,9.0,9,7.0,,,,0 days 00:00:47.353000,Finished,2.0,53.0,2026,13,Italian Grand Prix,2026-09-06,Monza
22,Y TSUNODA,TSU,tsunoda,Racing Bulls,6C98FF,rb,Yuki,Tsunoda,Yuki Tsunoda,None,,10.0,10,15.0,,,,0 days 00:00:58.187000,Finished,1.0,53.0,2026,13,Italian Grand Prix,2026-09-06,Monza
5,G BORTOLETO,BOR,bortoleto,Audi,F50537,audi,Gabriel,Bortoleto,Gabriel Bortoleto,https://media.formula1.com/d_driver_fallback_image.png/content/dam/fom-website/drivers/G/GABBOR01_Gabriel_Bortoleto/gabbor01.png.transform/1col/image.png,,11.0,11,10.0,,,,0 days 00:01:05.187000,Finished,0.0,53.0,2026,13,Italian Grand Prix,2026-09-06,Monza
27,N HULKENBERG,HUL,hulkenberg,Audi,F50537,audi,Nico,Hulkenberg,Nico Hulkenberg,https://media.formula1.com/d_driver_fallback_image.png/content/dam/fom-website/drivers/N/NICHUL01_Nico_Hulkenberg/nichul01.png.transform/1col/image.png,,12.0,12,12.0,,,,0 days 00:01:06.187000,Finished,0.0,53.0,2026,13,Italian Grand Prix,2026-09-06,Monza
55,C SAINZ,SAI,sainz,Williams,1868DB,williams,Carlos,Sainz,Carlos Sainz,https://media.formula1.com/d_driver_fallback_image.png/content/dam/fom-website/drivers/C/CARSAI01_Carlos_Sainz/carsai01.png.transform/1col/image.png,,13.0,13,13.0,,,,0 days 00:01:14.117000,Finished,0.0,53.0,2026,13,Italian Grand Prix,2026-09-06,Monza
30,L LAWSON,LAW,lawson,Red Bull Racing,4781D7,red_bull,Liam,Lawson,Liam Lawson,https://media.formula1.com/d_driver_fallback_image.png/content/dam/fom-website/drivers/L/LIALAW01_Liam_Lawson/lialaw01.png.transform/1col/image.png,,14.0,14,22.0,,,,0 days 00:01:15.609000,Finished,0.0,53.0,2026,13,Italian Grand Prix,2026-09-06,Monza
87,O BEARMAN,BEA,bearman,Haas F1 Team,9C9FA2,haas,Oliver,Bearman,Oliver Bearman,https://media.formula1.com/d_driver_fallback_image.png/content/dam/fom-website/drivers/O/OLIBEA01_Oliver_Bearman/olibea01.png.transform/1col/image.png,,15.0,15,11.0,,,,0 days 00:01:18.958000,Finished,0.0,53.0,2026,13,Italian Grand Prix,2026-09-06,Monza
31,E OCON,OCO,ocon,Haas F1 Team,9C9FA2,haas,Esteban,Ocon,Esteban Ocon,https://media.formula1.com/d_driver_fallback_image.png/content/dam/fom-website/drivers/E/ESTOCO01_Esteban_Ocon/estoco01.png.transform/1col/image.png,,16.0,16,14.0,,,,0 days 00:00:06.591000,Lapped,0.0,52.0,2026,13,Italian Grand Prix,2026-09-06,Monza
23,A ALBON,ALB,albon,Williams,1868DB,williams,Alexander,Albon,Alexander Albon,https://media.formula1.com/d_driver_fallback_image.png/content/dam/fom-website/drivers/A/ALEALB01_Alexander_Albon/alealb01.png.transform/1col/image.png,,17.0,17,20.0,,,,0 days 00:00:20.268000,Lapped,0.0,52.0,2026,13,Italian Grand Prix,2026-09-06,Monza
11,S PEREZ,PER,perez,Cadillac,909090,cadillac,Sergio,Perez,Sergio Perez,https://media.formula1.com/d_driver_fallback_image.png/content/dam/fom-website/drivers/S/SERPER01_Sergio_Perez/serper01.png.transform/1col/image.png,,18.0,18,17.0,,,,0 days 00:01:13.372000,Lapped,0.0,52.0,2026,13,Italian Grand Prix,2026-09-06,Monza
77,V BOTTAS,BOT,bottas,Cadillac,909090,cadillac,Valtteri,Bottas,Valtteri Bottas,https://media.formula1.com/d_driver_fallback_image.png/content/dam/fom-website/drivers/V/VALBOT01_Valtteri_Bottas/valbot01.png.transform/1col/image.png,,19.0,19,16.0,,,,0 days 00:00:12.880000,Lapped,0.0,51.0,2026,13,Italian Grand Prix,2026-09-06,Monza
18,L STROLL,STR,stroll,Aston Martin,229971,aston_martin,Lance,Stroll,Lance Stroll,https://media.formula1.com/d_driver_fallback_image.png/content/dam/fom-website/drivers/L/LANSTR01_Lance_Stroll/lanstr01.png.transform/1col/image.png,,20.0,R,18.0,,,,,Retired,0.0,26.0,2026,13,Italian Grand Prix,2026-09-06,Monza
14,F ALONSO,ALO,alonso,Aston Martin,229971,aston_martin,Fernando,Alonso,Fernando Alonso,https://media.formula1.com/d_driver_fallback_image.png/content/dam/fom-website/drivers/F/FERALO01_Fernando_Alonso/feralo01.png.transform/1col/image.png,,21.0,R,21.0,,,,,Retired,0.0,23.0,2026,13,Italian Grand Prix,2026-09-06,Monza
16,C LECLERC,LEC,leclerc,Ferrari,ED1131,ferrari,Charles,Leclerc,Charles Leclerc,https://media.formula1.com/d_driver_fallback_image.png/content/dam/fom-website/drivers/C/CHALEC01_Charles_Leclerc/chalec01.png.transform/1col/image.png,,22.0,R,3.0,,,,,Retired,0.0,1.0,2026,13,Italian Grand Prix,2026-09-06,Monza
12,K ANTONELLI,ANT,antonelli,Mercedes,00D7B6,mercedes,Kimi,Antonelli,Kimi Antonelli,https://media.formula1.com/d_driver_fallback_image.png/content/dam/fom-website/drivers/K/ANDANT01_Kimi_Antonelli/andant01.png.transform/1col/image.png,,1.0,1,2.0,,,,0 days 01:34:23.754000,Finished,25.0,57.0,2026,14,Spanish Grand Prix,2026-09-13,Madrid
3,M VERSTAPPEN,VER,max_verstappen,Red Bull Racing,4781D7,red_bull,Max,Verstappen,Max Verstappen,https://media.formula1.com/d_driver_fallback_image.png/content/dam/fom-website/drivers/M/MAXVER01_Max_Verstappen/maxver01.png.transform/1col/image.png,,2.0,2,3.0,,,,0 days 00:00:04.351000,Finished,18.0,57.0,2026,14,Spanish Grand Prix,2026-09-13,Madrid
1,L NORRIS,NOR,norris,McLaren,F47600,mclaren,Lando,Norris,Lando Norris,https://media.formula1.com/d_driver_fallback_image.png/content/dam/fom-website/drivers/L/LANNOR01_Lando_Norris/lannor01.png.transform/1col/image.png,,3.0,3,1.0,,,,0 days 00:00:05.089000,Finished,15.0,57.0,2026,14,Spanish Grand Prix,2026-09-13,Madrid
16,C LECLERC,LEC,leclerc,Ferrari,ED1131,ferrari,Charles,Leclerc,Charles Leclerc,https://media.formula1.com/d_driver_fallback_image.png/content/dam/fom-website/drivers/C/CHALEC01_Charles_Leclerc/chalec01.png.transform/1col/image.png,,4.0,4,5.0,,,,0 days 00:00:29.116000,Finished,12.0,57.0,2026,14,Spanish Grand Prix,2026-09-13,Madrid
63,G RUSSELL,RUS,russell,Mercedes,00D7B6,mercedes,George,Russell,George Russell,https://media.formula1.com/d_driver_fallback_image.png/content/dam/fom-website/drivers/G/GEORUS01_George_Russell/georus01.png.transform/1col/image.png,,5.0,5,6.0,,,,0 days 00:00:29.829000,Finished,10.0,57.0,2026,14,Spanish Grand Prix,2026-09-13,Madrid
30,L LAWSON,LAW,lawson,Red Bull Racing,4781D7,red_bull,Liam,Lawson,Liam Lawson,https://media.formula1.com/d_driver_fallback_image.png/content/dam/fom-website/drivers/L/LIALAW01_Liam_Lawson/lialaw01.png.transform/1col/image.png,,6.0,6,8.0,,,,0 days 00:01:26.746000,Finished,8.0,57.0,2026,14,Spanish Grand Prix,2026-09-13,Madrid
43,F COLAPINTO,COL,colapinto,Alpine,00A1E8,alpine,Franco,Colapinto,Franco Colapinto,https://media.formula1.com/d_driver_fallback_image.png/content/dam/fom-website/drivers/F/FRACOL01_Franco_Colapinto/fracol01.png.transform/1col/image.png,,7.0,7,9.0,,,,0 days 00:01:34.281000,Finished,6.0,57.0,2026,14,Spanish Grand Prix,2026-09-13,Madrid
81,O PIASTRI,PIA,piastri,McLaren,F47600,mclaren,Oscar,Piastri,Oscar Piastri,https://media.formula1.com/d_driver_fallback_image.png/content/dam/fom-website/drivers/O/OSCPIA01_Oscar_Piastri/oscpia01.png.transform/1col/image.png,,8.0,8,7.0,,,,0 days 00:01:35.839000,Finished,4.0,57.0,2026,14,Spanish Grand Prix,2026-09-13,Madrid
41,A LINDBLAD,LIN,arvid_lindblad,Racing Bulls,6C98FF,rb,Arvid,Lindblad,Arvid Lindblad,https://media.formula1.com/d_driver_fallback_image.png/content/dam/fom-website/drivers/A/ARVLIN01_Arvid_Lindblad/arvlin01.png.transform/1col/image.png,,9.0,9,10.0,,,,0 days 00:00:10.408000,Lapped,2.0,56.0,2026,14,Spanish Grand Prix,2026-09-13,Madrid
27,N HULKENBERG,HUL,hulkenberg,Audi,F50537,audi,Nico,Hulkenberg,Nico Hulkenberg,https://media.formula1.com/d_driver_fallback_image.png/content/dam/fom-website/drivers/N/NICHUL01_Nico_Hulkenberg/nichul01.png.transform/1col/image.png,,10.0,10,11.0,,,,0 days 00:00:11.298000,Lapped,1.0,56.0,2026,14,Spanish Grand Prix,2026-09-13,Madrid
31,E OCON,OCO,ocon,Haas F1 Team,9C9FA2,haas,Esteban,Ocon,Esteban Ocon,https://media.formula1.com/d_driver_fallback_image.png/content/dam/fom-website/drivers/E/ESTOCO01_Esteban_Ocon/estoco01.png.transform/1col/image.png,,11.0,11,13.0,,,,0 days 00:00:15.143000,Lapped,0.0,56.0,2026,14,Spanish Grand Prix,2026-09-13,Madrid
10,P GASLY,GAS,gasly,Alpine,00A1E8,alpine,Pierre,Gasly,Pierre Gasly,https://media.formula1.com/d_driver_fallback_image.png/content/dam/fom-website/drivers/P/PIEGAS01_Pierre_Gasly/piegas01.png.transform/1col/image.png,,12.0,12,14.0,,,,0 days 00:00:26.152000,Lapped,0.0,56.0,2026,14,Spanish Grand Prix,2026-09-13,Madrid
5,G BORTOLETO,BOR,bortoleto,Audi,F50537,audi,Gabriel,Bortoleto,Gabriel Bortoleto,https://media.formula1.com/d_driver_fallback_image.png/content/dam/fom-website/drivers/G/GABBOR01_Gabriel_Bortoleto/gabbor01.png.transform/1col/image.png,,13.0,13,12.0,,,,0 days 00:00:28.389000,Lapped,0.0,56.0,2026,14,Spanish Grand Prix,2026-09-13,Madrid
22,Y TSUNODA,TSU,tsunoda,Racing Bulls,6C98FF,rb,Yuki,Tsunoda,Yuki Tsunoda,None,,14.0,14,15.0,,,,0 days 00:01:00.163000,Lapped,0.0,56.0,2026,14,Spanish Grand Prix,2026-09-13,Madrid
23,A ALBON,ALB,albon,Williams,1868DB,williams,Alexander,Albon,Alexander Albon,https://media.formula1.com/d_driver_fallback_image.png/content/dam/fom-website/drivers/A/ALEALB01_Alexander_Albon/alealb01.png.transform/1col/image.png,,15.0,15,16.0,,,,0 days 00:01:26.212000,Lapped,0.0,56.0,2026,14,Spanish Grand Prix,2026-09-13,Madrid
87,O BEARMAN,BEA,bearman,Haas F1 Team,9C9FA2,haas,Oliver,Bearman,Oliver Bearman,https://media.formula1.com/d_driver_fallback_image.png/content/dam/fom-website/drivers/O/OLIBEA01_Oliver_Bearman/olibea01.png.transform/1col/image.png,,16.0,16,22.0,,,,0 days 00:01:29.963000,Lapped,0.0,56.0,2026,14,Spanish Grand Prix,2026-09-13,Madrid
14,F ALONSO,ALO,alonso,Aston Martin,229971,aston_martin,Fernando,Alonso,Fernando Alonso,https://media.formula1.com/d_driver_fallback_image.png/content/dam/fom-website/drivers/F/FERALO01_Fernando_Alonso/feralo01.png.transform/1col/image.png,,17.0,17,17.0,,,,0 days 00:00:33.776000,Lapped,0.0,55.0,2026,14,Spanish Grand Prix,2026-09-13,Madrid
77,V BOTTAS,BOT,bottas,Cadillac,909090,cadillac,Valtteri,Bottas,Valtteri Bottas,https://media.formula1.com/d_driver_fallback_image.png/content/dam/fom-website/drivers/V/VALBOT01_Valtteri_Bottas/valbot01.png.transform/1col/image.png,,18.0,18,19.0,,,,0 days 00:00:49.246000,Lapped,0.0,54.0,2026,14,Spanish Grand Prix,2026-09-13,Madrid
55,C SAINZ,SAI,sainz,Williams,1868DB,williams,Carlos,Sainz,Carlos Sainz,https://media.formula1.com/d_driver_fallback_image.png/content/dam/fom-website/drivers/C/CARSAI01_Carlos_Sainz/carsai01.png.transform/1col/image.png,,19.0,R,20.0,,,,,Retired,0.0,43.0,2026,14,Spanish Grand Prix,2026-09-13,Madrid
11,S PEREZ,PER,perez,Cadillac,909090,cadillac,Sergio,Perez,Sergio Perez,https://media.formula1.com/d_driver_fallback_image.png/content/dam/fom-website/drivers/S/SERPER01_Sergio_Perez/serper01.png.transform/1col/image.png,,20.0,R,18.0,,,,,Retired,0.0,31.0,2026,14,Spanish Grand Prix,2026-09-13,Madrid
18,L STROLL,STR,stroll,Aston Martin,229971,aston_martin,Lance,Stroll,Lance Stroll,https://media.formula1.com/d_driver_fallback_image.png/content/dam/fom-website/drivers/L/LANSTR01_Lance_Stroll/lanstr01.png.transform/1col/image.png,,21.0,R,21.0,,,,,Retired,0.0,12.0,2026,14,Spanish Grand Prix,2026-09-13,Madrid
44,L HAMILTON,HAM,hamilton,Ferrari,ED1131,ferrari,Lewis,Hamilton,Lewis Hamilton,https://media.formula1.com/d_driver_fallback_image.png/content/dam/fom-website/drivers/L/LEWHAM01_Lewis_Hamilton/lewham01.png.transform/1col/image.png,,22.0,R,4.0,,,,,Retired,0.0,6.0,2026,14,Spanish Grand Prix,2026-09-13,Madrid
63,G RUSSELL,RUS,russell,Mercedes,00D7B6,mercedes,George,Russell,George Russell,https://media.formula1.com/d_driver_fallback_image.png/content/dam/fom-website/drivers/G/GEORUS01_George_Russell/georus01.png.transform/1col/image.png,,1.0,1,1.0,,,,0 days 01:38:02.143000,Finished,25.0,51.0,2026,15,Azerbaijan Grand Prix,2026-09-26,Baku
3,M VERSTAPPEN,VER,max_verstappen,Red Bull Racing,4781D7,red_bull,Max,Verstappen,Max Verstappen,https://media.formula1.com/d_driver_fallback_image.png/content/dam/fom-website/drivers/M/MAXVER01_Max_Verstappen/maxver01.png.transform/1col/image.png,,2.0,2,8.0,,,,0 days 00:00:00.196000,Finished,18.0,51.0,2026,15,Azerbaijan Grand Prix,2026-09-26,Baku
6,I HADJAR,HAD,hadjar,Red Bull Racing,4781D7,red_bull,Isack,Hadjar,Isack Hadjar,https://media.formula1.com/d_driver_fallback_image.png/content/dam/fom-website/drivers/I/ISAHAD01_Isack_Hadjar/isahad01.png.transform/1col/image.png,,3.0,3,4.0,,,,0 days 00:00:10.704000,Finished,15.0,51.0,2026,15,Azerbaijan Grand Prix,2026-09-26,Baku
16,C LECLERC,LEC,leclerc,Ferrari,ED1131,ferrari,Charles,Leclerc,Charles Leclerc,https://media.formula1.com/d_driver_fallback_image.png/content/dam/fom-website/drivers/C/CHALEC01_Charles_Leclerc/chalec01.png.transform/1col/image.png,,4.0,4,2.0,,,,0 days 00:00:14.136000,Finished,12.0,51.0,2026,15,Azerbaijan Grand Prix,2026-09-26,Baku
12,K ANTONELLI,ANT,antonelli,Mercedes,00D7B6,mercedes,Kimi,Antonelli,Kimi Antonelli,https://media.formula1.com/d_driver_fallback_image.png/content/dam/fom-website/drivers/K/ANDANT01_Kimi_Antonelli/andant01.png.transform/1col/image.png,,5.0,5,16.0,,,,0 days 00:00:14.512000,Finished,10.0,51.0,2026,15,Azerbaijan Grand Prix,2026-09-26,Baku
44,L HAMILTON,HAM,hamilton,Ferrari,ED1131,ferrari,Lewis,Hamilton,Lewis Hamilton,https://media.formula1.com/d_driver_fallback_image.png/content/dam/fom-website/drivers/L/LEWHAM01_Lewis_Hamilton/lewham01.png.transform/1col/image.png,,6.0,6,6.0,,,,0 days 00:00:22.382000,Finished,8.0,51.0,2026,15,Azerbaijan Grand Prix,2026-09-26,Baku
41,A LINDBLAD,LIN,arvid_lindblad,Racing Bulls,6C98FF,rb,Arvid,Lindblad,Arvid Lindblad,https://media.formula1.com/d_driver_fallback_image.png/content/dam/fom-website/drivers/A/ARVLIN01_Arvid_Lindblad/arvlin01.png.transform/1col/image.png,,7.0,7,15.0,,,,0 days 00:00:31.159000,Finished,6.0,51.0,2026,15,Azerbaijan Grand Prix,2026-09-26,Baku
31,E OCON,OCO,ocon,Haas F1 Team,9C9FA2,haas,Esteban,Ocon,Esteban Ocon,https://media.formula1.com/d_driver_fallback_image.png/content/dam/fom-website/drivers/E/ESTOCO01_Esteban_Ocon/estoco01.png.transform/1col/image.png,,8.0,8,13.0,,,,0 days 00:00:31.189000,Finished,4.0,51.0,2026,15,Azerbaijan Grand Prix,2026-09-26,Baku
87,O BEARMAN,BEA,bearman,Haas F1 Team,9C9FA2,haas,Oliver,Bearman,Oliver Bearman,https://media.formula1.com/d_driver_fallback_image.png/content/dam/fom-website/drivers/O/OLIBEA01_Oliver_Bearman/olibea01.png.transform/1col/image.png,,9.0,9,10.0,,,,0 days 00:00:31.929000,Finished,2.0,51.0,2026,15,Azerbaijan Grand Prix,2026-09-26,Baku
55,C SAINZ,SAI,sainz,Williams,1868DB,williams,Carlos,Sainz,Carlos Sainz,https://media.formula1.com/d_driver_fallback_image.png/content/dam/fom-website/drivers/C/CARSAI01_Carlos_Sainz/carsai01.png.transform/1col/image.png,,10.0,10,14.0,,,,0 days 00:00:32.416000,Finished,1.0,51.0,2026,15,Azerbaijan Grand Prix,2026-09-26,Baku
27,N HULKENBERG,HUL,hulkenberg,Audi,F50537,audi,Nico,Hulkenberg,Nico Hulkenberg,https://media.formula1.com/d_driver_fallback_image.png/content/dam/fom-website/drivers/N/NICHUL01_Nico_Hulkenberg/nichul01.png.transform/1col/image.png,,11.0,11,18.0,,,,0 days 00:00:33.231000,Finished,0.0,51.0,2026,15,Azerbaijan Grand Prix,2026-09-26,Baku
30,L LAWSON,LAW,lawson,Racing Bulls,6C98FF,rb,Liam,Lawson,Liam Lawson,https://media.formula1.com/d_driver_fallback_image.png/content/dam/fom-website/drivers/L/LIALAW01_Liam_Lawson/lialaw01.png.transform/1col/image.png,,12.0,12,11.0,,,,0 days 00:00:34.013000,Finished,0.0,51.0,2026,15,Azerbaijan Grand Prix,2026-09-26,Baku
81,O PIASTRI,PIA,piastri,McLaren,F47600,mclaren,Oscar,Piastri,Oscar Piastri,https://media.formula1.com/d_driver_fallback_image.png/content/dam/fom-website/drivers/O/OSCPIA01_Oscar_Piastri/oscpia01.png.transform/1col/image.png,,13.0,13,3.0,,,,0 days 00:00:36.401000,Finished,0.0,51.0,2026,15,Azerbaijan Grand Prix,2026-09-26,Baku
11,S PEREZ,PER,perez,Cadillac,909090,cadillac,Sergio,Perez,Sergio Perez,https://media.formula1.com/d_driver_fallback_image.png/content/dam/fom-website/drivers/S/SERPER01_Sergio_Perez/serper01.png.transform/1col/image.png,,14.0,14,20.0,,,,0 days 00:00:41.400000,Finished,0.0,51.0,2026,15,Azerbaijan Grand Prix,2026-09-26,Baku
5,G BORTOLETO,BOR,bortoleto,Audi,F50537,audi,Gabriel,Bortoleto,Gabriel Bortoleto,https://media.formula1.com/d_driver_fallback_image.png/content/dam/fom-website/drivers/G/GABBOR01_Gabriel_Bortoleto/gabbor01.png.transform/1col/image.png,,15.0,15,17.0,,,,0 days 00:00:44.230000,Finished,0.0,51.0,2026,15,Azerbaijan Grand Prix,2026-09-26,Baku
77,V BOTTAS,BOT,bottas,Cadillac,909090,cadillac,Valtteri,Bottas,Valtteri Bottas,https://media.formula1.com/d_driver_fallback_image.png/content/dam/fom-website/drivers/V/VALBOT01_Valtteri_Bottas/valbot01.png.transform/1col/image.png,,16.0,16,19.0,,,,,Retired,0.0,49.0,2026,15,Azerbaijan Grand Prix,2026-09-26,Baku
43,F COLAPINTO,COL,colapinto,Alpine,00A1E8,alpine,Franco,Colapinto,Franco Colapinto,https://media.formula1.com/d_driver_fallback_image.png/content/dam/fom-website/drivers/F/FRACOL01_Franco_Colapinto/fracol01.png.transform/1col/image.png,,17.0,R,9.0,,,,,Retired,0.0,36.0,2026,15,Azerbaijan Grand Prix,2026-09-26,Baku
10,P GASLY,GAS,gasly,Alpine,00A1E8,alpine,Pierre,Gasly,Pierre Gasly,https://media.formula1.com/d_driver_fallback_image.png/content/dam/fom-website/drivers/P/PIEGAS01_Pierre_Gasly/piegas01.png.transform/1col/image.png,,18.0,R,7.0,,,,,Retired,0.0,35.0,2026,15,Azerbaijan Grand Prix,2026-09-26,Baku
1,L NORRIS,NOR,norris,McLaren,F47600,mclaren,Lando,Norris,Lando Norris,https://media.formula1.com/d_driver_fallback_image.png/content/dam/fom-website/drivers/L/LANNOR01_Lando_Norris/lannor01.png.transform/1col/image.png,,19.0,R,5.0,,,,,Retired,0.0,35.0,2026,15,Azerbaijan Grand Prix,2026-09-26,Baku
23,A ALBON,ALB,albon,Williams,1868DB,williams,Alexander,Albon,Alexander Albon,https://media.formula1.com/d_driver_fallback_image.png/content/dam/fom-website/drivers/A/ALEALB01_Alexander_Albon/alealb01.png.transform/1col/image.png,,20.0,R,12.0,,,,,Retired,0.0,29.0,2026,15,Azerbaijan Grand Prix,2026-09-26,Baku
14,F ALONSO,ALO,alonso,Aston Martin,229971,aston_martin,Fernando,Alonso,Fernando Alonso,https://media.formula1.com/d_driver_fallback_image.png/content/dam/fom-website/drivers/F/FERALO01_Fernando_Alonso/feralo01.png.transform/1col/image.png,,21.0,R,21.0,,,,,Retired,0.0,20.0,2026,15,Azerbaijan Grand Prix,2026-09-26,Baku
18,L STROLL,STR,stroll,Aston Martin,229971,aston_martin,Lance,Stroll,Lance Stroll,https://media.formula1.com/d_driver_fallback_image.png/content/dam/fom-website/drivers/L/LANSTR01_Lance_Stroll/lanstr01.png.transform/1col/image.png,,22.0,R,22.0,,,,,Retired,0.0,7.0,2026,15,Azerbaijan Grand Prix,2026-09-26,Baku
