DriverNumber,BroadcastName,Abbreviation,DriverId,TeamName,TeamColor,TeamId,FirstName,LastName,FullName,HeadshotUrl,CountryCode,Position,ClassifiedPosition,GridPosition,Q1,Q2,Q3,Time,Status,Points,Laps,Year,Round,EventName,EventDate
4,L NORRIS,NOR,norris,McLaren,FF8000,mclaren,Lando,Norris,Lando Norris,https://media.formula1.com/d_driver_fallback_image.png/content/dam/fom-website/drivers/L/LANNOR01_Lando_Norris/lannor01.png.transform/1col/image.png,,1.0,,,0 days 00:01:15.912000,0 days 00:01:15.415000,0 days 00:01:15.096000,,,,,2025,1,Australian Grand Prix,2025-03-16
81,O PIASTRI,PIA,piastri,McLaren,FF8000,mclaren,Oscar,Piastri,Oscar Piastri,https://media.formula1.com/d_driver_fallback_image.png/content/dam/fom-website/drivers/O/OSCPIA01_Oscar_Piastri/oscpia01.png.transform/1col/image.png,,2.0,,,0 days 00:01:16.062000,0 days 00:01:15.468000,0 days 00:01:15.180000,,,,,2025,1,Australian Grand Prix,2025-03-16
1,M VERSTAPPEN,VER,max_verstappen,Red Bull Racing,3671C6,red_bull,Max,Verstappen,Max Verstappen,https://media.formula1.com/d_driver_fallback_image.png/content/dam/fom-website/drivers/M/MAXVER01_Max_Verstappen/maxver01.png.transform/1col/image.png,,3.0,,,0 days 00:01:16.018000,0 days 00:01:15.565000,0 days 00:01:15.481000,,,,,2025,1,Australian Grand Prix,2025-03-16
63,G RUSSELL,RUS,russell,Mercedes,27F4D2,mercedes,George,Russell,George Russell,https://media.formula1.com/d_driver_fallback_image.png/content/dam/fom-website/drivers/G/GEORUS01_George_Russell/georus01.png.transform/1col/image.png,,4.0,,,0 days 00:01:15.971000,0 days 00:01:15.798000,0 days 00:01:15.546000,,,,,2025,1,Australian Grand Prix,2025-03-16
22,Y TSUNODA,TSU,tsunoda,Racing Bulls,6692FF,rb,Yuki,Tsunoda,Yuki Tsunoda,https://media.formula1.com/d_driver_fallback_image.png/content/dam/fom-website/drivers/Y/YUKTSU01_Yuki_Tsunoda/yuktsu01.png.transform/1col/image.png,,5.0,,,0 days 00:01:16.225000,0 days 00:01:16.009000,0 days 00:01:15.670000,,,,,2025,1,Australian Grand Prix,2025-03-16
23,A ALBON,ALB,albon,Williams,64C4FF,williams,Alexander,Albon,Alexander Albon,https://media.formula1.com/d_driver_fallback_image.png/content/dam/fom-website/drivers/A/ALEALB01_Alexander_Albon/alealb01.png.transform/1col/image.png,,6.0,,,0 days 00:01:16.245000,0 days 00:01:16.017000,0 days 00:01:15.737000,,,,,2025,1,Australian Grand Prix,2025-03-16
16,C LECLERC,LEC,leclerc,Ferrari,E80020,ferrari,Charles,Leclerc,Charles Leclerc,https://media.formula1.com/d_driver_fallback_image.png/content/dam/fom-website/drivers/C/CHALEC01_Charles_Leclerc/chalec01.png.transform/1col/image.png,,7.0,,,0 days 00:01:16.029000,0 days 00:01:15.827000,0 days 00:01:15.755000,,,,,2025,1,Australian Grand Prix,2025-03-16
44,L HAMILTON,HAM,hamilton,Ferrari,E80020,ferrari,Lewis,Hamilton,Lewis Hamilton,https://media.formula1.com/d_driver_fallback_image.png/content/dam/fom-website/drivers/L/LEWHAM01_Lewis_Hamilton/lewham01.png.transform/1col/image.png,,8.0,,,0 days 00:01:16.213000,0 days 00:01:15.919000,0 days 00:01:15.973000,,,,,2025,1,Australian Grand Prix,2025-03-16
10,P GASLY,GAS,gasly,Alpine,0093CC,alpine,Pierre,Gasly,Pierre Gasly,https://media.formula1.com/d_driver_fallback_image.png/content/dam/fom-website/drivers/P/PIEGAS01_Pierre_Gasly/piegas01.png.transform/1col/image.png,,9.0,,,0 days 00:01:16.328000,0 days 00:01:16.112000,0 days 00:01:15.980000,,,,,2025,1,Australian Grand Prix,2025-03-16
55,C SAINZ,SAI,sainz,Williams,64C4FF,williams,Carlos,Sainz,Carlos Sainz,https://media.formula1.com/d_driver_fallback_image.png/content/dam/fom-website/drivers/C/CARSAI01_Carlos_Sainz/carsai01.png.transform/1col/image.png,,10.0,,,0 days 00:01:16.360000,0 days 00:01:15.931000,0 days 00:01:16.062000,,,,,2025,1,Australian Grand Prix,2025-03-16
6,I HADJAR,HAD,hadjar,Racing Bulls,6692FF,rb,Isack,Hadjar,Isack Hadjar,https://media.formula1.com/d_driver_fallback_image.png/content/dam/fom-website/drivers/I/ISAHAD01_Isack_Hadjar/isahad01.png.transform/1col/image.png,,11.0,,,0 days 00:01:16.354000,0 days 00:01:16.175000,,,,,,2025,1,Australian Grand Prix,2025-03-16
14,F ALONSO,ALO,alonso,Aston Martin,229971,aston_martin,Fernando,Alonso,Fernando Alonso,https://media.formula1.com/d_driver_fallback_image.png/content/dam/fom-website/drivers/F/FERALO01_Fernando_Alonso/feralo01.png.transform/1col/image.png,,12.0,,,0 days 00:01:16.288000,0 days 00:01:16.453000,,,,,,2025,1,Australian Grand Prix,2025-03-16
18,L STROLL,STR,stroll,Aston Martin,229971,aston_martin,Lance,Stroll,Lance Stroll,https://media.formula1.com/d_driver_fallback_image.png/content/dam/fom-website/drivers/L/LANSTR01_Lance_Stroll/lanstr01.png.transform/1col/image.png,,13.0,,,0 days 00:01:16.369000,0 days 00:01:16.483000,,,,,,2025,1,Australian Grand Prix,2025-03-16
7,J DOOHAN,DOO,doohan,Alpine,0093CC,alpine,Jack,Doohan,Jack Doohan,https://media.formula1.com/d_driver_fallback_image.png/content/dam/fom-website/drivers/J/JACDOO01_Jack_Doohan/jacdoo01.png.transform/1col/image.png,,14.0,,,0 days 00:01:16.315000,0 days 00:01:16.863000,,,,,,2025,1,Australian Grand Prix,2025-03-16
5,G BORTOLETO,BOR,bortoleto,Kick Sauber,52E252,sauber,Gabriel,Bortoleto,Gabriel Bortoleto,https://media.formula1.com/d_driver_fallback_image.png/content/dam/fom-website/drivers/G/GABBOR01_Gabriel_Bortoleto/gabbor01.png.transform/1col/image.png,,15.0,,,0 days 00:01:16.516000,0 days 00:01:17.520000,,,,,,2025,1,Australian Grand Prix,2025-03-16
12,A ANTONELLI,ANT,antonelli,Mercedes,27F4D2,mercedes,Andrea Kimi,Antonelli,Andrea Kimi Antonelli,https://media.formula1.com/d_driver_fallback_image.png/content/dam/fom-website/drivers/A/ANDANT01_Andrea%20Kimi_Antonelli/andant01.png.transform/1col/image.png,,16.0,,,0 days 00:01:16.525000,,,,,,,2025,1,Australian Grand Prix,2025-03-16
27,N HULKENBERG,HUL,hulkenberg,Kick Sauber,52E252,sauber,Nico,Hulkenberg,Nico Hulkenberg,https://media.formula1.com/d_driver_fallback_image.png/content/dam/fom-website/drivers/N/NICHUL01_Nico_Hulkenberg/nichul01.png.transform/1col/image.png,,17.0,,,0 days 00:01:16.579000,,,,,,,2025,1,Australian Grand Prix,2025-03-16
30,L LAWSON,LAW,lawson,Red Bull Racing,3671C6,red_bull,Liam,Lawson,Liam Lawson,https://media.formula1.com/d_driver_fallback_image.png/content/dam/fom-website/drivers/L/LIALAW01_Liam_Lawson/lialaw01.png.transform/1col/image.png,,18.0,,,0 days 00:01:17.094000,,,,,,,2025,1,Australian Grand Prix,2025-03-16
31,E OCON,OCO,ocon,Haas F1 Team,B6BABD,haas,Esteban,Ocon,Esteban Ocon,https://media.formula1.com/d_driver_fallback_image.png/content/dam/fom-website/drivers/E/ESTOCO01_Esteban_Ocon/estoco01.png.transform/1col/image.png,,19.0,,,0 days 00:01:17.147000,,,,,,,2025,1,Australian Grand Prix,2025-03-16
87,O BEARMAN,BEA,bearman,Haas F1 Team,B6BABD,haas,Oliver,Bearman,Oliver Bearman,https://media.formula1.com/d_driver_fallback_image.png/content/dam/fom-website/drivers/O/OLIBEA01_Oliver_Bearman/olibea01.png.transform/1col/image.png,,20.0,,,,,,,,,,2025,1,Australian Grand Prix,2025-03-16
81,O PIASTRI,PIA,piastri,McLaren,FF8000,mclaren,Oscar,Piastri,Oscar Piastri,https://media.formula1.com/d_driver_fallback_image.png/content/dam/fom-website/drivers/O/OSCPIA01_Oscar_Piastri/oscpia01.png.transform/1col/image.png,,1.0,,,0 days 00:01:31.591000,0 days 00:01:31.200000,0 days 00:01:30.641000,,,,,2025,2,Chinese Grand Prix,2025-03-23
63,G RUSSELL,RUS,russell,Mercedes,27F4D2,mercedes,George,Russell,George Russell,https://media.formula1.com/d_driver_fallback_image.png/content/dam/fom-website/drivers/G/GEORUS01_George_Russell/georus01.png.transform/1col/image.png,,2.0,,,0 days 00:01:31.295000,0 days 00:01:31.307000,0 days 00:01:30.723000,,,,,2025,2,Chinese Grand Prix,2025-03-23
4,L NORRIS,NOR,norris,McLaren,FF8000,mclaren,Lando,Norris,Lando Norris,https://media.formula1.com/d_driver_fallback_image.png/content/dam/fom-website/drivers/L/LANNOR01_Lando_Norris/lannor01.png.transform/1col/image.png,,3.0,,,0 days 00:01:30.983000,0 days 00:01:30.787000,0 days 00:01:30.793000,,,,,2025,2,Chinese Grand Prix,2025-03-23
1,M VERSTAPPEN,VER,max_verstappen,Red Bull Racing,3671C6,red_bull,Max,Verstappen,Max Verstappen,https://media.formula1.com/d_driver_fallback_image.png/content/dam/fom-website/drivers/M/MAXVER01_Max_Verstappen/maxver01.png.transform/1col/image.png,,4.0,,,0 days 00:01:31.424000,0 days 00:01:31.142000,0 days 00:01:30.817000,,,,,2025,2,Chinese Grand Prix,2025-03-23
44,L HAMILTON,HAM,hamilton,Ferrari,E80020,ferrari,Lewis,Hamilton,Lewis Hamilton,https://media.formula1.com/d_driver_fallback_image.png/content/dam/fom-website/drivers/L/LEWHAM01_Lewis_Hamilton/lewham01.png.transform/1col/image.png,,5.0,,,0 days 00:01:31.690000,0 days 00:01:31.501000,0 days 00:01:30.927000,,,,,2025,2,Chinese Grand Prix,2025-03-23
16,C LECLERC,LEC,leclerc,Ferrari,E80020,ferrari,Charles,Leclerc,Charles Leclerc,https://media.formula1.com/d_driver_fallback_image.png/content/dam/fom-website/drivers/C/CHALEC01_Charles_Leclerc/chalec01.png.transform/1col/image.png,,6.0,,,0 days 00:01:31.579000,0 days 00:01:31.450000,0 days 00:01:31.021000,,,,,2025,2,Chinese Grand Prix,2025-03-23
6,I HADJAR,HAD,hadjar,Racing Bulls,6692FF,rb,Isack,Hadjar,Isack Hadjar,https://media.formula1.com/d_driver_fallback_image.png/content/dam/fom-website/drivers/I/ISAHAD01_Isack_Hadjar/isahad01.png.transform/1col/image.png,,7.0,,,0 days 00:01:31.162000,0 days 00:01:31.253000,0 days 00:01:31.079000,,,,,2025,2,Chinese Grand Prix,2025-03-23
12,K ANTONELLI,ANT,antonelli,Mercedes,27F4D2,mercedes,Andrea Kimi,Antonelli,Andrea Kimi Antonelli,https://media.formula1.com/d_driver_fallback_image.png/content/dam/fom-website/drivers/A/ANDANT01_Andrea%20Kimi_Antonelli/andant01.png.transform/1col/image.png,,8.0,,,0 days 00:01:31.676000,0 days 00:01:31.590000,0 days 00:01:31.103000,,,,,2025,2,Chinese Grand Prix,2025-03-23
22,Y TSUNODA,TSU,tsunoda,Racing Bulls,6692FF,rb,Yuki,Tsunoda,Yuki Tsunoda,https://media.formula1.com/d_driver_fallback_image.png/content/dam/fom-website/drivers/Y/YUKTSU01_Yuki_Tsunoda/yuktsu01.png.transform/1col/image.png,,9.0,,,0 days 00:01:31.238000,0 days 00:01:31.260000,0 days 00:01:31.638000,,,,,2025,2,Chinese Grand Prix,2025-03-23
23,A ALBON,ALB,albon,Williams,64C4FF,williams,Alexander,Albon,Alexander Albon,https://media.formula1.com/d_driver_fallback_image.png/content/dam/fom-website/drivers/A/ALEALB01_Alexander_Albon/alealb01.png.transform/1col/image.png,,10.0,,,0 days 00:01:31.503000,0 days 00:01:31.595000,0 days 00:01:31.706000,,,,,2025,2,Chinese Grand Prix,2025-03-23
31,E OCON,OCO,ocon,Haas F1 Team,B6BABD,haas,Esteban,Ocon,Esteban Ocon,https://media.formula1.com/d_driver_fallback_image.png/content/dam/fom-website/drivers/E/ESTOCO01_Esteban_Ocon/estoco01.png.transform/1col/image.png,,11.0,,,0 days 00:01:31.876000,0 days 00:01:31.625000,,,,,,2025,2,Chinese Grand Prix,2025-03-23
27,N HULKENBERG,HUL,hulkenberg,Kick Sauber,52E252,sauber,Nico,Hulkenberg,Nico Hulkenberg,https://media.formula1.com/d_driver_fallback_image.png/content/dam/fom-website/drivers/N/NICHUL01_Nico_Hulkenberg/nichul01.png.transform/1col/image.png,,12.0,,,0 days 00:01:31.921000,0 days 00:01:31.632000,,,,,,2025,2,Chinese Grand Prix,2025-03-23
14,F ALONSO,ALO,alonso,Aston Martin,229971,aston_martin,Fernando,Alonso,Fernando Alonso,https://media.formula1.com/d_driver_fallback_image.png/content/dam/fom-website/drivers/F/FERALO01_Fernando_Alonso/feralo01.png.transform/1col/image.png,,13.0,,,0 days 00:01:31.719000,0 days 00:01:31.688000,,,,,,2025,2,Chinese Grand Prix,2025-03-23
18,L STROLL,STR,stroll,Aston Martin,229971,aston_martin,Lance,Stroll,Lance Stroll,https://media.formula1.com/d_driver_fallback_image.png/content/dam/fom-website/drivers/L/LANSTR01_Lance_Stroll/lanstr01.png.transform/1col/image.png,,14.0,,,0 days 00:01:31.923000,0 days 00:01:31.773000,,,,,,2025,2,Chinese Grand Prix,2025-03-23
55,C SAINZ,SAI,sainz,Williams,64C4FF,williams,Carlos,Sainz,Carlos Sainz,https://media.formula1.com/d_driver_fallback_image.png/content/dam/fom-website/drivers/C/CARSAI01_Carlos_Sainz/carsai01.png.transform/1col/image.png,,15.0,,,0 days 00:01:31.628000,0 days 00:01:31.840000,,,,,,2025,2,Chinese Grand Prix,2025-03-23
10,P GASLY,GAS,gasly,Alpine,0093CC,alpine,Pierre,Gasly,Pierre Gasly,https://media.formula1.com/d_driver_fallback_image.png/content/dam/fom-website/drivers/P/PIEGAS01_Pierre_Gasly/piegas01.png.transform/1col/image.png,,16.0,,,0 days 00:01:31.992000,,,,,,,2025,2,Chinese Grand Prix,2025-03-23
87,O BEARMAN,BEA,bearman,Haas F1 Team,B6BABD,haas,Oliver,Bearman,Oliver Bearman,https://media.formula1.com/d_driver_fallback_image.png/content/dam/fom-website/drivers/O/OLIBEA01_Oliver_Bearman/olibea01.png.transform/1col/image.png,,17.0,,,0 days 00:01:32.018000,,,,,,,2025,2,Chinese Grand Prix,2025-03-23
7,J DOOHAN,DOO,doohan,Alpine,0093CC,alpine,Jack,Doohan,Jack Doohan,https://media.formula1.com/d_driver_fallback_image.png/content/dam/fom-website/drivers/J/JACDOO01_Jack_Doohan/jacdoo01.png.transform/1col/image.png,,18.0,,,0 days 00:01:32.092000,,,,,,,2025,2,Chinese Grand Prix,2025-03-23
5,G BORTOLETO,BOR,bortoleto,Kick Sauber,52E252,sauber,Gabriel,Bortoleto,Gabriel Bortoleto,https://media.formula1.com/d_driver_fallback_image.png/content/dam/fom-website/drivers/G/GABBOR01_Gabriel_Bortoleto/gabbor01.png.transform/1col/image.png,,19.0,,,0 days 00:01:32.141000,,,,,,,2025,2,Chinese Grand Prix,2025-03-23
30,L LAWSON,LAW,lawson,Red Bull Racing,3671C6,red_bull,Liam,Lawson,Liam Lawson,https://media.formula1.com/d_driver_fallback_image.png/content/dam/fom-website/drivers/L/LIALAW01_Liam_Lawson/lialaw01.png.transform/1col/image.png,,20.0,,,0 days 00:01:32.174000,,,,,,,2025,2,Chinese Grand Prix,2025-03-23
1,M VERSTAPPEN,VER,max_verstappen,Red Bull Racing,3671C6,red_bull,Max,Verstappen,Max Verstappen,https://media.formula1.com/d_driver_fallback_image.png/content/dam/fom-website/drivers/M/MAXVER01_Max_Verstappen/maxver01.png.transform/1col/image.png,,1.0,,,0 days 00:01:27.943000,0 days 00:01:27.502000,0 days 00:01:26.983000,,,,,2025,3,Japanese Grand Prix,2025-04-06
4,L NORRIS,NOR,norris,McLaren,FF8000,mclaren,Lando,Norris,Lando Norris,https://media.formula1.com/d_driver_fallback_image.png/content/dam/fom-website/drivers/L/LANNOR01_Lando_Norris/lannor01.png.transform/1col/image.png,,2.0,,,0 days 00:01:27.845000,0 days 00:01:27.146000,0 days 00:01:26.995000,,,,,2025,3,Japanese Grand Prix,2025-04-06
81,O PIASTRI,PIA,piastri,McLaren,FF8000,mclaren,Oscar,Piastri,Oscar Piastri,https://media.formula1.com/d_driver_fallback_image.png/content/dam/fom-website/drivers/O/OSCPIA01_Oscar_Piastri/oscpia01.png.transform/1col/image.png,,3.0,,,0 days 00:01:27.687000,0 days 00:01:27.507000,0 days 00:01:27.027000,,,,,2025,3,Japanese Grand Prix,2025-04-06
16,C LECLERC,LEC,leclerc,Ferrari,E80020,ferrari,Charles,Leclerc,Charles Leclerc,https://media.formula1.com/d_driver_fallback_image.png/content/dam/fom-website/drivers/C/CHALEC01_Charles_Leclerc/chalec01.png.transform/1col/image.png,,4.0,,,0 days 00:01:27.920000,0 days 00:01:27.555000,0 days 00:01:27.299000,,,,,2025,3,Japanese Grand Prix,2025-04-06
63,G RUSSELL,RUS,russell,Mercedes,27F4D2,mercedes,George,Russell,George Russell,https://media.formula1.com/d_driver_fallback_image.png/content/dam/fom-website/drivers/G/GEORUS01_George_Russell/georus01.png.transform/1col/image.png,,5.0,,,0 days 00:01:27.843000,0 days 00:01:27.400000,0 days 00:01:27.318000,,,,,2025,3,Japanese Grand Prix,2025-04-06
12,K ANTONELLI,ANT,antonelli,Mercedes,27F4D2,mercedes,Kimi,Antonelli,Kimi Antonelli,https://media.formula1.com/d_driver_fallback_image.png/content/dam/fom-website/drivers/A/ANDANT01_Andrea%20Kimi_Antonelli/andant01.png.transform/1col/image.png,,6.0,,,0 days 00:01:27.968000,0 days 00:01:27.639000,0 days 00:01:27.555000,,,,,2025,3,Japanese Grand Prix,2025-04-06
6,I HADJAR,HAD,hadjar,Racing Bulls,6692FF,rb,Isack,Hadjar,Isack Hadjar,https://media.formula1.com/d_driver_fallback_image.png/content/dam/fom-website/drivers/I/ISAHAD01_Isack_Hadjar/isahad01.png.transform/1col/image.png,,7.0,,,0 days 00:01:28.278000,0 days 00:01:27.775000,0 days 00:01:27.569000,,,,,2025,3,Japanese Grand Prix,2025-04-06
44,L HAMILTON,HAM,hamilton,Ferrari,E80020,ferrari,Lewis,Hamilton,Lewis Hamilton,https://media.formula1.com/d_driver_fallback_image.png/content/dam/fom-website/drivers/L/LEWHAM01_Lewis_Hamilton/lewham01.png.transform/1col/image.png,,8.0,,,0 days 00:01:27.942000,0 days 00:01:27.610000,0 days 00:01:27.610000,,,,,2025,3,Japanese Grand Prix,2025-04-06
23,A ALBON,ALB,albon,Williams,64C4FF,williams,Alexander,Albon,Alexander Albon,https://media.formula1.com/d_driver_fallback_image.png/content/dam/fom-website/drivers/A/ALEALB01_Alexander_Albon/alealb01.png.transform/1col/image.png,,9.0,,,0 days 00:01:28.218000,0 days 00:01:27.783000,0 days 00:01:27.615000,,,,,2025,3,Japanese Grand Prix,2025-04-06
87,O BEARMAN,BEA,bearman,Haas F1 Team,B6BABD,haas,Oliver,Bearman,Oliver Bearman,https://media.formula1.com/d_driver_fallback_image.png/content/dam/fom-website/drivers/O/OLIBEA01_Oliver_Bearman/olibea01.png.transform/1col/image.png,,10.0,,,0 days 00:01:28.228000,0 days 00:01:27.711000,0 days 00:01:27.867000,,,,,2025,3,Japanese Grand Prix,2025-04-06
10,P GASLY,GAS,gasly,Alpine,0093CC,alpine,Pierre,Gasly,Pierre Gasly,https://media.formula1.com/d_driver_fallback_image.png/content/dam/fom-website/drivers/P/PIEGAS01_Pierre_Gasly/piegas01.png.transform/1col/image.png,,11.0,,,0 days 00:01:28.186000,0 days 00:01:27.822000,,,,,,2025,3,Japanese Grand Prix,2025-04-06
55,C SAINZ,SAI,sainz,Williams,64C4FF,williams,Carlos,Sainz,Carlos Sainz,https://media.formula1.com/d_driver_fallback_image.png/content/dam/fom-website/drivers/C/CARSAI01_Carlos_Sainz/carsai01.png.transform/1col/image.png,,12.0,,,0 days 00:01:28.209000,0 days 00:01:27.836000,,,,,,2025,3,Japanese Grand Prix,2025-04-06
14,F ALONSO,ALO,alonso,Aston Martin,229971,aston_martin,Fernando,Alonso,Fernando Alonso,https://media.formula1.com/d_driver_fallback_image.png/content/dam/fom-website/drivers/F/FERALO01_Fernando_Alonso/feralo01.png.transform/1col/image.png,,13.0,,,0 days 00:01:28.337000,0 days 00:01:27.897000,,,,,,2025,3,Japanese Grand Prix,2025-04-06
30,L LAWSON,LAW,lawson,Racing Bulls,6692FF,rb,Liam,Lawson,Liam Lawson,https://media.formula1.com/d_driver_fallback_image.png/content/dam/fom-website/drivers/L/LIALAW01_Liam_Lawson/lialaw01.png.transform/1col/image.png,,14.0,,,0 days 00:01:28.554000,0 days 00:01:27.906000,,,,,,2025,3,Japanese Grand Prix,2025-04-06
22,Y TSUNODA,TSU,tsunoda,Red Bull Racing,3671C6,red_bull,Yuki,Tsunoda,Yuki Tsunoda,https://media.formula1.com/d_driver_fallback_image.png/content/dam/fom-website/drivers/Y/YUKTSU01_Yuki_Tsunoda/yuktsu01.png.transform/1col/image.png,,15.0,,,0 days 00:01:27.967000,0 days 00:01:28,,,,,,2025,3,Japanese Grand Prix,2025-04-06
27,N HULKENBERG,HUL,hulkenberg,Kick Sauber,52E252,sauber,Nico,Hulkenberg,Nico Hulkenberg,https://media.formula1.com/d_driver_fallback_image.png/content/dam/fom-website/drivers/N/NICHUL01_Nico_Hulkenberg/nichul01.png.transform/1col/image.png,,16.0,,,0 days 00:01:28.570000,,,,,,,2025,3,Japanese Grand Prix,2025-04-06
5,G BORTOLETO,BOR,bortoleto,Kick Sauber,52E252,sauber,Gabriel,Bortoleto,Gabriel Bortoleto,https://media.formula1.com/d_driver_fallback_image.png/content/dam/fom-website/drivers/G/GABBOR01_Gabriel_Bortoleto/gabbor01.png.transform/1col/image.png,,17.0,,,0 days 00:01:28.622000,,,,,,,2025,3,Japanese Grand Prix,2025-04-06
31,E OCON,OCO,ocon,Haas F1 Team,B6BABD,haas,Esteban,Ocon,Esteban Ocon,https://media.formula1.com/d_driver_fallback_image.png/content/dam/fom-website/drivers/E/ESTOCO01_Esteban_Ocon/estoco01.png.transform/1col/image.png,,18.0,,,0 days 00:01:28.696000,,,,,,,2025,3,Japanese Grand Prix,2025-04-06
7,J DOOHAN,DOO,doohan,Alpine,0093CC,alpine,Jack,Doohan,Jack Doohan,https://media.formula1.com/d_driver_fallback_image.png/content/dam/fom-website/drivers/J/JACDOO01_Jack_Doohan/jacdoo01.png.transform/1col/image.png,,19.0,,,0 days 00:01:28.877000,,,,,,,2025,3,Japanese Grand Prix,2025-04-06
18,L STROLL,STR,stroll,Aston Martin,229971,aston_martin,Lance,Stroll,Lance Stroll,https://media.formula1.com/d_driver_fallback_image.png/content/dam/fom-website/drivers/L/LANSTR01_Lance_Stroll/lanstr01.png.transform/1col/image.png,,20.0,,,0 days 00:01:29.271000,,,,,,,2025,3,Japanese Grand Prix,2025-04-06
81,O PIASTRI,PIA,piastri,McLaren,FF8000,mclaren,Oscar,Piastri,Oscar Piastri,https://media.formula1.com/d_driver_fallback_image.png/content/dam/fom-website/drivers/O/OSCPIA01_Oscar_Piastri/oscpia01.png.transform/1col/image.png,,1.0,,,0 days 00:01:31.392000,0 days 00:01:30.454000,0 days 00:01:29.841000,,,,,2025,4,Bahrain Grand Prix,2025-04-13
63,G RUSSELL,RUS,russell,Mercedes,27F4D2,mercedes,George,Russell,George Russell,https://media.formula1.com/d_driver_fallback_image.png/content/dam/fom-website/drivers/G/GEORUS01_George_Russell/georus01.png.transform/1col/image.png,,2.0,,,0 days 00:01:31.494000,0 days 00:01:30.664000,0 days 00:01:30.009000,,,,,2025,4,Bahrain Grand Prix,2025-04-13
16,C LECLERC,LEC,leclerc,Ferrari,E80020,ferrari,Charles,Leclerc,Charles Leclerc,https://media.formula1.com/d_driver_fallback_image.png/content/dam/fom-website/drivers/C/CHALEC01_Charles_Leclerc/chalec01.png.transform/1col/image.png,,3.0,,,0 days 00:01:31.454000,0 days 00:01:30.724000,0 days 00:01:30.175000,,,,,2025,4,Bahrain Grand Prix,2025-04-13
12,K ANTONELLI,ANT,antonelli,Mercedes,27F4D2,mercedes,Kimi,Antonelli,Kimi Antonelli,https://media.formula1.com/d_driver_fallback_image.png/content/dam/fom-website/drivers/A/ANDANT01_Andrea%20Kimi_Antonelli/andant01.png.transform/1col/image.png,,4.0,,,0 days 00:01:31.415000,0 days 00:01:30.716000,0 days 00:01:30.213000,,,,,2025,4,Bahrain Grand Prix,2025-04-13
10,P GASLY,GAS,gasly,Alpine,0093CC,alpine,Pierre,Gasly,Pierre Gasly,https://media.formula1.com/d_driver_fallback_image.png/content/dam/fom-website/drivers/P/PIEGAS01_Pierre_Gasly/piegas01.png.transform/1col/image.png,,5.0,,,0 days 00:01:31.462000,0 days 00:01:30.643000,0 days 00:01:30.216000,,,,,2025,4,Bahrain Grand Prix,2025-04-13
4,L NORRIS,NOR,norris,McLaren,FF8000,mclaren,Lando,Norris,Lando Norris,https://media.formula1.com/d_driver_fallback_image.png/content/dam/fom-website/drivers/L/LANNOR01_Lando_Norris/lannor01.png.transform/1col/image.png,,6.0,,,0 days 00:01:31.107000,0 days 00:01:30.560000,0 days 00:01:30.267000,,,,,2025,4,Bahrain Grand Prix,2025-04-13
1,M VERSTAPPEN,VER,max_verstappen,Red Bull Racing,3671C6,red_bull,Max,Verstappen,Max Verstappen,https://media.formula1.com/d_driver_fallback_image.png/content/dam/fom-website/drivers/M/MAXVER01_Max_Verstappen/maxver01.png.transform/1col/image.png,,7.0,,,0 days 00:01:31.303000,0 days 00:01:31.019000,0 days 00:01:30.423000,,,,,2025,4,Bahrain Grand Prix,2025-04-13
55,C SAINZ,SAI,sainz,Williams,64C4FF,williams,Carlos,Sainz,Carlos Sainz,https://media.formula1.com/d_driver_fallback_image.png/content/dam/fom-website/drivers/C/CARSAI01_Carlos_Sainz/carsai01.png.transform/1col/image.png,,8.0,,,0 days 00:01:31.591000,0 days 00:01:30.844000,0 days 00:01:30.680000,,,,,2025,4,Bahrain Grand Prix,2025-04-13
44,L HAMILTON,HAM,hamilton,Ferrari,E80020,ferrari,Lewis,Hamilton,Lewis Hamilton,https://media.formula1.com/d_driver_fallback_image.png/content/dam/fom-website/drivers/L/LEWHAM01_Lewis_Hamilton/lewham01.png.transform/1col/image.png,,9.0,,,0 days 00:01:31.219000,0 days 00:01:31.009000,0 days 00:01:30.772000,,,,,2025,4,Bahrain Grand Prix,2025-04-13
22,Y TSUNODA,TSU,tsunoda,Red Bull Racing,3671C6,red_bull,Yuki,Tsunoda,Yuki Tsunoda,https://media.formula1.com/d_driver_fallback_image.png/content/dam/fom-website/drivers/Y/YUKTSU01_Yuki_Tsunoda/yuktsu01.png.transform/1col/image.png,,10.0,,,0 days 00:01:31.751000,0 days 00:01:31.228000,0 days 00:01:31.303000,,,,,2025,4,Bahrain Grand Prix,2025-04-13
7,J DOOHAN,DOO,doohan,Alpine,0093CC,alpine,Jack,Doohan,Jack Doohan,https://media.formula1.com/d_driver_fallback_image.png/content/dam/fom-website/drivers/J/JACDOO01_Jack_Doohan/jacdoo01.png.transform/1col/image.png,,11.0,,,0 days 00:01:31.414000,0 days 00:01:31.245000,,,,,,2025,4,Bahrain Grand Prix,2025-04-13
6,I HADJAR,HAD,hadjar,Racing Bulls,6692FF,rb,Isack,Hadjar,Isack Hadjar,https://media.formula1.com/d_driver_fallback_image.png/content/dam/fom-website/drivers/I/ISAHAD01_Isack_Hadjar/isahad01.png.transform/1col/image.png,,12.0,,,0 days 00:01:31.591000,0 days 00:01:31.271000,,,,,,2025,4,Bahrain Grand Prix,2025-04-13
14,F ALONSO,ALO,alonso,Aston Martin,229971,aston_martin,Fernando,Alonso,Fernando Alonso,https://media.formula1.com/d_driver_fallback_image.png/content/dam/fom-website/drivers/F/FERALO01_Fernando_Alonso/feralo01.png.transform/1col/image.png,,13.0,,,0 days 00:01:31.634000,0 days 00:01:31.886000,,,,,,2025,4,Bahrain Grand Prix,2025-04-13
31,E OCON,OCO,ocon,Haas F1 Team,B6BABD,haas,Esteban,Ocon,Esteban Ocon,https://media.formula1.com/d_driver_fallback_image.png/content/dam/fom-website/drivers/E/ESTOCO01_Esteban_Ocon/estoco01.png.transform/1col/image.png,,14.0,,,0 days 00:01:31.594000,,,,,,,2025,4,Bahrain Grand Prix,2025-04-13
23,A ALBON,ALB,albon,Williams,64C4FF,williams,Alexander,Albon,Alexander Albon,https://media.formula1.com/d_driver_fallback_image.png/content/dam/fom-website/drivers/A/ALEALB01_Alexander_Albon/alealb01.png.transform/1col/image.png,,15.0,,,0 days 00:01:32.040000,,,,,,,2025,4,Bahrain Grand Prix,2025-04-13
27,N HULKENBERG,HUL,hulkenberg,Kick Sauber,52E252,sauber,Nico,Hulkenberg,Nico Hulkenberg,https://media.formula1.com/d_driver_fallback_image.png/content/dam/fom-website/drivers/N/NICHUL01_Nico_Hulkenberg/nichul01.png.transform/1col/image.png,,16.0,,,0 days 00:01:32.067000,,,,,,,2025,4,Bahrain Grand Prix,2025-04-13
30,L LAWSON,LAW,lawson,Racing Bulls,6692FF,rb,Liam,Lawson,Liam Lawson,https://media.formula1.com/d_driver_fallback_image.png/content/dam/fom-website/drivers/L/LIALAW01_Liam_Lawson/lialaw01.png.transform/1col/image.png,,17.0,,,0 days 00:01:32.165000,,,,,,,2025,4,Bahrain Grand Prix,2025-04-13
5,G BORTOLETO,BOR,bortoleto,Kick Sauber,52E252,sauber,Gabriel,Bortoleto,Gabriel Bortoleto,https://media.formula1.com/d_driver_fallback_image.png/content/dam/fom-website/drivers/G/GABBOR01_Gabriel_Bortoleto/gabbor01.png.transform/1col/image.png,,18.0,,,0 days 00:01:32.186000,,,,,,,2025,4,Bahrain Grand Prix,2025-04-13
18,L STROLL,STR,stroll,Aston Martin,229971,aston_martin,Lance,Stroll,Lance Stroll,https://media.formula1.com/d_driver_fallback_image.png/content/dam/fom-website/drivers/L/LANSTR01_Lance_Stroll/lanstr01.png.transform/1col/image.png,,19.0,,,0 days 00:01:32.283000,,,,,,,2025,4,Bahrain Grand Prix,2025-04-13
87,O BEARMAN,BEA,bearman,Haas F1 Team,B6BABD,haas,Oliver,Bearman,Oliver Bearman,https://media.formula1.com/d_driver_fallback_image.png/content/dam/fom-website/drivers/O/OLIBEA01_Oliver_Bearman/olibea01.png.transform/1col/image.png,,20.0,,,0 days 00:01:32.373000,,,,,,,2025,4,Bahrain Grand Prix,2025-04-13
1,M VERSTAPPEN,VER,max_verstappen,Red Bull Racing,3671C6,red_bull,Max,Verstappen,Max Verstappen,https://media.formula1.com/d_driver_fallback_image.png/content/dam/fom-website/drivers/M/MAXVER01_Max_Verstappen/maxver01.png.transform/1col/image.png,,1.0,,,0 days 00:01:27.778000,0 days 00:01:27.529000,0 days 00:01:27.294000,,,,,2025,5,Saudi Arabian Grand Prix,2025-04-20
81,O PIASTRI,PIA,piastri,McLaren,FF8000,mclaren,Oscar,Piastri,Oscar Piastri,https://media.formula1.com/d_driver_fallback_image.png/content/dam/fom-website/drivers/O/OSCPIA01_Oscar_Piastri/oscpia01.png.transform/1col/image.png,,2.0,,,0 days 00:01:27.901000,0 days 00:01:27.545000,0 days 00:01:27.304000,,,,,2025,5,Saudi Arabian Grand Prix,2025-04-20
63,G RUSSELL,RUS,russell,Mercedes,27F4D2,mercedes,George,Russell,George Russell,https://media.formula1.com/d_driver_fallback_image.png/content/dam/fom-website/drivers/G/GEORUS01_George_Russell/georus01.png.transform/1col/image.png,,3.0,,,0 days 00:01:28.282000,0 days 00:01:27.599000,0 days 00:01:27.407000,,,,,2025,5,Saudi Arabian Grand Prix,2025-04-20
16,C LECLERC,LEC,leclerc,Ferrari,E80020,ferrari,Charles,Leclerc,Charles Leclerc,https://media.formula1.com/d_driver_fallback_image.png/content/dam/fom-website/drivers/C/CHALEC01_Charles_Leclerc/chalec01.png.transform/1col/image.png,,4.0,,,0 days 00:01:28.552000,0 days 00:01:27.866000,0 days 00:01:27.670000,,,,,2025,5,Saudi Arabian Grand Prix,2025-04-20
12,K ANTONELLI,ANT,antonelli,Mercedes,27F4D2,mercedes,Kimi,Antonelli,Kimi Antonelli,https://media.formula1.com/d_driver_fallback_image.png/content/dam/fom-website/drivers/A/ANDANT01_Andrea%20Kimi_Antonelli/andant01.png.transform/1col/image.png,,5.0,,,0 days 00:01:28.128000,0 days 00:01:27.798000,0 days 00:01:27.866000,,,,,2025,5,Saudi Arabian Grand Prix,2025-04-20
55,C SAINZ,SAI,sainz,Williams,64C4FF,williams,Carlos,Sainz,Carlos Sainz,https://media.formula1.com/d_driver_fallback_image.png/content/dam/fom-website/drivers/C/CARSAI01_Carlos_Sainz/carsai01.png.transform/1col/image.png,,6.0,,,0 days 00:01:28.354000,0 days 00:01:28.024000,0 days 00:01:28.164000,,,,,2025,5,Saudi Arabian Grand Prix,2025-04-20
44,L HAMILTON,HAM,hamilton,Ferrari,E80020,ferrari,Lewis,Hamilton,Lewis Hamilton,https://media.formula1.com/d_driver_fallback_image.png/content/dam/fom-website/drivers/L/LEWHAM01_Lewis_Hamilton/lewham01.png.transform/1col/image.png,,7.0,,,0 days 00:01:28.372000,0 days 00:01:28.102000,0 days 00:01:28.201000,,,,,2025,5,Saudi Arabian Grand Prix,2025-04-20
22,Y TSUNODA,TSU,tsunoda,Red Bull Racing,3671C6,red_bull,Yuki,Tsunoda,Yuki Tsunoda,https://media.formula1.com/d_driver_fallback_image.png/content/dam/fom-website/drivers/Y/YUKTSU01_Yuki_Tsunoda/yuktsu01.png.transform/1col/image.png,,8.0,,,0 days 00:01:28.226000,0 days 00:01:27.990000,0 days 00:01:28.204000,,,,,2025,5,Saudi Arabian Grand Prix,2025-04-20
10,P GASLY,GAS,gasly,Alpine,0093CC,alpine,Pierre,Gasly,Pierre Gasly,https://media.formula1.com/d_driver_fallback_image.png/content/dam/fom-website/drivers/P/PIEGAS01_Pierre_Gasly/piegas01.png.transform/1col/image.png,,9.0,,,0 days 00:01:28.421000,0 days 00:01:28.025000,0 days 00:01:28.367000,,,,,2025,5,Saudi Arabian Grand Prix,2025-04-20
4,L NORRIS,NOR,norris,McLaren,FF8000,mclaren,Lando,Norris,Lando Norris,https://media.formula1.com/d_driver_fallback_image.png/content/dam/fom-website/drivers/L/LANNOR01_Lando_Norris/lannor01.png.transform/1col/image.png,,10.0,,,0 days 00:01:27.805000,0 days 00:01:27.481000,,,,,,2025,5,Saudi Arabian Grand Prix,2025-04-20
23,A ALBON,ALB,albon,Williams,64C4FF,williams,Alexander,Albon,Alexander Albon,https://media.formula1.com/d_driver_fallback_image.png/content/dam/fom-website/drivers/A/ALEALB01_Alexander_Albon/alealb01.png.transform/1col/image.png,,11.0,,,0 days 00:01:28.279000,0 days 00:01:28.109000,,,,,,2025,5,Saudi Arabian Grand Prix,2025-04-20
30,L LAWSON,LAW,lawson,Racing Bulls,6692FF,rb,Liam,Lawson,Liam Lawson,https://media.formula1.com/d_driver_fallback_image.png/content/dam/fom-website/drivers/L/LIALAW01_Liam_Lawson/lialaw01.png.transform/1col/image.png,,12.0,,,0 days 00:01:28.561000,0 days 00:01:28.191000,,,,,,2025,5,Saudi Arabian Grand Prix,2025-04-20
14,F ALONSO,ALO,alonso,Aston Martin,229971,aston_martin,Fernando,Alonso,Fernando Alonso,https://media.formula1.com/d_driver_fallback_image.png/content/dam/fom-website/drivers/F/FERALO01_Fernando_Alonso/feralo01.png.transform/1col/image.png,,13.0,,,0 days 00:01:28.548000,0 days 00:01:28.303000,,,,,,2025,5,Saudi Arabian Grand Prix,2025-04-20
6,I HADJAR,HAD,hadjar,Racing Bulls,6692FF,rb,Isack,Hadjar,Isack Hadjar,https://media.formula1.com/d_driver_fallback_image.png/content/dam/fom-website/drivers/I/ISAHAD01_Isack_Hadjar/isahad01.png.transform/1col/image.png,,14.0,,,0 days 00:01:28.571000,0 days 00:01:28.418000,,,,,,2025,5,Saudi Arabian Grand Prix,2025-04-20
87,O BEARMAN,BEA,bearman,Haas F1 Team,B6BABD,haas,Oliver,Bearman,Oliver Bearman,https://media.formula1.com/d_driver_fallback_image.png/content/dam/fom-website/drivers/O/OLIBEA01_Oliver_Bearman/olibea01.png.transform/1col/image.png,,15.0,,,0 days 00:01:28.536000,0 days 00:01:28.648000,,,,,,2025,5,Saudi Arabian Grand Prix,2025-04-20
18,L STROLL,STR,stroll,Aston Martin,229971,aston_martin,Lance,Stroll,Lance Stroll,https://media.formula1.com/d_driver_fallback_image.png/content/dam/fom-website/drivers/L/LANSTR01_Lance_Stroll/lanstr01.png.transform/1col/image.png,,16.0,,,0 days 00:01:28.645000,,,,,,,2025,5,Saudi Arabian Grand Prix,2025-04-20
7,J DOOHAN,DOO,doohan,Alpine,0093CC,alpine,Jack,Doohan,Jack Doohan,https://media.formula1.com/d_driver_fallback_image.png/content/dam/fom-website/drivers/J/JACDOO01_Jack_Doohan/jacdoo01.png.transform/1col/image.png,,17.0,,,0 days 00:01:28.739000,,,,,,,2025,5,Saudi Arabian Grand Prix,2025-04-20
27,N HULKENBERG,HUL,hulkenberg,Kick Sauber,52E252,sauber,Nico,Hulkenberg,Nico Hulkenberg,https://media.formula1.com/d_driver_fallback_image.png/content/dam/fom-website/drivers/N/NICHUL01_Nico_Hulkenberg/nichul01.png.transform/1col/image.png,,18.0,,,0 days 00:01:28.782000,,,,,,,2025,5,Saudi Arabian Grand Prix,2025-04-20
31,E OCON,OCO,ocon,Haas F1 Team,B6BABD,haas,Esteban,Ocon,Esteban Ocon,https://media.formula1.com/d_driver_fallback_image.png/content/dam/fom-website/drivers/E/ESTOCO01_Esteban_Ocon/estoco01.png.transform/1col/image.png,,19.0,,,0 days 00:01:29.092000,,,,,,,2025,5,Saudi Arabian Grand Prix,2025-04-20
5,G BORTOLETO,BOR,bortoleto,Kick Sauber,52E252,sauber,Gabriel,Bortoleto,Gabriel Bortoleto,https://media.formula1.com/d_driver_fallback_image.png/content/dam/fom-website/drivers/G/GABBOR01_Gabriel_Bortoleto/gabbor01.png.transform/1col/image.png,,20.0,,,0 days 00:01:29.462000,,,,,,,2025,5,Saudi Arabian Grand Prix,2025-04-20
1,M VERSTAPPEN,VER,max_verstappen,Red Bull Racing,3671C6,red_bull,Max,Verstappen,Max Verstappen,https://media.formula1.com/d_driver_fallback_image.png/content/dam/fom-website/drivers/M/MAXVER01_Max_Verstappen/maxver01.png.transform/1col/image.png,,1.0,,,0 days 00:01:26.870000,0 days 00:01:26.643000,0 days 00:01:26.204000,,,,,2025,6,Miami Grand Prix,2025-05-04
4,L NORRIS,NOR,norris,McLaren,FF8000,mclaren,Lando,Norris,Lando Norris,https://media.formula1.com/d_driver_fallback_image.png/content/dam/fom-website/drivers/L/LANNOR01_Lando_Norris/lannor01.png.transform/1col/image.png,,2.0,,,0 days 00:01:26.955000,0 days 00:01:26.499000,0 days 00:01:26.269000,,,,,2025,6,Miami Grand Prix,2025-05-04
12,K ANTONELLI,ANT,antonelli,Mercedes,27F4D2,mercedes,Kimi,Antonelli,Kimi Antonelli,https://media.formula1.com/d_driver_fallback_image.png/content/dam/fom-website/drivers/A/ANDANT01_Andrea%20Kimi_Antonelli/andant01.png.transform/1col/image.png,,3.0,,,0 days 00:01:27.077000,0 days 00:01:26.606000,0 days 00:01:26.271000,,,,,2025,6,Miami Grand Prix,2025-05-04
81,O PIASTRI,PIA,piastri,McLaren,FF8000,mclaren,Oscar,Piastri,Oscar Piastri,https://media.formula1.com/d_driver_fallback_image.png/content/dam/fom-website/drivers/O/OSCPIA01_Oscar_Piastri/oscpia01.png.transform/1col/image.png,,4.0,,,0 days 00:01:27.006000,0 days 00:01:26.269000,0 days 00:01:26.375000,,,,,2025,6,Miami Grand Prix,2025-05-04
63,G RUSSELL,RUS,russell,Mercedes,27F4D2,mercedes,George,Russell,George Russell,https://media.formula1.com/d_driver_fallback_image.png/content/dam/fom-website/drivers/G/GEORUS01_George_Russell/georus01.png.transform/1col/image.png,,5.0,,,0 days 00:01:27.014000,0 days 00:01:26.575000,0 days 00:01:26.385000,,,,,2025,6,Miami Grand Prix,2025-05-04
55,C SAINZ,SAI,sainz,Williams,64C4FF,williams,Carlos,Sainz,Carlos Sainz,https://media.formula1.com/d_driver_fallback_image.png/content/dam/fom-website/drivers/C/CARSAI01_Carlos_Sainz/carsai01.png.transform/1col/image.png,,6.0,,,0 days 00:01:27.098000,0 days 00:01:26.847000,0 days 00:01:26.569000,,,,,2025,6,Miami Grand Prix,2025-05-04
23,A ALBON,ALB,albon,Williams,64C4FF,williams,Alexander,Albon,Alexander Albon,https://media.formula1.com/d_driver_fallback_image.png/content/dam/fom-website/drivers/A/ALEALB01_Alexander_Albon/alealb01.png.transform/1col/image.png,,7.0,,,0 days 00:01:27.042000,0 days 00:01:26.855000,0 days 00:01:26.682000,,,,,2025,6,Miami Grand Prix,2025-05-04
16,C LECLERC,LEC,leclerc,Ferrari,E80020,ferrari,Charles,Leclerc,Charles Leclerc,https://media.formula1.com/d_driver_fallback_image.png/content/dam/fom-website/drivers/C/CHALEC01_Charles_Leclerc/chalec01.png.transform/1col/image.png,,8.0,,,0 days 00:01:27.417000,0 days 00:01:26.948000,0 days 00:01:26.754000,,,,,2025,6,Miami Grand Prix,2025-05-04
31,E OCON,OCO,ocon,Haas F1 Team,B6BABD,haas,Esteban,Ocon,Esteban Ocon,https://media.formula1.com/d_driver_fallback_image.png/content/dam/fom-website/drivers/E/ESTOCO01_Esteban_Ocon/estoco01.png.transform/1col/image.png,,9.0,,,0 days 00:01:27.450000,0 days 00:01:26.967000,0 days 00:01:26.824000,,,,,2025,6,Miami Grand Prix,2025-05-04
22,Y TSUNODA,TSU,tsunoda,Red Bull Racing,3671C6,red_bull,Yuki,Tsunoda,Yuki Tsunoda,https://media.formula1.com/d_driver_fallback_image.png/content/dam/fom-website/drivers/Y/YUKTSU01_Yuki_Tsunoda/yuktsu01.png.transform/1col/image.png,,10.0,,,0 days 00:01:27.298000,0 days 00:01:26.959000,0 days 00:01:26.943000,,,,,2025,6,Miami Grand Prix,2025-05-04
6,I HADJAR,HAD,hadjar,Racing Bulls,6692FF,rb,Isack,Hadjar,Isack Hadjar,https://media.formula1.com/d_driver_fallback_image.png/content/dam/fom-website/drivers/I/ISAHAD01_Isack_Hadjar/isahad01.png.transform/1col/image.png,,11.0,,,0 days 00:01:27.301000,0 days 00:01:26.987000,,,,,,2025,6,Miami Grand Prix,2025-05-04
44,L HAMILTON,HAM,hamilton,Ferrari,E80020,ferrari,Lewis,Hamilton,Lewis Hamilton,https://media.formula1.com/d_driver_fallback_image.png/content/dam/fom-website/drivers/L/LEWHAM01_Lewis_Hamilton/lewham01.png.transform/1col/image.png,,12.0,,,0 days 00:01:27.279000,0 days 00:01:27.006000,,,,,,2025,6,Miami Grand Prix,2025-05-04
5,G BORTOLETO,BOR,bortoleto,Kick Sauber,52E252,sauber,Gabriel,Bortoleto,Gabriel Bortoleto,https://media.formula1.com/d_driver_fallback_image.png/content/dam/fom-website/drivers/G/GABBOR01_Gabriel_Bortoleto/gabbor01.png.transform/1col/image.png,,13.0,,,0 days 00:01:27.343000,0 days 00:01:27.151000,,,,,,2025,6,Miami Grand Prix,2025-05-04
7,J DOOHAN,DOO,doohan,Alpine,0093CC,alpine,Jack,Doohan,Jack Doohan,https://media.formula1.com/d_driver_fallback_image.png/content/dam/fom-website/drivers/J/JACDOO01_Jack_Doohan/jacdoo01.png.transform/1col/image.png,,14.0,,,0 days 00:01:27.422000,0 days 00:01:27.186000,,,,,,2025,6,Miami Grand Prix,2025-05-04
30,L LAWSON,LAW,lawson,Racing Bulls,6692FF,rb,Liam,Lawson,Liam Lawson,https://media.formula1.com/d_driver_fallback_image.png/content/dam/fom-website/drivers/L/LIALAW01_Liam_Lawson/lialaw01.png.transform/1col/image.png,,15.0,,,0 days 00:01:27.444000,0 days 00:01:27.363000,,,,,,2025,6,Miami Grand Prix,2025-05-04
27,N HULKENBERG,HUL,hulkenberg,Kick Sauber,52E252,sauber,Nico,Hulkenberg,Nico Hulkenberg,https://media.formula1.com/d_driver_fallback_image.png/content/dam/fom-website/drivers/N/NICHUL01_Nico_Hulkenberg/nichul01.png.transform/1col/image.png,,16.0,,,0 days 00:01:27.473000,,,,,,,2025,6,Miami Grand Prix,2025-05-04
14,F ALONSO,ALO,alonso,Aston Martin,229971,aston_martin,Fernando,Alonso,Fernando Alonso,https://media.formula1.com/d_driver_fallback_image.png/content/dam/fom-website/drivers/F/FERALO01_Fernando_Alonso/feralo01.png.transform/1col/image.png,,17.0,,,0 days 00:01:27.604000,,,,,,,2025,6,Miami Grand Prix,2025-05-04
10,P GASLY,GAS,gasly,Alpine,0093CC,alpine,Pierre,Gasly,Pierre Gasly,https://media.formula1.com/d_driver_fallback_image.png/content/dam/fom-website/drivers/P/PIEGAS01_Pierre_Gasly/piegas01.png.transform/1col/image.png,,18.0,,,0 days 00:01:27.710000,,,,,,,2025,6,Miami Grand Prix,2025-05-04
18,L STROLL,STR,stroll,Aston Martin,229971,aston_martin,Lance,Stroll,Lance Stroll,https://media.formula1.com/d_driver_fallback_image.png/content/dam/fom-website/drivers/L/LANSTR01_Lance_Stroll/lanstr01.png.transform/1col/image.png,,19.0,,,0 days 00:01:27.830000,,,,,,,2025,6,Miami Grand Prix,2025-05-04
87,O BEARMAN,BEA,bearman,Haas F1 Team,B6BABD,haas,Oliver,Bearman,Oliver Bearman,https://media.formula1.com/d_driver_fallback_image.png/content/dam/fom-website/drivers/O/OLIBEA01_Oliver_Bearman/olibea01.png.transform/1col/image.png,,20.0,,,0 days 00:01:27.999000,,,,,,,2025,6,Miami Grand Prix,2025-05-04
81,O PIASTRI,PIA,piastri,McLaren,FF8000,mclaren,Oscar,Piastri,Oscar Piastri,https://media.formula1.com/d_driver_fallback_image.png/content/dam/fom-website/drivers/O/OSCPIA01_Oscar_Piastri/oscpia01.png.transform/1col/image.png,,1.0,,,0 days 00:01:15.500000,0 days 00:01:15.214000,0 days 00:01:14.670000,,,,,2025,7,Emilia Romagna Grand Prix,2025-05-18
1,M VERSTAPPEN,VER,max_verstappen,Red Bull Racing,3671C6,red_bull,Max,Verstappen,Max Verstappen,https://media.formula1.com/d_driver_fallback_image.png/content/dam/fom-website/drivers/M/MAXVER01_Max_Verstappen/maxver01.png.transform/1col/image.png,,2.0,,,0 days 00:01:15.175000,0 days 00:01:15.394000,0 days 00:01:14.704000,,,,,2025,7,Emilia Romagna Grand Prix,2025-05-18
63,G RUSSELL,RUS,russell,Mercedes,27F4D2,mercedes,George,Russell,George Russell,https://media.formula1.com/d_driver_fallback_image.png/content/dam/fom-website/drivers/G/GEORUS01_George_Russell/georus01.png.transform/1col/image.png,,3.0,,,0 days 00:01:15.852000,0 days 00:01:15.334000,0 days 00:01:14.807000,,,,,2025,7,Emilia Romagna Grand Prix,2025-05-18
4,L NORRIS,NOR,norris,McLaren,FF8000,mclaren,Lando,Norris,Lando Norris,https://media.formula1.com/d_driver_fallback_image.png/content/dam/fom-website/drivers/L/LANNOR01_Lando_Norris/lannor01.png.transform/1col/image.png,,4.0,,,0 days 00:01:15.894000,0 days 00:01:15.261000,0 days 00:01:14.962000,,,,,2025,7,Emilia Romagna Grand Prix,2025-05-18
14,F ALONSO,ALO,alonso,Aston Martin,229971,aston_martin,Fernando,Alonso,Fernando Alonso,https://media.formula1.com/d_driver_fallback_image.png/content/dam/fom-website/drivers/F/FERALO01_Fernando_Alonso/feralo01.png.transform/1col/image.png,,5.0,,,0 days 00:01:15.695000,0 days 00:01:15.442000,0 days 00:01:15.431000,,,,,2025,7,Emilia Romagna Grand Prix,2025-05-18
55,C SAINZ,SAI,sainz,Williams,64C4FF,williams,Carlos,Sainz,Carlos Sainz,https://media.formula1.com/d_driver_fallback_image.png/content/dam/fom-website/drivers/C/CARSAI01_Carlos_Sainz/carsai01.png.transform/1col/image.png,,6.0,,,0 days 00:01:15.987000,0 days 00:01:15.198000,0 days 00:01:15.432000,,,,,2025,7,Emilia Romagna Grand Prix,2025-05-18
23,A ALBON,ALB,albon,Williams,64C4FF,williams,Alexander,Albon,Alexander Albon,https://media.formula1.com/d_driver_fallback_image.png/content/dam/fom-website/drivers/A/ALEALB01_Alexander_Albon/alealb01.png.transform/1col/image.png,,7.0,,,0 days 00:01:16.123000,0 days 00:01:15.521000,0 days 00:01:15.473000,,,,,2025,7,Emilia Romagna Grand Prix,2025-05-18
18,L STROLL,STR,stroll,Aston Martin,229971,aston_martin,Lance,Stroll,Lance Stroll,https://media.formula1.com/d_driver_fallback_image.png/content/dam/fom-website/drivers/L/LANSTR01_Lance_Stroll/lanstr01.png.transform/1col/image.png,,8.0,,,0 days 00:01:15.817000,0 days 00:01:15.497000,0 days 00:01:15.581000,,,,,2025,7,Emilia Romagna Grand Prix,2025-05-18
6,I HADJAR,HAD,hadjar,Racing Bulls,6692FF,rb,Isack,Hadjar,Isack Hadjar,https://media.formula1.com/d_driver_fallback_image.png/content/dam/fom-website/drivers/I/ISAHAD01_Isack_Hadjar/isahad01.png.transform/1col/image.png,,9.0,,,0 days 00:01:16.253000,0 days 00:01:15.510000,0 days 00:01:15.746000,,,,,2025,7,Emilia Romagna Grand Prix,2025-05-18
10,P GASLY,GAS,gasly,Alpine,0093CC,alpine,Pierre,Gasly,Pierre Gasly,https://media.formula1.com/d_driver_fallback_image.png/content/dam/fom-website/drivers/P/PIEGAS01_Pierre_Gasly/piegas01.png.transform/1col/image.png,,10.0,,,0 days 00:01:15.937000,0 days 00:01:15.505000,0 days 00:01:15.787000,,,,,2025,7,Emilia Romagna Grand Prix,2025-05-18
16,C LECLERC,LEC,leclerc,Ferrari,E80020,ferrari,Charles,Leclerc,Charles Leclerc,https://media.formula1.com/d_driver_fallback_image.png/content/dam/fom-website/drivers/C/CHALEC01_Charles_Leclerc/chalec01.png.transform/1col/image.png,,11.0,,,0 days 00:01:16.108000,0 days 00:01:15.604000,,,,,,2025,7,Emilia Romagna Grand Prix,2025-05-18
44,L HAMILTON,HAM,hamilton,Ferrari,E80020,ferrari,Lewis,Hamilton,Lewis Hamilton,https://media.formula1.com/d_driver_fallback_image.png/content/dam/fom-website/drivers/L/LEWHAM01_Lewis_Hamilton/lewham01.png.transform/1col/image.png,,12.0,,,0 days 00:01:16.163000,0 days 00:01:15.765000,,,,,,2025,7,Emilia Romagna Grand Prix,2025-05-18
12,K ANTONELLI,ANT,antonelli,Mercedes,27F4D2,mercedes,Kimi,Antonelli,Kimi Antonelli,https://media.formula1.com/d_driver_fallback_image.png/content/dam/fom-website/drivers/A/ANDANT01_Andrea%20Kimi_Antonelli/andant01.png.transform/1col/image.png,,13.0,,,0 days 00:01:15.943000,0 days 00:01:15.772000,,,,,,2025,7,Emilia Romagna Grand Prix,2025-05-18
5,G BORTOLETO,BOR,bortoleto,Kick Sauber,52E252,sauber,Gabriel,Bortoleto,Gabriel Bortoleto,https://media.formula1.com/d_driver_fallback_image.png/content/dam/fom-website/drivers/G/GABBOR01_Gabriel_Bortoleto/gabbor01.png.transform/1col/image.png,,14.0,,,0 days 00:01:16.340000,0 days 00:01:16.260000,,,,,,2025,7,Emilia Romagna Grand Prix,2025-05-18
43,F COLAPINTO,COL,colapinto,Alpine,0093CC,alpine,Franco,Colapinto,Franco Colapinto,None,,15.0,,,0 days 00:01:16.256000,,,,,,,2025,7,Emilia Romagna Grand Prix,2025-05-18
30,L LAWSON,LAW,lawson,Racing Bulls,6692FF,rb,Liam,Lawson,Liam Lawson,https://media.formula1.com/d_driver_fallback_image.png/content/dam/fom-website/drivers/L/LIALAW01_Liam_Lawson/lialaw01.png.transform/1col/image.png,,16.0,,,0 days 00:01:16.379000,,,,,,,2025,7,Emilia Romagna Grand Prix,2025-05-18
27,N HULKENBERG,HUL,hulkenberg,Kick Sauber,52E252,sauber,Nico,Hulkenberg,Nico Hulkenberg,https://media.formula1.com/d_driver_fallback_image.png/content/dam/fom-website/drivers/N/NICHUL01_Nico_Hulkenberg/nichul01.png.transform/1col/image.png,,17.0,,,0 days 00:01:16.518000,,,,,,,2025,7,Emilia Romagna Grand Prix,2025-05-18
31,E OCON,OCO,ocon,Haas F1 Team,B6BABD,haas,Esteban,Ocon,Esteban Ocon,https://media.formula1.com/d_driver_fallback_image.png/content/dam/fom-website/drivers/E/ESTOCO01_Esteban_Ocon/estoco01.png.transform/1col/image.png,,18.0,,,0 days 00:01:16.613000,,,,,,,2025,7,Emilia Romagna Grand Prix,2025-05-18
87,O BEARMAN,BEA,bearman,Haas F1 Team,B6BABD,haas,Oliver,Bearman,Oliver Bearman,https://media.formula1.com/d_driver_fallback_image.png/content/dam/fom-website/drivers/O/OLIBEA01_Oliver_Bearman/olibea01.png.transform/1col/image.png,,19.0,,,0 days 00:01:16.918000,,,,,,,2025,7,Emilia Romagna Grand Prix,2025-05-18
22,Y TSUNODA,TSU,tsunoda,Red Bull Racing,3671C6,red_bull,Yuki,Tsunoda,Yuki Tsunoda,https://media.formula1.com/d_driver_fallback_image.png/content/dam/fom-website/drivers/Y/YUKTSU01_Yuki_Tsunoda/yuktsu01.png.transform/1col/image.png,,20.0,,,,,,,,,,2025,7,Emilia Romagna Grand Prix,2025-05-18
4,L NORRIS,NOR,norris,McLaren,F47600,mclaren,Lando,Norris,Lando Norris,https://media.formula1.com/d_driver_fallback_image.png/content/dam/fom-website/drivers/L/LANNOR01_Lando_Norris/lannor01.png.transform/1col/image.png,,1.0,,,0 days 00:01:11.285000,0 days 00:01:10.570000,0 days 00:01:09.954000,,,,,2025,8,Monaco Grand Prix,2025-05-25
16,C LECLERC,LEC,leclerc,Ferrari,ED1131,ferrari,Charles,Leclerc,Charles Leclerc,https://media.formula1.com/d_driver_fallback_image.png/content/dam/fom-website/drivers/C/CHALEC01_Charles_Leclerc/chalec01.png.transform/1col/image.png,,2.0,,,0 days 00:01:11.229000,0 days 00:01:10.581000,0 days 00:01:10.063000,,,,,2025,8,Monaco Grand Prix,2025-05-25
81,O PIASTRI,PIA,piastri,McLaren,F47600,mclaren,Oscar,Piastri,Oscar Piastri,https://media.formula1.com/d_driver_fallback_image.png/content/dam/fom-website/drivers/O/OSCPIA01_Oscar_Piastri/oscpia01.png.transform/1col/image.png,,3.0,,,0 days 00:01:11.308000,0 days 00:01:10.858000,0 days 00:01:10.129000,,,,,2025,8,Monaco Grand Prix,2025-05-25
44,L HAMILTON,HAM,hamilton,Ferrari,ED1131,ferrari,Lewis,Hamilton,Lewis Hamilton,https://media.formula1.com/d_driver_fallback_image.png/content/dam/fom-website/drivers/L/LEWHAM01_Lewis_Hamilton/lewham01.png.transform/1col/image.png,,4.0,,,0 days 00:01:11.575000,0 days 00:01:10.883000,0 days 00:01:10.382000,,,,,2025,8,Monaco Grand Prix,2025-05-25
1,M VERSTAPPEN,VER,max_verstappen,Red Bull Racing,4781D7,red_bull,Max,Verstappen,Max Verstappen,https://media.formula1.com/d_driver_fallback_image.png/content/dam/fom-website/drivers/M/MAXVER01_Max_Verstappen/maxver01.png.transform/1col/image.png,,5.0,,,0 days 00:01:11.431000,0 days 00:01:10.875000,0 days 00:01:10.669000,,,,,2025,8,Monaco Grand Prix,2025-05-25
6,I HADJAR,HAD,hadjar,Racing Bulls,6C98FF,rb,Isack,Hadjar,Isack Hadjar,https://media.formula1.com/d_driver_fallback_image.png/content/dam/fom-website/drivers/I/ISAHAD01_Isack_Hadjar/isahad01.png.transform/1col/image.png,,6.0,,,0 days 00:01:11.811000,0 days 00:01:11.040000,0 days 00:01:10.923000,,,,,2025,8,Monaco Grand Prix,2025-05-25
14,F ALONSO,ALO,alonso,Aston Martin,229971,aston_martin,Fernando,Alonso,Fernando Alonso,https://media.formula1.com/d_driver_fallback_image.png/content/dam/fom-website/drivers/F/FERALO01_Fernando_Alonso/feralo01.png.transform/1col/image.png,,7.0,,,0 days 00:01:11.674000,0 days 00:01:11.182000,0 days 00:01:10.924000,,,,,2025,8,Monaco Grand Prix,2025-05-25
31,E OCON,OCO,ocon,Haas F1 Team,9C9FA2,haas,Esteban,Ocon,Esteban Ocon,https://media.formula1.com/d_driver_fallback_image.png/content/dam/fom-website/drivers/E/ESTOCO01_Esteban_Ocon/estoco01.png.transform/1col/image.png,,8.0,,,0 days 00:01:11.839000,0 days 00:01:11.262000,0 days 00:01:10.942000,,,,,2025,8,Monaco Grand Prix,2025-05-25
30,L LAWSON,LAW,lawson,Racing Bulls,6C98FF,rb,Liam,Lawson,Liam Lawson,https://media.formula1.com/d_driver_fallback_image.png/content/dam/fom-website/drivers/L/LIALAW01_Liam_Lawson/lialaw01.png.transform/1col/image.png,,9.0,,,0 days 00:01:11.818000,0 days 00:01:11.250000,0 days 00:01:11.129000,,,,,2025,8,Monaco Grand Prix,2025-05-25
23,A ALBON,ALB,albon,Williams,1868DB,williams,Alexander,Albon,Alexander Albon,https://media.formula1.com/d_driver_fallback_image.png/content/dam/fom-website/drivers/A/ALEALB01_Alexander_Albon/alealb01.png.transform/1col/image.png,,10.0,,,0 days 00:01:11.629000,0 days 00:01:10.732000,0 days 00:01:11.213000,,,,,2025,8,Monaco Grand Prix,2025-05-25
55,C SAINZ,SAI,sainz,Williams,1868DB,williams,Carlos,Sainz,Carlos Sainz,https://media.formula1.com/d_driver_fallback_image.png/content/dam/fom-website/drivers/C/CARSAI01_Carlos_Sainz/carsai01.png.transform/1col/image.png,,11.0,,,0 days 00:01:11.707000,0 days 00:01:11.362000,,,,,,2025,8,Monaco Grand Prix,2025-05-25
22,Y TSUNODA,TSU,tsunoda,Red Bull Racing,4781D7,red_bull,Yuki,Tsunoda,Yuki Tsunoda,https://media.formula1.com/d_driver_fallback_image.png/content/dam/fom-website/drivers/Y/YUKTSU01_Yuki_Tsunoda/yuktsu01.png.transform/1col/image.png,,12.0,,,0 days 00:01:11.800000,0 days 00:01:11.415000,,,,,,2025,8,Monaco Grand Prix,2025-05-25
27,N HULKENBERG,HUL,hulkenberg,Kick Sauber,01C00E,sauber,Nico,Hulkenberg,Nico Hulkenberg,https://media.formula1.com/d_driver_fallback_image.png/content/dam/fom-website/drivers/N/NICHUL01_Nico_Hulkenberg/nichul01.png.transform/1col/image.png,,13.0,,,0 days 00:01:11.871000,0 days 00:01:11.596000,,,,,,2025,8,Monaco Grand Prix,2025-05-25
63,G RUSSELL,RUS,russell,Mercedes,00D7B6,mercedes,George,Russell,George Russell,https://media.formula1.com/d_driver_fallback_image.png/content/dam/fom-website/drivers/G/GEORUS01_George_Russell/georus01.png.transform/1col/image.png,,14.0,,,0 days 00:01:11.507000,,,,,,,2025,8,Monaco Grand Prix,2025-05-25
12,K ANTONELLI,ANT,antonelli,Mercedes,00D7B6,mercedes,Kimi,Antonelli,Kimi Antonelli,https://media.formula1.com/d_driver_fallback_image.png/content/dam/fom-website/drivers/A/ANDANT01_Andrea%20Kimi_Antonelli/andant01.png.transform/1col/image.png,,15.0,,,0 days 00:01:11.880000,,,,,,,2025,8,Monaco Grand Prix,2025-05-25
5,G BORTOLETO,BOR,bortoleto,Kick Sauber,01C00E,sauber,Gabriel,Bortoleto,Gabriel Bortoleto,https://media.formula1.com/d_driver_fallback_image.png/content/dam/fom-website/drivers/G/GABBOR01_Gabriel_Bortoleto/gabbor01.png.transform/1col/image.png,,16.0,,,0 days 00:01:11.902000,,,,,,,2025,8,Monaco Grand Prix,2025-05-25
87,O BEARMAN,BEA,bearman,Haas F1 Team,9C9FA2,haas,Oliver,Bearman,Oliver Bearman,https://media.formula1.com/d_driver_fallback_image.png/content/dam/fom-website/drivers/O/OLIBEA01_Oliver_Bearman/olibea01.png.transform/1col/image.png,,17.0,,,0 days 00:01:11.979000,,,,,,,2025,8,Monaco Grand Prix,2025-05-25
10,P GASLY,GAS,gasly,Alpine,00A1E8,alpine,Pierre,Gasly,Pierre Gasly,https://media.formula1.com/d_driver_fallback_image.png/content/dam/fom-website/drivers/P/PIEGAS01_Pierre_Gasly/piegas01.png.transform/1col/image.png,,18.0,,,0 days 00:01:11.994000,,,,,,,2025,8,Monaco Grand Prix,2025-05-25
18,L STROLL,STR,stroll,Aston Martin,229971,aston_martin,Lance,Stroll,Lance Stroll,https://media.formula1.com/d_driver_fallback_image.png/content/dam/fom-website/drivers/L/LANSTR01_Lance_Stroll/lanstr01.png.transform/1col/image.png,,19.0,,,0 days 00:01:12.563000,,,,,,,2025,8,Monaco Grand Prix,2025-05-25
43,F COLAPINTO,COL,colapinto,Alpine,00A1E8,alpine,Franco,Colapinto,Franco Colapinto,None,,20.0,,,0 days 00:01:12.597000,,,,,,,2025,8,Monaco Grand Prix,2025-05-25
81,O PIASTRI,PIA,piastri,McLaren,F47600,mclaren,Oscar,Piastri,Oscar Piastri,https://media.formula1.com/d_driver_fallback_image.png/content/dam/fom-website/drivers/O/OSCPIA01_Oscar_Piastri/oscpia01.png.transform/1col/image.png,,1.0,,,0 days 00:01:12.551000,0 days 00:01:11.998000,0 days 00:01:11.546000,,,,,2025,9,Spanish Grand Prix,2025-06-01
4,L NORRIS,NOR,norris,McLaren,F47600,mclaren,Lando,Norris,Lando Norris,https://media.formula1.com/d_driver_fallback_image.png/content/dam/fom-website/drivers/L/LANNOR01_Lando_Norris/lannor01.png.transform/1col/image.png,,2.0,,,0 days 00:01:12.799000,0 days 00:01:12.056000,0 days 00:01:11.755000,,,,,2025,9,Spanish Grand Prix,2025-06-01
1,M VERSTAPPEN,VER,max_verstappen,Red Bull Racing,4781D7,red_bull,Max,Verstappen,Max Verstappen,https://media.formula1.com/d_driver_fallback_image.png/content/dam/fom-website/drivers/M/MAXVER01_Max_Verstappen/maxver01.png.transform/1col/image.png,,3.0,,,0 days 00:01:12.798000,0 days 00:01:12.358000,0 days 00:01:11.848000,,,,,2025,9,Spanish Grand Prix,2025-06-01
63,G RUSSELL,RUS,russell,Mercedes,00D7B6,mercedes,George,Russell,George Russell,https://media.formula1.com/d_driver_fallback_image.png/content/dam/fom-website/drivers/G/GEORUS01_George_Russell/georus01.png.transform/1col/image.png,,4.0,,,0 days 00:01:12.806000,0 days 00:01:12.407000,0 days 00:01:11.848000,,,,,2025,9,Spanish Grand Prix,2025-06-01
44,L HAMILTON,HAM,hamilton,Ferrari,ED1131,ferrari,Lewis,Hamilton,Lewis Hamilton,https://media.formula1.com/d_driver_fallback_image.png/content/dam/fom-website/drivers/L/LEWHAM01_Lewis_Hamilton/lewham01.png.transform/1col/image.png,,5.0,,,0 days 00:01:13.058000,0 days 00:01:12.447000,0 days 00:01:12.045000,,,,,2025,9,Spanish Grand Prix,2025-06-01
12,K ANTONELLI,ANT,antonelli,Mercedes,00D7B6,mercedes,Kimi,Antonelli,Kimi Antonelli,https://media.formula1.com/d_driver_fallback_image.png/content/dam/fom-website/drivers/A/ANDANT01_Andrea%20Kimi_Antonelli/andant01.png.transform/1col/image.png,,6.0,,,0 days 00:01:12.815000,0 days 00:01:12.585000,0 days 00:01:12.111000,,,,,2025,9,Spanish Grand Prix,2025-06-01
16,C LECLERC,LEC,leclerc,Ferrari,ED1131,ferrari,Charles,Leclerc,Charles Leclerc,https://media.formula1.com/d_driver_fallback_image.png/content/dam/fom-website/drivers/C/CHALEC01_Charles_Leclerc/chalec01.png.transform/1col/image.png,,7.0,,,0 days 00:01:13.014000,0 days 00:01:12.495000,0 days 00:01:12.131000,,,,,2025,9,Spanish Grand Prix,2025-06-01
10,P GASLY,GAS,gasly,Alpine,00A1E8,alpine,Pierre,Gasly,Pierre Gasly,https://media.formula1.com/d_driver_fallback_image.png/content/dam/fom-website/drivers/P/PIEGAS01_Pierre_Gasly/piegas01.png.transform/1col/image.png,,8.0,,,0 days 00:01:13.081000,0 days 00:01:12.611000,0 days 00:01:12.199000,,,,,2025,9,Spanish Grand Prix,2025-06-01
6,I HADJAR,HAD,hadjar,Racing Bulls,6C98FF,rb,Isack,Hadjar,Isack Hadjar,https://media.formula1.com/d_driver_fallback_image.png/content/dam/fom-website/drivers/I/ISAHAD01_Isack_Hadjar/isahad01.png.transform/1col/image.png,,9.0,,,0 days 00:01:13.139000,0 days 00:01:12.461000,0 days 00:01:12.252000,,,,,2025,9,Spanish Grand Prix,2025-06-01
14,F ALONSO,ALO,alonso,Aston Martin,229971,aston_martin,Fernando,Alonso,Fernando Alonso,https://media.formula1.com/d_driver_fallback_image.png/content/dam/fom-website/drivers/F/FERALO01_Fernando_Alonso/feralo01.png.transform/1col/image.png,,10.0,,,0 days 00:01:13.102000,0 days 00:01:12.523000,0 days 00:01:12.284000,,,,,2025,9,Spanish Grand Prix,2025-06-01
23,A ALBON,ALB,albon,Williams,1868DB,williams,Alexander,Albon,Alexander Albon,https://media.formula1.com/d_driver_fallback_image.png/content/dam/fom-website/drivers/A/ALEALB01_Alexander_Albon/alealb01.png.transform/1col/image.png,,11.0,,,0 days 00:01:13.044000,0 days 00:01:12.641000,,,,,,2025,9,Spanish Grand Prix,2025-06-01
5,G BORTOLETO,BOR,bortoleto,Kick Sauber,01C00E,sauber,Gabriel,Bortoleto,Gabriel Bortoleto,https://media.formula1.com/d_driver_fallback_image.png/content/dam/fom-website/drivers/G/GABBOR01_Gabriel_Bortoleto/gabbor01.png.transform/1col/image.png,,12.0,,,0 days 00:01:13.045000,0 days 00:01:12.756000,,,,,,2025,9,Spanish Grand Prix,2025-06-01
30,L LAWSON,LAW,lawson,Racing Bulls,6C98FF,rb,Liam,Lawson,Liam Lawson,https://media.formula1.com/d_driver_fallback_image.png/content/dam/fom-website/drivers/L/LIALAW01_Liam_Lawson/lialaw01.png.transform/1col/image.png,,13.0,,,0 days 00:01:13.039000,0 days 00:01:12.763000,,,,,,2025,9,Spanish Grand Prix,2025-06-01
18,L STROLL,STR,stroll,Aston Martin,229971,aston_martin,Lance,Stroll,Lance Stroll,https://media.formula1.com/d_driver_fallback_image.png/content/dam/fom-website/drivers/L/LANSTR01_Lance_Stroll/lanstr01.png.transform/1col/image.png,,14.0,,,0 days 00:01:13.038000,0 days 00:01:13.058000,,,,,,2025,9,Spanish Grand Prix,2025-06-01
87,O BEARMAN,BEA,bearman,Haas F1 Team,9C9FA2,haas,Oliver,Bearman,Oliver Bearman,https://media.formula1.com/d_driver_fallback_image.png/content/dam/fom-website/drivers/O/OLIBEA01_Oliver_Bearman/olibea01.png.transform/1col/image.png,,15.0,,,0 days 00:01:13.074000,0 days 00:01:13.315000,,,,,,2025,9,Spanish Grand Prix,2025-06-01
27,N HULKENBERG,HUL,hulkenberg,Kick Sauber,01C00E,sauber,Nico,Hulkenberg,Nico Hulkenberg,https://media.formula1.com/d_driver_fallback_image.png/content/dam/fom-website/drivers/N/NICHUL01_Nico_Hulkenberg/nichul01.png.transform/1col/image.png,,16.0,,,0 days 00:01:13.190000,,,,,,,2025,9,Spanish Grand Prix,2025-06-01
31,E OCON,OCO,ocon,Haas F1 Team,9C9FA2,haas,Esteban,Ocon,Esteban Ocon,https://media.formula1.com/d_driver_fallback_image.png/content/dam/fom-website/drivers/E/ESTOCO01_Esteban_Ocon/estoco01.png.transform/1col/image.png,,17.0,,,0 days 00:01:13.201000,,,,,,,2025,9,Spanish Grand Prix,2025-06-01
55,C SAINZ,SAI,sainz,Williams,1868DB,williams,Carlos,Sainz,Carlos Sainz,https://media.formula1.com/d_driver_fallback_image.png/content/dam/fom-website/drivers/C/CARSAI01_Carlos_Sainz/carsai01.png.transform/1col/image.png,,18.0,,,0 days 00:01:13.203000,,,,,,,2025,9,Spanish Grand Prix,2025-06-01
43,F COLAPINTO,COL,colapinto,Alpine,00A1E8,alpine,Franco,Colapinto,Franco Colapinto,None,,19.0,,,0 days 00:01:13.334000,,,,,,,2025,9,Spanish Grand Prix,2025-06-01
22,Y TSUNODA,TSU,tsunoda,Red Bull Racing,4781D7,red_bull,Yuki,Tsunoda,Yuki Tsunoda,https://media.formula1.com/d_driver_fallback_image.png/content/dam/fom-website/drivers/Y/YUKTSU01_Yuki_Tsunoda/yuktsu01.png.transform/1col/image.png,,20.0,,,0 days 00:01:13.385000,,,,,,,2025,9,Spanish Grand Prix,2025-06-01
63,G RUSSELL,RUS,russell,Mercedes,00D7B6,mercedes,George,Russell,George Russell,https://media.formula1.com/d_driver_fallback_image.png/content/dam/fom-website/drivers/G/GEORUS01_George_Russell/georus01.png.transform/1col/image.png,,1.0,,,0 days 00:01:12.075000,0 days 00:01:11.570000,0 days 00:01:10.899000,,,,,2025,10,Canadian Grand Prix,2025-06-15
1,M VERSTAPPEN,VER,max_verstappen,Red Bull Racing,4781D7,red_bull,Max,Verstappen,Max Verstappen,https://media.formula1.com/d_driver_fallback_image.png/content/dam/fom-website/drivers/M/MAXVER01_Max_Verstappen/maxver01.png.transform/1col/image.png,,2.0,,,0 days 00:01:12.054000,0 days 00:01:11.638000,0 days 00:01:11.059000,,,,,2025,10,Canadian Grand Prix,2025-06-15
81,O PIASTRI,PIA,piastri,McLaren,F47600,mclaren,Oscar,Piastri,Oscar Piastri,https://media.formula1.com/d_driver_fallback_image.png/content/dam/fom-website/drivers/O/OSCPIA01_Oscar_Piastri/oscpia01.png.transform/1col/image.png,,3.0,,,0 days 00:01:11.939000,0 days 00:01:11.715000,0 days 00:01:11.120000,,,,,2025,10,Canadian Grand Prix,2025-06-15
12,K ANTONELLI,ANT,antonelli,Mercedes,00D7B6,mercedes,Kimi,Antonelli,Kimi Antonelli,https://media.formula1.com/d_driver_fallback_image.png/content/dam/fom-website/drivers/A/ANDANT01_Andrea%20Kimi_Antonelli/andant01.png.transform/1col/image.png,,4.0,,,0 days 00:01:12.279000,0 days 00:01:11.974000,0 days 00:01:11.391000,,,,,2025,10,Canadian Grand Prix,2025-06-15
44,L HAMILTON,HAM,hamilton,Ferrari,ED1131,ferrari,Lewis,Hamilton,Lewis Hamilton,https://media.formula1.com/d_driver_fallback_image.png/content/dam/fom-website/drivers/L/LEWHAM01_Lewis_Hamilton/lewham01.png.transform/1col/image.png,,5.0,,,0 days 00:01:11.952000,0 days 00:01:11.885000,0 days 00:01:11.526000,,,,,2025,10,Canadian Grand Prix,2025-06-15
14,F ALONSO,ALO,alonso,Aston Martin,229971,aston_martin,Fernando,Alonso,Fernando Alonso,https://media.formula1.com/d_driver_fallback_image.png/content/dam/fom-website/drivers/F/FERALO01_Fernando_Alonso/feralo01.png.transform/1col/image.png,,6.0,,,0 days 00:01:12.073000,0 days 00:01:11.805000,0 days 00:01:11.586000,,,,,2025,10,Canadian Grand Prix,2025-06-15
4,L NORRIS,NOR,norris,McLaren,F47600,mclaren,Lando,Norris,Lando Norris,https://media.formula1.com/d_driver_fallback_image.png/content/dam/fom-website/drivers/L/LANNOR01_Lando_Norris/lannor01.png.transform/1col/image.png,,7.0,,,0 days 00:01:11.826000,0 days 00:01:11.599000,0 days 00:01:11.625000,,,,,2025,10,Canadian Grand Prix,2025-06-15
16,C LECLERC,LEC,leclerc,Ferrari,ED1131,ferrari,Charles,Leclerc,Charles Leclerc,https://media.formula1.com/d_driver_fallback_image.png/content/dam/fom-website/drivers/C/CHALEC01_Charles_Leclerc/chalec01.png.transform/1col/image.png,,8.0,,,0 days 00:01:12.038000,0 days 00:01:11.626000,0 days 00:01:11.682000,,,,,2025,10,Canadian Grand Prix,2025-06-15
6,I HADJAR,HAD,hadjar,Racing Bulls,6C98FF,rb,Isack,Hadjar,Isack Hadjar,https://media.formula1.com/d_driver_fallback_image.png/content/dam/fom-website/drivers/I/ISAHAD01_Isack_Hadjar/isahad01.png.transform/1col/image.png,,9.0,,,0 days 00:01:12.211000,0 days 00:01:12.003000,0 days 00:01:11.867000,,,,,2025,10,Canadian Grand Prix,2025-06-15
23,A ALBON,ALB,albon,Williams,1868DB,williams,Alexander,Albon,Alexander Albon,https://media.formula1.com/d_driver_fallback_image.png/content/dam/fom-website/drivers/A/ALEALB01_Alexander_Albon/alealb01.png.transform/1col/image.png,,10.0,,,0 days 00:01:12.090000,0 days 00:01:11.892000,0 days 00:01:11.907000,,,,,2025,10,Canadian Grand Prix,2025-06-15
22,Y TSUNODA,TSU,tsunoda,Red Bull Racing,4781D7,red_bull,Yuki,Tsunoda,Yuki Tsunoda,https://media.formula1.com/d_driver_fallback_image.png/content/dam/fom-website/drivers/Y/YUKTSU01_Yuki_Tsunoda/yuktsu01.png.transform/1col/image.png,,11.0,,,0 days 00:01:12.334000,0 days 00:01:12.102000,,,,,,2025,10,Canadian Grand Prix,2025-06-15
43,F COLAPINTO,COL,colapinto,Alpine,00A1E8,alpine,Franco,Colapinto,Franco Colapinto,None,,12.0,,,0 days 00:01:12.234000,0 days 00:01:12.142000,,,,,,2025,10,Canadian Grand Prix,2025-06-15
27,N HULKENBERG,HUL,hulkenberg,Kick Sauber,01C00E,sauber,Nico,Hulkenberg,Nico Hulkenberg,https://media.formula1.com/d_driver_fallback_image.png/content/dam/fom-website/drivers/N/NICHUL01_Nico_Hulkenberg/nichul01.png.transform/1col/image.png,,13.0,,,0 days 00:01:12.323000,0 days 00:01:12.183000,,,,,,2025,10,Canadian Grand Prix,2025-06-15
87,O BEARMAN,BEA,bearman,Haas F1 Team,9C9FA2,haas,Oliver,Bearman,Oliver Bearman,https://media.formula1.com/d_driver_fallback_image.png/content/dam/fom-website/drivers/O/OLIBEA01_Oliver_Bearman/olibea01.png.transform/1col/image.png,,14.0,,,0 days 00:01:12.306000,0 days 00:01:12.340000,,,,,,2025,10,Canadian Grand Prix,2025-06-15
31,E OCON,OCO,ocon,Haas F1 Team,9C9FA2,haas,Esteban,Ocon,Esteban Ocon,https://media.formula1.com/d_driver_fallback_image.png/content/dam/fom-website/drivers/E/ESTOCO01_Esteban_Ocon/estoco01.png.transform/1col/image.png,,15.0,,,0 days 00:01:12.378000,0 days 00:01:12.634000,,,,,,2025,10,Canadian Grand Prix,2025-06-15
5,G BORTOLETO,BOR,bortoleto,Kick Sauber,01C00E,sauber,Gabriel,Bortoleto,Gabriel Bortoleto,https://media.formula1.com/d_driver_fallback_image.png/content/dam/fom-website/drivers/G/GABBOR01_Gabriel_Bortoleto/gabbor01.png.transform/1col/image.png,,16.0,,,0 days 00:01:12.385000,,,,,,,2025,10,Canadian Grand Prix,2025-06-15
55,C SAINZ,SAI,sainz,Williams,1868DB,williams,Carlos,Sainz,Carlos Sainz,https://media.formula1.com/d_driver_fallback_image.png/content/dam/fom-website/drivers/C/CARSAI01_Carlos_Sainz/carsai01.png.transform/1col/image.png,,17.0,,,0 days 00:01:12.398000,,,,,,,2025,10,Canadian Grand Prix,2025-06-15
18,L STROLL,STR,stroll,Aston Martin,229971,aston_martin,Lance,Stroll,Lance Stroll,https://media.formula1.com/d_driver_fallback_image.png/content/dam/fom-website/drivers/L/LANSTR01_Lance_Stroll/lanstr01.png.transform/1col/image.png,,18.0,,,0 days 00:01:12.517000,,,,,,,2025,10,Canadian Grand Prix,2025-06-15
30,L LAWSON,LAW,lawson,Racing Bulls,6C98FF,rb,Liam,Lawson,Liam Lawson,https://media.formula1.com/d_driver_fallback_image.png/content/dam/fom-website/drivers/L/LIALAW01_Liam_Lawson/lialaw01.png.transform/1col/image.png,,19.0,,,0 days 00:01:12.525000,,,,,,,2025,10,Canadian Grand Prix,2025-06-15
10,P GASLY,GAS,gasly,Alpine,00A1E8,alpine,Pierre,Gasly,Pierre Gasly,https://media.formula1.com/d_driver_fallback_image.png/content/dam/fom-website/drivers/P/PIEGAS01_Pierre_Gasly/piegas01.png.transform/1col/image.png,,20.0,,,0 days 00:01:12.667000,,,,,,,2025,10,Canadian Grand Prix,2025-06-15
4,L NORRIS,NOR,norris,McLaren,F47600,mclaren,Lando,Norris,Lando Norris,https://media.formula1.com/d_driver_fallback_image.png/content/dam/fom-website/drivers/L/LANNOR01_Lando_Norris/lannor01.png.transform/1col/image.png,,1.0,,,0 days 00:01:04.672000,0 days 00:01:04.410000,0 days 00:01:03.971000,,,,,2025,11,Austrian Grand Prix,2025-06-29
16,C LECLERC,LEC,leclerc,Ferrari,ED1131,ferrari,Charles,Leclerc,Charles Leclerc,https://media.formula1.com/d_driver_fallback_image.png/content/dam/fom-website/drivers/C/CHALEC01_Charles_Leclerc/chalec01.png.transform/1col/image.png,,2.0,,,0 days 00:01:05.197000,0 days 00:01:04.734000,0 days 00:01:04.492000,,,,,2025,11,Austrian Grand Prix,2025-06-29
81,O PIASTRI,PIA,piastri,McLaren,F47600,mclaren,Oscar,Piastri,Oscar Piastri,https://media.formula1.com/d_driver_fallback_image.png/content/dam/fom-website/drivers/O/OSCPIA01_Oscar_Piastri/oscpia01.png.transform/1col/image.png,,3.0,,,0 days 00:01:04.966000,0 days 00:01:04.556000,0 days 00:01:04.554000,,,,,2025,11,Austrian Grand Prix,2025-06-29
44,L HAMILTON,HAM,hamilton,Ferrari,ED1131,ferrari,Lewis,Hamilton,Lewis Hamilton,https://media.formula1.com/d_driver_fallback_image.png/content/dam/fom-website/drivers/L/LEWHAM01_Lewis_Hamilton/lewham01.png.transform/1col/image.png,,4.0,,,0 days 00:01:05.115000,0 days 00:01:04.896000,0 days 00:01:04.582000,,,,,2025,11,Austrian Grand Prix,2025-06-29
63,G RUSSELL,RUS,russell,Mercedes,00D7B6,mercedes,George,Russell,George Russell,https://media.formula1.com/d_driver_fallback_image.png/content/dam/fom-website/drivers/G/GEORUS01_George_Russell/georus01.png.transform/1col/image.png,,5.0,,,0 days 00:01:05.189000,0 days 00:01:04.860000,0 days 00:01:04.763000,,,,,2025,11,Austrian Grand Prix,2025-06-29
30,L LAWSON,LAW,lawson,Racing Bulls,6C98FF,rb,Liam,Lawson,Liam Lawson,https://media.formula1.com/d_driver_fallback_image.png/content/dam/fom-website/drivers/L/LIALAW01_Liam_Lawson/lialaw01.png.transform/1col/image.png,,6.0,,,0 days 00:01:05.017000,0 days 00:01:05.041000,0 days 00:01:04.926000,,,,,2025,11,Austrian Grand Prix,2025-06-29
1,M VERSTAPPEN,VER,max_verstappen,Red Bull Racing,4781D7,red_bull,Max,Verstappen,Max Verstappen,https://media.formula1.com/d_driver_fallback_image.png/content/dam/fom-website/drivers/M/MAXVER01_Max_Verstappen/maxver01.png.transform/1col/image.png,,7.0,,,0 days 00:01:05.106000,0 days 00:01:04.836000,0 days 00:01:04.929000,,,,,2025,11,Austrian Grand Prix,2025-06-29
5,G BORTOLETO,BOR,bortoleto,Kick Sauber,01C00E,sauber,Gabriel,Bortoleto,Gabriel Bortoleto,https://media.formula1.com/d_driver_fallback_image.png/content/dam/fom-website/drivers/G/GABBOR01_Gabriel_Bortoleto/gabbor01.png.transform/1col/image.png,,8.0,,,0 days 00:01:05.123000,0 days 00:01:04.846000,0 days 00:01:05.132000,,,,,2025,11,Austrian Grand Prix,2025-06-29
12,K ANTONELLI,ANT,antonelli,Mercedes,00D7B6,mercedes,Kimi,Antonelli,Kimi Antonelli,https://media.formula1.com/d_driver_fallback_image.png/content/dam/fom-website/drivers/A/ANDANT01_Andrea%20Kimi_Antonelli/andant01.png.transform/1col/image.png,,9.0,,,0 days 00:01:05.178000,0 days 00:01:05.052000,0 days 00:01:05.276000,,,,,2025,11,Austrian Grand Prix,2025-06-29
10,P GASLY,GAS,gasly,Alpine,00A1E8,alpine,Pierre,Gasly,Pierre Gasly,https://media.formula1.com/d_driver_fallback_image.png/content/dam/fom-website/drivers/P/PIEGAS01_Pierre_Gasly/piegas01.png.transform/1col/image.png,,10.0,,,0 days 00:01:05.054000,0 days 00:01:04.846000,0 days 00:01:05.649000,,,,,2025,11,Austrian Grand Prix,2025-06-29
14,F ALONSO,ALO,alonso,Aston Martin,229971,aston_martin,Fernando,Alonso,Fernando Alonso,https://media.formula1.com/d_driver_fallback_image.png/content/dam/fom-website/drivers/F/FERALO01_Fernando_Alonso/feralo01.png.transform/1col/image.png,,11.0,,,0 days 00:01:05.197000,0 days 00:01:05.128000,,,,,,2025,11,Austrian Grand Prix,2025-06-29
23,A ALBON,ALB,albon,Williams,1868DB,williams,Alexander,Albon,Alexander Albon,https://media.formula1.com/d_driver_fallback_image.png/content/dam/fom-website/drivers/A/ALEALB01_Alexander_Albon/alealb01.png.transform/1col/image.png,,12.0,,,0 days 00:01:05.143000,0 days 00:01:05.205000,,,,,,2025,11,Austrian Grand Prix,2025-06-29
6,I HADJAR,HAD,hadjar,Racing Bulls,6C98FF,rb,Isack,Hadjar,Isack Hadjar,https://media.formula1.com/d_driver_fallback_image.png/content/dam/fom-website/drivers/I/ISAHAD01_Isack_Hadjar/isahad01.png.transform/1col/image.png,,13.0,,,0 days 00:01:05.063000,0 days 00:01:05.226000,,,,,,2025,11,Austrian Grand Prix,2025-06-29
43,F COLAPINTO,COL,colapinto,Alpine,00A1E8,alpine,Franco,Colapinto,Franco Colapinto,None,,14.0,,,0 days 00:01:05.278000,0 days 00:01:05.288000,,,,,,2025,11,Austrian Grand Prix,2025-06-29
87,O BEARMAN,BEA,bearman,Haas F1 Team,9C9FA2,haas,Oliver,Bearman,Oliver Bearman,https://media.formula1.com/d_driver_fallback_image.png/content/dam/fom-website/drivers/O/OLIBEA01_Oliver_Bearman/olibea01.png.transform/1col/image.png,,15.0,,,0 days 00:01:05.218000,0 days 00:01:05.312000,,,,,,2025,11,Austrian Grand Prix,2025-06-29
18,L STROLL,STR,stroll,Aston Martin,229971,aston_martin,Lance,Stroll,Lance Stroll,https://media.formula1.com/d_driver_fallback_image.png/content/dam/fom-website/drivers/L/LANSTR01_Lance_Stroll/lanstr01.png.transform/1col/image.png,,16.0,,,0 days 00:01:05.329000,,,,,,,2025,11,Austrian Grand Prix,2025-06-29
31,E OCON,OCO,ocon,Haas F1 Team,9C9FA2,haas,Esteban,Ocon,Esteban Ocon,https://media.formula1.com/d_driver_fallback_image.png/content/dam/fom-website/drivers/E/ESTOCO01_Esteban_Ocon/estoco01.png.transform/1col/image.png,,17.0,,,0 days 00:01:05.364000,,,,,,,2025,11,Austrian Grand Prix,2025-06-29
22,Y TSUNODA,TSU,tsunoda,Red Bull Racing,4781D7,red_bull,Yuki,Tsunoda,Yuki Tsunoda,https://media.formula1.com/d_driver_fallback_image.png/content/dam/fom-website/drivers/Y/YUKTSU01_Yuki_Tsunoda/yuktsu01.png.transform/1col/image.png,,18.0,,,0 days 00:01:05.369000,,,,,,,2025,11,Austrian Grand Prix,2025-06-29
55,C SAINZ,SAI,sainz,Williams,1868DB,williams,Carlos,Sainz,Carlos Sainz,https://media.formula1.com/d_driver_fallback_image.png/content/dam/fom-website/drivers/C/CARSAI01_Carlos_Sainz/carsai01.png.transform/1col/image.png,,19.0,,,0 days 00:01:05.582000,,,,,,,2025,11,Austrian Grand Prix,2025-06-29
27,N HULKENBERG,HUL,hulkenberg,Kick Sauber,01C00E,sauber,Nico,Hulkenberg,Nico Hulkenberg,https://media.formula1.com/d_driver_fallback_image.png/content/dam/fom-website/drivers/N/NICHUL01_Nico_Hulkenberg/nichul01.png.transform/1col/image.png,,20.0,,,0 days 00:01:05.606000,,,,,,,2025,11,Austrian Grand Prix,2025-06-29
1,M VERSTAPPEN,VER,max_verstappen,Red Bull Racing,4781D7,red_bull,Max,Verstappen,Max Verstappen,https://media.formula1.com/d_driver_fallback_image.png/content/dam/fom-website/drivers/M/MAXVER01_Max_Verstappen/maxver01.png.transform/1col/image.png,,1.0,,,0 days 00:01:25.886000,0 days 00:01:25.316000,0 days 00:01:24.892000,,,,,2025,12,British Grand Prix,2025-07-06
81,O PIASTRI,PIA,piastri,McLaren,F47600,mclaren,Oscar,Piastri,Oscar Piastri,https://media.formula1.com/d_driver_fallback_image.png/content/dam/fom-website/drivers/O/OSCPIA01_Oscar_Piastri/oscpia01.png.transform/1col/image.png,,2.0,,,0 days 00:01:25.963000,0 days 00:01:25.316000,0 days 00:01:24.995000,,,,,2025,12,British Grand Prix,2025-07-06
4,L NORRIS,NOR,norris,McLaren,F47600,mclaren,Lando,Norris,Lando Norris,https://media.formula1.com/d_driver_fallback_image.png/content/dam/fom-website/drivers/L/LANNOR01_Lando_Norris/lannor01.png.transform/1col/image.png,,3.0,,,0 days 00:01:26.123000,0 days 00:01:25.231000,0 days 00:01:25.010000,,,,,2025,12,British Grand Prix,2025-07-06
63,G RUSSELL,RUS,russell,Mercedes,00D7B6,mercedes,George,Russell,George Russell,https://media.formula1.com/d_driver_fallback_image.png/content/dam/fom-website/drivers/G/GEORUS01_George_Russell/georus01.png.transform/1col/image.png,,4.0,,,0 days 00:01:26.236000,0 days 00:01:25.637000,0 days 00:01:25.029000,,,,,2025,12,British Grand Prix,2025-07-06
44,L HAMILTON,HAM,hamilton,Ferrari,ED1131,ferrari,Lewis,Hamilton,Lewis Hamilton,https://media.formula1.com/d_driver_fallback_image.png/content/dam/fom-website/drivers/L/LEWHAM01_Lewis_Hamilton/lewham01.png.transform/1col/image.png,,5.0,,,0 days 00:01:26.296000,0 days 00:01:25.084000,0 days 00:01:25.095000,,,,,2025,12,British Grand Prix,2025-07-06
16,C LECLERC,LEC,leclerc,Ferrari,ED1131,ferrari,Charles,Leclerc,Charles Leclerc,https://media.formula1.com/d_driver_fallback_image.png/content/dam/fom-website/drivers/C/CHALEC01_Charles_Leclerc/chalec01.png.transform/1col/image.png,,6.0,,,0 days 00:01:26.186000,0 days 00:01:25.133000,0 days 00:01:25.121000,,,,,2025,12,British Grand Prix,2025-07-06
12,K ANTONELLI,ANT,antonelli,Mercedes,00D7B6,mercedes,Kimi,Antonelli,Kimi Antonelli,https://media.formula1.com/d_driver_fallback_image.png/content/dam/fom-website/drivers/A/ANDANT01_Andrea%20Kimi_Antonelli/andant01.png.transform/1col/image.png,,7.0,,,0 days 00:01:26.265000,0 days 00:01:25.620000,0 days 00:01:25.374000,,,,,2025,12,British Grand Prix,2025-07-06
87,O BEARMAN,BEA,bearman,Haas F1 Team,9C9FA2,haas,Oliver,Bearman,Oliver Bearman,https://media.formula1.com/d_driver_fallback_image.png/content/dam/fom-website/drivers/O/OLIBEA01_Oliver_Bearman/olibea01.png.transform/1col/image.png,,8.0,,,0 days 00:01:26.005000,0 days 00:01:25.534000,0 days 00:01:25.471000,,,,,2025,12,British Grand Prix,2025-07-06
14,F ALONSO,ALO,alonso,Aston Martin,229971,aston_martin,Fernando,Alonso,Fernando Alonso,https://media.formula1.com/d_driver_fallback_image.png/content/dam/fom-website/drivers/F/FERALO01_Fernando_Alonso/feralo01.png.transform/1col/image.png,,9.0,,,0 days 00:01:26.108000,0 days 00:01:25.593000,0 days 00:01:25.621000,,,,,2025,12,British Grand Prix,2025-07-06
10,P GASLY,GAS,gasly,Alpine,00A1E8,alpine,Pierre,Gasly,Pierre Gasly,https://media.formula1.com/d_driver_fallback_image.png/content/dam/fom-website/drivers/P/PIEGAS01_Pierre_Gasly/piegas01.png.transform/1col/image.png,,10.0,,,0 days 00:01:26.328000,0 days 00:01:25.711000,0 days 00:01:25.785000,,,,,2025,12,British Grand Prix,2025-07-06
55,C SAINZ,SAI,sainz,Williams,1868DB,williams,Carlos,Sainz,Carlos Sainz,https://media.formula1.com/d_driver_fallback_image.png/content/dam/fom-website/drivers/C/CARSAI01_Carlos_Sainz/carsai01.png.transform/1col/image.png,,11.0,,,0 days 00:01:26.175000,0 days 00:01:25.746000,,,,,,2025,12,British Grand Prix,2025-07-06
22,Y TSUNODA,TSU,tsunoda,Red Bull Racing,4781D7,red_bull,Yuki,Tsunoda,Yuki Tsunoda,https://media.formula1.com/d_driver_fallback_image.png/content/dam/fom-website/drivers/Y/YUKTSU01_Yuki_Tsunoda/yuktsu01.png.transform/1col/image.png,,12.0,,,0 days 00:01:26.275000,0 days 00:01:25.826000,,,,,,2025,12,British Grand Prix,2025-07-06
6,I HADJAR,HAD,hadjar,Racing Bulls,6C98FF,rb,Isack,Hadjar,Isack Hadjar,https://media.formula1.com/d_driver_fallback_image.png/content/dam/fom-website/drivers/I/ISAHAD01_Isack_Hadjar/isahad01.png.transform/1col/image.png,,13.0,,,0 days 00:01:26.177000,0 days 00:01:25.864000,,,,,,2025,12,British Grand Prix,2025-07-06
23,A ALBON,ALB,albon,Williams,1868DB,williams,Alexander,Albon,Alexander Albon,https://media.formula1.com/d_driver_fallback_image.png/content/dam/fom-website/drivers/A/ALEALB01_Alexander_Albon/alealb01.png.transform/1col/image.png,,14.0,,,0 days 00:01:26.093000,0 days 00:01:25.889000,,,,,,2025,12,British Grand Prix,2025-07-06
31,E OCON,OCO,ocon,Haas F1 Team,9C9FA2,haas,Esteban,Ocon,Esteban Ocon,https://media.formula1.com/d_driver_fallback_image.png/content/dam/fom-website/drivers/E/ESTOCO01_Esteban_Ocon/estoco01.png.transform/1col/image.png,,15.0,,,0 days 00:01:26.136000,0 days 00:01:25.950000,,,,,,2025,12,British Grand Prix,2025-07-06
30,L LAWSON,LAW,lawson,Racing Bulls,6C98FF,rb,Liam,Lawson,Liam Lawson,https://media.formula1.com/d_driver_fallback_image.png/content/dam/fom-website/drivers/L/LIALAW01_Liam_Lawson/lialaw01.png.transform/1col/image.png,,16.0,,,0 days 00:01:26.440000,,,,,,,2025,12,British Grand Prix,2025-07-06
5,G BORTOLETO,BOR,bortoleto,Kick Sauber,01C00E,sauber,Gabriel,Bortoleto,Gabriel Bortoleto,https://media.formula1.com/d_driver_fallback_image.png/content/dam/fom-website/drivers/G/GABBOR01_Gabriel_Bortoleto/gabbor01.png.transform/1col/image.png,,17.0,,,0 days 00:01:26.446000,,,,,,,2025,12,British Grand Prix,2025-07-06
18,L STROLL,STR,stroll,Aston Martin,229971,aston_martin,Lance,Stroll,Lance Stroll,https://media.formula1.com/d_driver_fallback_image.png/content/dam/fom-website/drivers/L/LANSTR01_Lance_Stroll/lanstr01.png.transform/1col/image.png,,18.0,,,0 days 00:01:26.504000,,,,,,,2025,12,British Grand Prix,2025-07-06
27,N HULKENBERG,HUL,hulkenberg,Kick Sauber,01C00E,sauber,Nico,Hulkenberg,Nico Hulkenberg,https://media.formula1.com/d_driver_fallback_image.png/content/dam/fom-website/drivers/N/NICHUL01_Nico_Hulkenberg/nichul01.png.transform/1col/image.png,,19.0,,,0 days 00:01:26.574000,,,,,,,2025,12,British Grand Prix,2025-07-06
43,F COLAPINTO,COL,colapinto,Alpine,00A1E8,alpine,Franco,Colapinto,Franco Colapinto,None,,20.0,,,0 days 00:01:27.060000,,,,,,,2025,12,British Grand Prix,2025-07-06
4,L NORRIS,NOR,norris,McLaren,F47600,mclaren,Lando,Norris,Lando Norris,https://media.formula1.com/d_driver_fallback_image.png/content/dam/fom-website/drivers/L/LANNOR01_Lando_Norris/lannor01.png.transform/1col/image.png,,1.0,,,0 days 00:01:41.010000,0 days 00:01:40.715000,0 days 00:01:40.562000,,,,,2025,13,Belgian Grand Prix,2025-07-27
81,O PIASTRI,PIA,piastri,McLaren,F47600,mclaren,Oscar,Piastri,Oscar Piastri,https://media.formula1.com/d_driver_fallback_image.png/content/dam/fom-website/drivers/O/OSCPIA01_Oscar_Piastri/oscpia01.png.transform/1col/image.png,,2.0,,,0 days 00:01:41.201000,0 days 00:01:40.626000,0 days 00:01:40.647000,,,,,2025,13,Belgian Grand Prix,2025-07-27
16,C LECLERC,LEC,leclerc,Ferrari,ED1131,ferrari,Charles,Leclerc,Charles Leclerc,https://media.formula1.com/d_driver_fallback_image.png/content/dam/fom-website/drivers/C/CHALEC01_Charles_Leclerc/chalec01.png.transform/1col/image.png,,3.0,,,0 days 00:01:41.635000,0 days 00:01:41.084000,0 days 00:01:40.900000,,,,,2025,13,Belgian Grand Prix,2025-07-27
1,M VERSTAPPEN,VER,max_verstappen,Red Bull Racing,4781D7,red_bull,Max,Verstappen,Max Verstappen,https://media.formula1.com/d_driver_fallback_image.png/content/dam/fom-website/drivers/M/MAXVER01_Max_Verstappen/maxver01.png.transform/1col/image.png,,4.0,,,0 days 00:01:41.334000,0 days 00:01:40.951000,0 days 00:01:40.903000,,,,,2025,13,Belgian Grand Prix,2025-07-27
23,A ALBON,ALB,albon,Williams,1868DB,williams,Alexander,Albon,Alexander Albon,https://media.formula1.com/d_driver_fallback_image.png/content/dam/fom-website/drivers/A/ALEALB01_Alexander_Albon/alealb01.png.transform/1col/image.png,,5.0,,,0 days 00:01:41.772000,0 days 00:01:41.505000,0 days 00:01:41.201000,,,,,2025,13,Belgian Grand Prix,2025-07-27
63,G RUSSELL,RUS,russell,Mercedes,00D7B6,mercedes,George,Russell,George Russell,https://media.formula1.com/d_driver_fallback_image.png/content/dam/fom-website/drivers/G/GEORUS01_George_Russell/georus01.png.transform/1col/image.png,,6.0,,,0 days 00:01:41.784000,0 days 00:01:41.254000,0 days 00:01:41.260000,,,,,2025,13,Belgian Grand Prix,2025-07-27
22,Y TSUNODA,TSU,tsunoda,Red Bull Racing,4781D7,red_bull,Yuki,Tsunoda,Yuki Tsunoda,https://media.formula1.com/d_driver_fallback_image.png/content/dam/fom-website/drivers/Y/YUKTSU01_Yuki_Tsunoda/yuktsu01.png.transform/1col/image.png,,7.0,,,0 days 00:01:41.840000,0 days 00:01:41.245000,0 days 00:01:41.284000,,,,,2025,13,Belgian Grand Prix,2025-07-27
6,I HADJAR,HAD,hadjar,Racing Bulls,6C98FF,rb,Isack,Hadjar,Isack Hadjar,https://media.formula1.com/d_driver_fallback_image.png/content/dam/fom-website/drivers/I/ISAHAD01_Isack_Hadjar/isahad01.png.transform/1col/image.png,,8.0,,,0 days 00:01:41.572000,0 days 00:01:41.281000,0 days 00:01:41.310000,,,,,2025,13,Belgian Grand Prix,2025-07-27
30,L LAWSON,LAW,lawson,Racing Bulls,6C98FF,rb,Liam,Lawson,Liam Lawson,https://media.formula1.com/d_driver_fallback_image.png/content/dam/fom-website/drivers/L/LIALAW01_Liam_Lawson/lialaw01.png.transform/1col/image.png,,9.0,,,0 days 00:01:41.748000,0 days 00:01:41.297000,0 days 00:01:41.328000,,,,,2025,13,Belgian Grand Prix,2025-07-27
5,G BORTOLETO,BOR,bortoleto,Kick Sauber,01C00E,sauber,Gabriel,Bortoleto,Gabriel Bortoleto,https://media.formula1.com/d_driver_fallback_image.png/content/dam/fom-website/drivers/G/GABBOR01_Gabriel_Bortoleto/gabbor01.png.transform/1col/image.png,,10.0,,,0 days 00:01:41.908000,0 days 00:01:41.336000,0 days 00:01:42.387000,,,,,2025,13,Belgian Grand Prix,2025-07-27
31,E OCON,OCO,ocon,Haas F1 Team,9C9FA2,haas,Esteban,Ocon,Esteban Ocon,https://media.formula1.com/d_driver_fallback_image.png/content/dam/fom-website/drivers/E/ESTOCO01_Esteban_Ocon/estoco01.png.transform/1col/image.png,,11.0,,,0 days 00:01:41.884000,0 days 00:01:41.525000,,,,,,2025,13,Belgian Grand Prix,2025-07-27
87,O BEARMAN,BEA,bearman,Haas F1 Team,9C9FA2,haas,Oliver,Bearman,Oliver Bearman,https://media.formula1.com/d_driver_fallback_image.png/content/dam/fom-website/drivers/O/OLIBEA01_Oliver_Bearman/olibea01.png.transform/1col/image.png,,12.0,,,0 days 00:01:41.617000,0 days 00:01:41.617000,,,,,,2025,13,Belgian Grand Prix,2025-07-27
10,P GASLY,GAS,gasly,Alpine,00A1E8,alpine,Pierre,Gasly,Pierre Gasly,https://media.formula1.com/d_driver_fallback_image.png/content/dam/fom-website/drivers/P/PIEGAS01_Pierre_Gasly/piegas01.png.transform/1col/image.png,,13.0,,,0 days 00:01:41.800000,0 days 00:01:41.633000,,,,,,2025,13,Belgian Grand Prix,2025-07-27
27,N HULKENBERG,HUL,hulkenberg,Kick Sauber,01C00E,sauber,Nico,Hulkenberg,Nico Hulkenberg,https://media.formula1.com/d_driver_fallback_image.png/content/dam/fom-website/drivers/N/NICHUL01_Nico_Hulkenberg/nichul01.png.transform/1col/image.png,,14.0,,,0 days 00:01:41.844000,0 days 00:01:41.707000,,,,,,2025,13,Belgian Grand Prix,2025-07-27
55,C SAINZ,SAI,sainz,Williams,1868DB,williams,Carlos,Sainz,Carlos Sainz,https://media.formula1.com/d_driver_fallback_image.png/content/dam/fom-website/drivers/C/CARSAI01_Carlos_Sainz/carsai01.png.transform/1col/image.png,,15.0,,,0 days 00:01:41.691000,0 days 00:01:41.758000,,,,,,2025,13,Belgian Grand Prix,2025-07-27
44,L HAMILTON,HAM,hamilton,Ferrari,ED1131,ferrari,Lewis,Hamilton,Lewis Hamilton,https://media.formula1.com/d_driver_fallback_image.png/content/dam/fom-website/drivers/L/LEWHAM01_Lewis_Hamilton/lewham01.png.transform/1col/image.png,,16.0,,,0 days 00:01:41.939000,,,,,,,2025,13,Belgian Grand Prix,2025-07-27
43,F COLAPINTO,COL,colapinto,Alpine,00A1E8,alpine,Franco,Colapinto,Franco Colapinto,None,,17.0,,,0 days 00:01:42.022000,,,,,,,2025,13,Belgian Grand Prix,2025-07-27
12,K ANTONELLI,ANT,antonelli,Mercedes,00D7B6,mercedes,Kimi,Antonelli,Kimi Antonelli,https://media.formula1.com/d_driver_fallback_image.png/content/dam/fom-website/drivers/A/ANDANT01_Andrea%20Kimi_Antonelli/andant01.png.transform/1col/image.png,,18.0,,,0 days 00:01:42.139000,,,,,,,2025,13,Belgian Grand Prix,2025-07-27
14,F ALONSO,ALO,alonso,Aston Martin,229971,aston_martin,Fernando,Alonso,Fernando Alonso,https://media.formula1.com/d_driver_fallback_image.png/content/dam/fom-website/drivers/F/FERALO01_Fernando_Alonso/feralo01.png.transform/1col/image.png,,19.0,,,0 days 00:01:42.385000,,,,,,,2025,13,Belgian Grand Prix,2025-07-27
18,L STROLL,STR,stroll,Aston Martin,229971,aston_martin,Lance,Stroll,Lance Stroll,https://media.formula1.com/d_driver_fallback_image.png/content/dam/fom-website/drivers/L/LANSTR01_Lance_Stroll/lanstr01.png.transform/1col/image.png,,20.0,,,0 days 00:01:42.502000,,,,,,,2025,13,Belgian Grand Prix,2025-07-27
16,C LECLERC,LEC,leclerc,Ferrari,ED1131,ferrari,Charles,Leclerc,Charles Leclerc,https://media.formula1.com/d_driver_fallback_image.png/content/dam/fom-website/drivers/C/CHALEC01_Charles_Leclerc/chalec01.png.transform/1col/image.png,,1.0,,,0 days 00:01:15.582000,0 days 00:01:15.455000,0 days 00:01:15.372000,,,,,2025,14,Hungarian Grand Prix,2025-08-03
81,O PIASTRI,PIA,piastri,McLaren,F47600,mclaren,Oscar,Piastri,Oscar Piastri,https://media.formula1.com/d_driver_fallback_image.png/content/dam/fom-website/drivers/O/OSCPIA01_Oscar_Piastri/oscpia01.png.transform/1col/image.png,,2.0,,,0 days 00:01:15.211000,0 days 00:01:14.941000,0 days 00:01:15.398000,,,,,2025,14,Hungarian Grand Prix,2025-08-03
4,L NORRIS,NOR,norris,McLaren,F47600,mclaren,Lando,Norris,Lando Norris,https://media.formula1.com/d_driver_fallback_image.png/content/dam/fom-website/drivers/L/LANNOR01_Lando_Norris/lannor01.png.transform/1col/image.png,,3.0,,,0 days 00:01:15.523000,0 days 00:01:14.890000,0 days 00:01:15.413000,,,,,2025,14,Hungarian Grand Prix,2025-08-03
63,G RUSSELL,RUS,russell,Mercedes,00D7B6,mercedes,George,Russell,George Russell,https://media.formula1.com/d_driver_fallback_image.png/content/dam/fom-website/drivers/G/GEORUS01_George_Russell/georus01.png.transform/1col/image.png,,4.0,,,0 days 00:01:15.627000,0 days 00:01:15.201000,0 days 00:01:15.425000,,,,,2025,14,Hungarian Grand Prix,2025-08-03
14,F ALONSO,ALO,alonso,Aston Martin,229971,aston_martin,Fernando,Alonso,Fernando Alonso,https://media.formula1.com/d_driver_fallback_image.png/content/dam/fom-website/drivers/F/FERALO01_Fernando_Alonso/feralo01.png.transform/1col/image.png,,5.0,,,0 days 00:01:15.281000,0 days 00:01:15.395000,0 days 00:01:15.481000,,,,,2025,14,Hungarian Grand Prix,2025-08-03
18,L STROLL,STR,stroll,Aston Martin,229971,aston_martin,Lance,Stroll,Lance Stroll,https://media.formula1.com/d_driver_fallback_image.png/content/dam/fom-website/drivers/L/LANSTR01_Lance_Stroll/lanstr01.png.transform/1col/image.png,,6.0,,,0 days 00:01:15.673000,0 days 00:01:15.129000,0 days 00:01:15.498000,,,,,2025,14,Hungarian Grand Prix,2025-08-03
5,G BORTOLETO,BOR,bortoleto,Kick Sauber,01C00E,sauber,Gabriel,Bortoleto,Gabriel Bortoleto,https://media.formula1.com/d_driver_fallback_image.png/content/dam/fom-website/drivers/G/GABBOR01_Gabriel_Bortoleto/gabbor01.png.transform/1col/image.png,,7.0,,,0 days 00:01:15.586000,0 days 00:01:15.687000,0 days 00:01:15.725000,,,,,2025,14,Hungarian Grand Prix,2025-08-03
1,M VERSTAPPEN,VER,max_verstappen,Red Bull Racing,4781D7,red_bull,Max,Verstappen,Max Verstappen,https://media.formula1.com/d_driver_fallback_image.png/content/dam/fom-website/drivers/M/MAXVER01_Max_Verstappen/maxver01.png.transform/1col/image.png,,8.0,,,0 days 00:01:15.736000,0 days 00:01:15.547000,0 days 00:01:15.728000,,,,,2025,14,Hungarian Grand Prix,2025-08-03
30,L LAWSON,LAW,lawson,Racing Bulls,6C98FF,rb,Liam,Lawson,Liam Lawson,https://media.formula1.com/d_driver_fallback_image.png/content/dam/fom-website/drivers/L/LIALAW01_Liam_Lawson/lialaw01.png.transform/1col/image.png,,9.0,,,0 days 00:01:15.849000,0 days 00:01:15.630000,0 days 00:01:15.821000,,,,,2025,14,Hungarian Grand Prix,2025-08-03
6,I HADJAR,HAD,hadjar,Racing Bulls,6C98FF,rb,Isack,Hadjar,Isack Hadjar,https://media.formula1.com/d_driver_fallback_image.png/content/dam/fom-website/drivers/I/ISAHAD01_Isack_Hadjar/isahad01.png.transform/1col/image.png,,10.0,,,0 days 00:01:15.516000,0 days 00:01:15.469000,0 days 00:01:15.915000,,,,,2025,14,Hungarian Grand Prix,2025-08-03
87,O BEARMAN,BEA,bearman,Haas F1 Team,9C9FA2,haas,Oliver,Bearman,Oliver Bearman,https://media.formula1.com/d_driver_fallback_image.png/content/dam/fom-website/drivers/O/OLIBEA01_Oliver_Bearman/olibea01.png.transform/1col/image.png,,11.0,,,0 days 00:01:15.750000,0 days 00:01:15.694000,,,,,,2025,14,Hungarian Grand Prix,2025-08-03
44,L HAMILTON,HAM,hamilton,Ferrari,ED1131,ferrari,Lewis,Hamilton,Lewis Hamilton,https://media.formula1.com/d_driver_fallback_image.png/content/dam/fom-website/drivers/L/LEWHAM01_Lewis_Hamilton/lewham01.png.transform/1col/image.png,,12.0,,,0 days 00:01:15.733000,0 days 00:01:15.702000,,,,,,2025,14,Hungarian Grand Prix,2025-08-03
55,C SAINZ,SAI,sainz,Williams,1868DB,williams,Carlos,Sainz,Carlos Sainz,https://media.formula1.com/d_driver_fallback_image.png/content/dam/fom-website/drivers/C/CARSAI01_Carlos_Sainz/carsai01.png.transform/1col/image.png,,13.0,,,0 days 00:01:15.652000,0 days 00:01:15.781000,,,,,,2025,14,Hungarian Grand Prix,2025-08-03
43,F COLAPINTO,COL,colapinto,Alpine,00A1E8,alpine,Franco,Colapinto,Franco Colapinto,None,,14.0,,,0 days 00:01:15.875000,0 days 00:01:16.159000,,,,,,2025,14,Hungarian Grand Prix,2025-08-03
12,K ANTONELLI,ANT,antonelli,Mercedes,00D7B6,mercedes,Kimi,Antonelli,Kimi Antonelli,https://media.formula1.com/d_driver_fallback_image.png/content/dam/fom-website/drivers/A/ANDANT01_Andrea%20Kimi_Antonelli/andant01.png.transform/1col/image.png,,15.0,,,0 days 00:01:15.782000,0 days 00:01:16.386000,,,,,,2025,14,Hungarian Grand Prix,2025-08-03
22,Y TSUNODA,TSU,tsunoda,Red Bull Racing,4781D7,red_bull,Yuki,Tsunoda,Yuki Tsunoda,https://media.formula1.com/d_driver_fallback_image.png/content/dam/fom-website/drivers/Y/YUKTSU01_Yuki_Tsunoda/yuktsu01.png.transform/1col/image.png,,16.0,,,0 days 00:01:15.899000,,,,,,,2025,14,Hungarian Grand Prix,2025-08-03
10,P GASLY,GAS,gasly,Alpine,00A1E8,alpine,Pierre,Gasly,Pierre Gasly,https://media.formula1.com/d_driver_fallback_image.png/content/dam/fom-website/drivers/P/PIEGAS01_Pierre_Gasly/piegas01.png.transform/1col/image.png,,17.0,,,0 days 00:01:15.966000,,,,,,,2025,14,Hungarian Grand Prix,2025-08-03
31,E OCON,OCO,ocon,Haas F1 Team,9C9FA2,haas,Esteban,Ocon,Esteban Ocon,https://media.formula1.com/d_driver_fallback_image.png/content/dam/fom-website/drivers/E/ESTOCO01_Esteban_Ocon/estoco01.png.transform/1col/image.png,,18.0,,,0 days 00:01:16.023000,,,,,,,2025,14,Hungarian Grand Prix,2025-08-03
27,N HULKENBERG,HUL,hulkenberg,Kick Sauber,01C00E,sauber,Nico,Hulkenberg,Nico Hulkenberg,https://media.formula1.com/d_driver_fallback_image.png/content/dam/fom-website/drivers/N/NICHUL01_Nico_Hulkenberg/nichul01.png.transform/1col/image.png,,19.0,,,0 days 00:01:16.081000,,,,,,,2025,14,Hungarian Grand Prix,2025-08-03
23,A ALBON,ALB,albon,Williams,1868DB,williams,Alexander,Albon,Alexander Albon,https://media.formula1.com/d_driver_fallback_image.png/content/dam/fom-website/drivers/A/ALEALB01_Alexander_Albon/alealb01.png.transform/1col/image.png,,20.0,,,0 days 00:01:16.223000,,,,,,,2025,14,Hungarian Grand Prix,2025-08-03
81,O PIASTRI,PIA,piastri,McLaren,F47600,mclaren,Oscar,Piastri,Oscar Piastri,https://media.formula1.com/d_driver_fallback_image.png/content/dam/fom-website/drivers/O/OSCPIA01_Oscar_Piastri/oscpia01.png.transform/1col/image.png,,1.0,,,0 days 00:01:09.338000,0 days 00:01:08.964000,0 days 00:01:08.662000,,,,,2025,15,Dutch Grand Prix,2025-08-31
4,L NORRIS,NOR,norris,McLaren,F47600,mclaren,Lando,Norris,Lando Norris,https://media.formula1.com/d_driver_fallback_image.png/content/dam/fom-website/drivers/L/LANNOR01_Lando_Norris/lannor01.png.transform/1col/image.png,,2.0,,,0 days 00:01:09.469000,0 days 00:01:08.874000,0 days 00:01:08.674000,,,,,2025,15,Dutch Grand Prix,2025-08-31
1,M VERSTAPPEN,VER,max_verstappen,Red Bull Racing,4781D7,red_bull,Max,Verstappen,Max Verstappen,https://media.formula1.com/d_driver_fallback_image.png/content/dam/fom-website/drivers/M/MAXVER01_Max_Verstappen/maxver01.png.transform/1col/image.png,,3.0,,,0 days 00:01:09.696000,0 days 00:01:09.122000,0 days 00:01:08.925000,,,,,2025,15,Dutch Grand Prix,2025-08-31
6,I HADJAR,HAD,hadjar,Racing Bulls,6C98FF,rb,Isack,Hadjar,Isack Hadjar,https://media.formula1.com/d_driver_fallback_image.png/content/dam/fom-website/drivers/I/ISAHAD01_Isack_Hadjar/isahad01.png.transform/1col/image.png,,4.0,,,0 days 00:01:09.966000,0 days 00:01:09.439000,0 days 00:01:09.208000,,,,,2025,15,Dutch Grand Prix,2025-08-31
63,G RUSSELL,RUS,russell,Mercedes,00D7B6,mercedes,George,Russell,George Russell,https://media.formula1.com/d_driver_fallback_image.png/content/dam/fom-website/drivers/G/GEORUS01_George_Russell/georus01.png.transform/1col/image.png,,5.0,,,0 days 00:01:09.676000,0 days 00:01:09.313000,0 days 00:01:09.255000,,,,,2025,15,Dutch Grand Prix,2025-08-31
16,C LECLERC,LEC,leclerc,Ferrari,ED1131,ferrari,Charles,Leclerc,Charles Leclerc,https://media.formula1.com/d_driver_fallback_image.png/content/dam/fom-website/drivers/C/CHALEC01_Charles_Leclerc/chalec01.png.transform/1col/image.png,,6.0,,,0 days 00:01:09.906000,0 days 00:01:09.304000,0 days 00:01:09.340000,,,,,2025,15,Dutch Grand Prix,2025-08-31
44,L HAMILTON,HAM,hamilton,Ferrari,ED1131,ferrari,Lewis,Hamilton,Lewis Hamilton,https://media.formula1.com/d_driver_fallback_image.png/content/dam/fom-website/drivers/L/LEWHAM01_Lewis_Hamilton/lewham01.png.transform/1col/image.png,,7.0,,,0 days 00:01:09.900000,0 days 00:01:09.261000,0 days 00:01:09.390000,,,,,2025,15,Dutch Grand Prix,2025-08-31
30,L LAWSON,LAW,lawson,Racing Bulls,6C98FF,rb,Liam,Lawson,Liam Lawson,https://media.formula1.com/d_driver_fallback_image.png/content/dam/fom-website/drivers/L/LIALAW01_Liam_Lawson/lialaw01.png.transform/1col/image.png,,8.0,,,0 days 00:01:09.779000,0 days 00:01:09.383000,0 days 00:01:09.500000,,,,,2025,15,Dutch Grand Prix,2025-08-31
55,C SAINZ,SAI,sainz,Williams,1868DB,williams,Carlos,Sainz,Carlos Sainz,https://media.formula1.com/d_driver_fallback_image.png/content/dam/fom-website/drivers/C/CARSAI01_Carlos_Sainz/carsai01.png.transform/1col/image.png,,9.0,,,0 days 00:01:09.980000,0 days 00:01:09.472000,0 days 00:01:09.505000,,,,,2025,15,Dutch Grand Prix,2025-08-31
14,F ALONSO,ALO,alonso,Aston Martin,229971,aston_martin,Fernando,Alonso,Fernando Alonso,https://media.formula1.com/d_driver_fallback_image.png/content/dam/fom-website/drivers/F/FERALO01_Fernando_Alonso/feralo01.png.transform/1col/image.png,,10.0,,,0 days 00:01:09.950000,0 days 00:01:09.366000,0 days 00:01:09.630000,,,,,2025,15,Dutch Grand Prix,2025-08-31
12,K ANTONELLI,ANT,antonelli,Mercedes,00D7B6,mercedes,Kimi,Antonelli,Kimi Antonelli,https://media.formula1.com/d_driver_fallback_image.png/content/dam/fom-website/drivers/A/ANDANT01_Andrea%20Kimi_Antonelli/andant01.png.transform/1col/image.png,,11.0,,,0 days 00:01:09.845000,0 days 00:01:09.493000,,,,,,2025,15,Dutch Grand Prix,2025-08-31
22,Y TSUNODA,TSU,tsunoda,Red Bull Racing,4781D7,red_bull,Yuki,Tsunoda,Yuki Tsunoda,https://media.formula1.com/d_driver_fallback_image.png/content/dam/fom-website/drivers/Y/YUKTSU01_Yuki_Tsunoda/yuktsu01.png.transform/1col/image.png,,12.0,,,0 days 00:01:09.954000,0 days 00:01:09.622000,,,,,,2025,15,Dutch Grand Prix,2025-08-31
5,G BORTOLETO,BOR,bortoleto,Kick Sauber,01C00E,sauber,Gabriel,Bortoleto,Gabriel Bortoleto,https://media.formula1.com/d_driver_fallback_image.png/content/dam/fom-website/drivers/G/GABBOR01_Gabriel_Bortoleto/gabbor01.png.transform/1col/image.png,,13.0,,,0 days 00:01:10.037000,0 days 00:01:09.622000,,,,,,2025,15,Dutch Grand Prix,2025-08-31
10,P GASLY,GAS,gasly,Alpine,00A1E8,alpine,Pierre,Gasly,Pierre Gasly,https://media.formula1.com/d_driver_fallback_image.png/content/dam/fom-website/drivers/P/PIEGAS01_Pierre_Gasly/piegas01.png.transform/1col/image.png,,14.0,,,0 days 00:01:09.894000,0 days 00:01:09.637000,,,,,,2025,15,Dutch Grand Prix,2025-08-31
23,A ALBON,ALB,albon,Williams,1868DB,williams,Alexander,Albon,Alexander Albon,https://media.formula1.com/d_driver_fallback_image.png/content/dam/fom-website/drivers/A/ALEALB01_Alexander_Albon/alealb01.png.transform/1col/image.png,,15.0,,,0 days 00:01:09.792000,0 days 00:01:09.652000,,,,,,2025,15,Dutch Grand Prix,2025-08-31
43,F COLAPINTO,COL,colapinto,Alpine,00A1E8,alpine,Franco,Colapinto,Franco Colapinto,None,,16.0,,,0 days 00:01:10.104000,,,,,,,2025,15,Dutch Grand Prix,2025-08-31
27,N HULKENBERG,HUL,hulkenberg,Kick Sauber,01C00E,sauber,Nico,Hulkenberg,Nico Hulkenberg,https://media.formula1.com/d_driver_fallback_image.png/content/dam/fom-website/drivers/N/NICHUL01_Nico_Hulkenberg/nichul01.png.transform/1col/image.png,,17.0,,,0 days 00:01:10.195000,,,,,,,2025,15,Dutch Grand Prix,2025-08-31
31,E OCON,OCO,ocon,Haas F1 Team,9C9FA2,haas,Esteban,Ocon,Esteban Ocon,https://media.formula1.com/d_driver_fallback_image.png/content/dam/fom-website/drivers/E/ESTOCO01_Esteban_Ocon/estoco01.png.transform/1col/image.png,,18.0,,,0 days 00:01:10.197000,,,,,,,2025,15,Dutch Grand Prix,2025-08-31
87,O BEARMAN,BEA,bearman,Haas F1 Team,9C9FA2,haas,Oliver,Bearman,Oliver Bearman,https://media.formula1.com/d_driver_fallback_image.png/content/dam/fom-website/drivers/O/OLIBEA01_Oliver_Bearman/olibea01.png.transform/1col/image.png,,19.0,,,0 days 00:01:10.262000,,,,,,,2025,15,Dutch Grand Prix,2025-08-31
18,L STROLL,STR,stroll,Aston Martin,229971,aston_martin,Lance,Stroll,Lance Stroll,https://media.formula1.com/d_driver_fallback_image.png/content/dam/fom-website/drivers/L/LANSTR01_Lance_Stroll/lanstr01.png.transform/1col/image.png,,20.0,,,,,,,,,,2025,15,Dutch Grand Prix,2025-08-31
1,M VERSTAPPEN,VER,max_verstappen,Red Bull Racing,4781D7,red_bull,Max,Verstappen,Max Verstappen,https://media.formula1.com/d_driver_fallback_image.png/content/dam/fom-website/drivers/M/MAXVER01_Max_Verstappen/maxver01.png.transform/1col/image.png,,1.0,,,0 days 00:01:19.455000,0 days 00:01:19.140000,0 days 00:01:18.792000,,,,,2025,16,Italian Grand Prix,2025-09-07
4,L NORRIS,NOR,norris,McLaren,F47600,mclaren,Lando,Norris,Lando Norris,https://media.formula1.com/d_driver_fallback_image.png/content/dam/fom-website/drivers/L/LANNOR01_Lando_Norris/lannor01.png.transform/1col/image.png,,2.0,,,0 days 00:01:19.517000,0 days 00:01:19.293000,0 days 00:01:18.869000,,,,,2025,16,Italian Grand Prix,2025-09-07
81,O PIASTRI,PIA,piastri,McLaren,F47600,mclaren,Oscar,Piastri,Oscar Piastri,https://media.formula1.com/d_driver_fallback_image.png/content/dam/fom-website/drivers/O/OSCPIA01_Oscar_Piastri/oscpia01.png.transform/1col/image.png,,3.0,,,0 days 00:01:19.711000,0 days 00:01:19.286000,0 days 00:01:18.982000,,,,,2025,16,Italian Grand Prix,2025-09-07
16,C LECLERC,LEC,leclerc,Ferrari,ED1131,ferrari,Charles,Leclerc,Charles Leclerc,https://media.formula1.com/d_driver_fallback_image.png/content/dam/fom-website/drivers/C/CHALEC01_Charles_Leclerc/chalec01.png.transform/1col/image.png,,4.0,,,0 days 00:01:19.689000,0 days 00:01:19.310000,0 days 00:01:19.007000,,,,,2025,16,Italian Grand Prix,2025-09-07
44,L HAMILTON,HAM,hamilton,Ferrari,ED1131,ferrari,Lewis,Hamilton,Lewis Hamilton,https://media.formula1.com/d_driver_fallback_image.png/content/dam/fom-website/drivers/L/LEWHAM01_Lewis_Hamilton/lewham01.png.transform/1col/image.png,,5.0,,,0 days 00:01:19.765000,0 days 00:01:19.371000,0 days 00:01:19.124000,,,,,2025,16,Italian Grand Prix,2025-09-07
63,G RUSSELL,RUS,russell,Mercedes,00D7B6,mercedes,George,Russell,George Russell,https://media.formula1.com/d_driver_fallback_image.png/content/dam/fom-website/drivers/G/GEORUS01_George_Russell/georus01.png.transform/1col/image.png,,6.0,,,0 days 00:01:19.414000,0 days 00:01:19.287000,0 days 00:01:19.157000,,,,,2025,16,Italian Grand Prix,2025-09-07
12,K ANTONELLI,ANT,antonelli,Mercedes,00D7B6,mercedes,Kimi,Antonelli,Kimi Antonelli,https://media.formula1.com/d_driver_fallback_image.png/content/dam/fom-website/drivers/A/ANDANT01_Andrea%20Kimi_Antonelli/andant01.png.transform/1col/image.png,,7.0,,,0 days 00:01:19.747000,0 days 00:01:19.245000,0 days 00:01:19.200000,,,,,2025,16,Italian Grand Prix,2025-09-07
5,G BORTOLETO,BOR,bortoleto,Kick Sauber,01C00E,sauber,Gabriel,Bortoleto,Gabriel Bortoleto,https://media.formula1.com/d_driver_fallback_image.png/content/dam/fom-website/drivers/G/GABBOR01_Gabriel_Bortoleto/gabbor01.png.transform/1col/image.png,,8.0,,,0 days 00:01:19.688000,0 days 00:01:19.323000,0 days 00:01:19.390000,,,,,2025,16,Italian Grand Prix,2025-09-07
14,F ALONSO,ALO,alonso,Aston Martin,229971,aston_martin,Fernando,Alonso,Fernando Alonso,https://media.formula1.com/d_driver_fallback_image.png/content/dam/fom-website/drivers/F/FERALO01_Fernando_Alonso/feralo01.png.transform/1col/image.png,,9.0,,,0 days 00:01:19.658000,0 days 00:01:19.362000,0 days 00:01:19.424000,,,,,2025,16,Italian Grand Prix,2025-09-07
22,Y TSUNODA,TSU,tsunoda,Red Bull Racing,4781D7,red_bull,Yuki,Tsunoda,Yuki Tsunoda,https://media.formula1.com/d_driver_fallback_image.png/content/dam/fom-website/drivers/Y/YUKTSU01_Yuki_Tsunoda/yuktsu01.png.transform/1col/image.png,,10.0,,,0 days 00:01:19.619000,0 days 00:01:19.433000,0 days 00:01:19.519000,,,,,2025,16,Italian Grand Prix,2025-09-07
87,O BEARMAN,BEA,bearman,Haas F1 Team,9C9FA2,haas,Oliver,Bearman,Oliver Bearman,https://media.formula1.com/d_driver_fallback_image.png/content/dam/fom-website/drivers/O/OLIBEA01_Oliver_Bearman/olibea01.png.transform/1col/image.png,,11.0,,,0 days 00:01:19.688000,0 days 00:01:19.446000,,,,,,2025,16,Italian Grand Prix,2025-09-07
27,N HULKENBERG,HUL,hulkenberg,Kick Sauber,01C00E,sauber,Nico,Hulkenberg,Nico Hulkenberg,https://media.formula1.com/d_driver_fallback_image.png/content/dam/fom-website/drivers/N/NICHUL01_Nico_Hulkenberg/nichul01.png.transform/1col/image.png,,12.0,,,0 days 00:01:19.777000,0 days 00:01:19.498000,,,,,,2025,16,Italian Grand Prix,2025-09-07
55,C SAINZ,SAI,sainz,Williams,1868DB,williams,Carlos,Sainz,Carlos Sainz,https://media.formula1.com/d_driver_fallback_image.png/content/dam/fom-website/drivers/C/CARSAI01_Carlos_Sainz/carsai01.png.transform/1col/image.png,,13.0,,,0 days 00:01:19.644000,0 days 00:01:19.528000,,,,,,2025,16,Italian Grand Prix,2025-09-07
23,A ALBON,ALB,albon,Williams,1868DB,williams,Alexander,Albon,Alexander Albon,https://media.formula1.com/d_driver_fallback_image.png/content/dam/fom-website/drivers/A/ALEALB01_Alexander_Albon/alealb01.png.transform/1col/image.png,,14.0,,,0 days 00:01:19.837000,0 days 00:01:19.583000,,,,,,2025,16,Italian Grand Prix,2025-09-07
31,E OCON,OCO,ocon,Haas F1 Team,9C9FA2,haas,Esteban,Ocon,Esteban Ocon,https://media.formula1.com/d_driver_fallback_image.png/content/dam/fom-website/drivers/E/ESTOCO01_Esteban_Ocon/estoco01.png.transform/1col/image.png,,15.0,,,0 days 00:01:19.816000,0 days 00:01:19.707000,,,,,,2025,16,Italian Grand Prix,2025-09-07
6,I HADJAR,HAD,hadjar,Racing Bulls,6C98FF,rb,Isack,Hadjar,Isack Hadjar,https://media.formula1.com/d_driver_fallback_image.png/content/dam/fom-website/drivers/I/ISAHAD01_Isack_Hadjar/isahad01.png.transform/1col/image.png,,16.0,,,0 days 00:01:19.917000,,,,,,,2025,16,Italian Grand Prix,2025-09-07
18,L STROLL,STR,stroll,Aston Martin,229971,aston_martin,Lance,Stroll,Lance Stroll,https://media.formula1.com/d_driver_fallback_image.png/content/dam/fom-website/drivers/L/LANSTR01_Lance_Stroll/lanstr01.png.transform/1col/image.png,,17.0,,,0 days 00:01:19.948000,,,,,,,2025,16,Italian Grand Prix,2025-09-07
43,F COLAPINTO,COL,colapinto,Alpine,00A1E8,alpine,Franco,Colapinto,Franco Colapinto,None,,18.0,,,0 days 00:01:19.992000,,,,,,,2025,16,Italian Grand Prix,2025-09-07
10,P GASLY,GAS,gasly,Alpine,00A1E8,alpine,Pierre,Gasly,Pierre Gasly,https://media.formula1.com/d_driver_fallback_image.png/content/dam/fom-website/drivers/P/PIEGAS01_Pierre_Gasly/piegas01.png.transform/1col/image.png,,19.0,,,0 days 00:01:20.103000,,,,,,,2025,16,Italian Grand Prix,2025-09-07
30,L LAWSON,LAW,lawson,Racing Bulls,6C98FF,rb,Liam,Lawson,Liam Lawson,https://media.formula1.com/d_driver_fallback_image.png/content/dam/fom-website/drivers/L/LIALAW01_Liam_Lawson/lialaw01.png.transform/1col/image.png,,20.0,,,0 days 00:01:20.279000,,,,,,,2025,16,Italian Grand Prix,2025-09-07
1,M VERSTAPPEN,VER,max_verstappen,Red Bull Racing,4781D7,red_bull,Max,Verstappen,Max Verstappen,https://media.formula1.com/d_driver_fallback_image.png/content/dam/fom-website/drivers/M/MAXVER01_Max_Verstappen/maxver01.png.transform/1col/image.png,,1.0,,,0 days 00:01:41.331000,0 days 00:01:41.255000,0 days 00:01:41.117000,,,,,2025,17,Azerbaijan Grand Prix,2025-09-21
55,C SAINZ,SAI,sainz,Williams,1868DB,williams,Carlos,Sainz,Carlos Sainz,https://media.formula1.com/d_driver_fallback_image.png/content/dam/fom-website/drivers/C/CARSAI01_Carlos_Sainz/carsai01.png.transform/1col/image.png,,2.0,,,0 days 00:01:42.635000,0 days 00:01:41.675000,0 days 00:01:41.595000,,,,,2025,17,Azerbaijan Grand Prix,2025-09-21
30,L LAWSON,LAW,lawson,Racing Bulls,6C98FF,rb,Liam,Lawson,Liam Lawson,https://media.formula1.com/d_driver_fallback_image.png/content/dam/fom-website/drivers/L/LIALAW01_Liam_Lawson/lialaw01.png.transform/1col/image.png,,3.0,,,0 days 00:01:42.257000,0 days 00:01:41.537000,0 days 00:01:41.707000,,,,,2025,17,Azerbaijan Grand Prix,2025-09-21
12,K ANTONELLI,ANT,antonelli,Mercedes,00D7B6,mercedes,Kimi,Antonelli,Kimi Antonelli,https://media.formula1.com/d_driver_fallback_image.png/content/dam/fom-website/drivers/A/ANDANT01_Andrea%20Kimi_Antonelli/andant01.png.transform/1col/image.png,,4.0,,,0 days 00:01:42.247000,0 days 00:01:41.464000,0 days 00:01:41.717000,,,,,2025,17,Azerbaijan Grand Prix,2025-09-21
63,G RUSSELL,RUS,russell,Mercedes,00D7B6,mercedes,George,Russell,George Russell,https://media.formula1.com/d_driver_fallback_image.png/content/dam/fom-website/drivers/G/GEORUS01_George_Russell/georus01.png.transform/1col/image.png,,5.0,,,0 days 00:01:41.646000,0 days 00:01:41.455000,0 days 00:01:42.070000,,,,,2025,17,Azerbaijan Grand Prix,2025-09-21
22,Y TSUNODA,TSU,tsunoda,Red Bull Racing,4781D7,red_bull,Yuki,Tsunoda,Yuki Tsunoda,https://media.formula1.com/d_driver_fallback_image.png/content/dam/fom-website/drivers/Y/YUKTSU01_Yuki_Tsunoda/yuktsu01.png.transform/1col/image.png,,6.0,,,0 days 00:01:42.347000,0 days 00:01:41.788000,0 days 00:01:42.143000,,,,,2025,17,Azerbaijan Grand Prix,2025-09-21
4,L NORRIS,NOR,norris,McLaren,F47600,mclaren,Lando,Norris,Lando Norris,https://media.formula1.com/d_driver_fallback_image.png/content/dam/fom-website/drivers/L/LANNOR01_Lando_Norris/lannor01.png.transform/1col/image.png,,7.0,,,0 days 00:01:41.322000,0 days 00:01:41.396000,0 days 00:01:42.239000,,,,,2025,17,Azerbaijan Grand Prix,2025-09-21
6,I HADJAR,HAD,hadjar,Racing Bulls,6C98FF,rb,Isack,Hadjar,Isack Hadjar,https://media.formula1.com/d_driver_fallback_image.png/content/dam/fom-website/drivers/I/ISAHAD01_Isack_Hadjar/isahad01.png.transform/1col/image.png,,8.0,,,0 days 00:01:41.656000,0 days 00:01:41.647000,0 days 00:01:42.372000,,,,,2025,17,Azerbaijan Grand Prix,2025-09-21
81,O PIASTRI,PIA,piastri,McLaren,F47600,mclaren,Oscar,Piastri,Oscar Piastri,https://media.formula1.com/d_driver_fallback_image.png/content/dam/fom-website/drivers/O/OSCPIA01_Oscar_Piastri/oscpia01.png.transform/1col/image.png,,9.0,,,0 days 00:01:41.839000,0 days 00:01:41.414000,,,,,,2025,17,Azerbaijan Grand Prix,2025-09-21
16,C LECLERC,LEC,leclerc,Ferrari,ED1131,ferrari,Charles,Leclerc,Charles Leclerc,https://media.formula1.com/d_driver_fallback_image.png/content/dam/fom-website/drivers/C/CHALEC01_Charles_Leclerc/chalec01.png.transform/1col/image.png,,10.0,,,0 days 00:01:41.458000,0 days 00:01:41.519000,,,,,,2025,17,Azerbaijan Grand Prix,2025-09-21
14,F ALONSO,ALO,alonso,Aston Martin,229971,aston_martin,Fernando,Alonso,Fernando Alonso,https://media.formula1.com/d_driver_fallback_image.png/content/dam/fom-website/drivers/F/FERALO01_Fernando_Alonso/feralo01.png.transform/1col/image.png,,11.0,,,0 days 00:01:42.211000,0 days 00:01:41.857000,,,,,,2025,17,Azerbaijan Grand Prix,2025-09-21
44,L HAMILTON,HAM,hamilton,Ferrari,ED1131,ferrari,Lewis,Hamilton,Lewis Hamilton,https://media.formula1.com/d_driver_fallback_image.png/content/dam/fom-website/drivers/L/LEWHAM01_Lewis_Hamilton/lewham01.png.transform/1col/image.png,,12.0,,,0 days 00:01:41.821000,0 days 00:01:42.183000,,,,,,2025,17,Azerbaijan Grand Prix,2025-09-21
5,G BORTOLETO,BOR,bortoleto,Kick Sauber,01C00E,sauber,Gabriel,Bortoleto,Gabriel Bortoleto,https://media.formula1.com/d_driver_fallback_image.png/content/dam/fom-website/drivers/G/GABBOR01_Gabriel_Bortoleto/gabbor01.png.transform/1col/image.png,,13.0,,,0 days 00:01:42.511000,0 days 00:01:42.277000,,,,,,2025,17,Azerbaijan Grand Prix,2025-09-21
18,L STROLL,STR,stroll,Aston Martin,229971,aston_martin,Lance,Stroll,Lance Stroll,https://media.formula1.com/d_driver_fallback_image.png/content/dam/fom-website/drivers/L/LANSTR01_Lance_Stroll/lanstr01.png.transform/1col/image.png,,14.0,,,0 days 00:01:42.101000,0 days 00:01:43.061000,,,,,,2025,17,Azerbaijan Grand Prix,2025-09-21
87,O BEARMAN,BEA,bearman,Haas F1 Team,9C9FA2,haas,Oliver,Bearman,Oliver Bearman,https://media.formula1.com/d_driver_fallback_image.png/content/dam/fom-website/drivers/O/OLIBEA01_Oliver_Bearman/olibea01.png.transform/1col/image.png,,15.0,,,0 days 00:01:42.666000,,,,,,,2025,17,Azerbaijan Grand Prix,2025-09-21
43,F COLAPINTO,COL,colapinto,Alpine,00A1E8,alpine,Franco,Colapinto,Franco Colapinto,None,,16.0,,,0 days 00:01:42.779000,,,,,,,2025,17,Azerbaijan Grand Prix,2025-09-21
27,N HULKENBERG,HUL,hulkenberg,Kick Sauber,01C00E,sauber,Nico,Hulkenberg,Nico Hulkenberg,https://media.formula1.com/d_driver_fallback_image.png/content/dam/fom-website/drivers/N/NICHUL01_Nico_Hulkenberg/nichul01.png.transform/1col/image.png,,17.0,,,0 days 00:01:42.916000,,,,,,,2025,17,Azerbaijan Grand Prix,2025-09-21
10,P GASLY,GAS,gasly,Alpine,00A1E8,alpine,Pierre,Gasly,Pierre Gasly,https://media.formula1.com/d_driver_fallback_image.png/content/dam/fom-website/drivers/P/PIEGAS01_Pierre_Gasly/piegas01.png.transform/1col/image.png,,18.0,,,0 days 00:01:43.139000,,,,,,,2025,17,Azerbaijan Grand Prix,2025-09-21
23,A ALBON,ALB,albon,Williams,1868DB,williams,Alexander,Albon,Alexander Albon,https://media.formula1.com/d_driver_fallback_image.png/content/dam/fom-website/drivers/A/ALEALB01_Alexander_Albon/alealb01.png.transform/1col/image.png,,19.0,,,0 days 00:01:43.778000,,,,,,,2025,17,Azerbaijan Grand Prix,2025-09-21
31,E OCON,OCO,ocon,Haas F1 Team,9C9FA2,haas,Esteban,Ocon,Esteban Ocon,https://media.formula1.com/d_driver_fallback_image.png/content/dam/fom-website/drivers/E/ESTOCO01_Esteban_Ocon/estoco01.png.transform/1col/image.png,,20.0,,,,,,,,,,2025,17,Azerbaijan Grand Prix,2025-09-21
63,G RUSSELL,RUS,russell,Mercedes,00D7B6,mercedes,George,Russell,George Russell,https://media.formula1.com/d_driver_fallback_image.png/content/dam/fom-website/drivers/G/GEORUS01_George_Russell/georus01.png.transform/1col/image.png,,1.0,,,0 days 00:01:29.928000,0 days 00:01:29.562000,0 days 00:01:29.158000,,,,,2025,18,Singapore Grand Prix,2025-10-05
1,M VERSTAPPEN,VER,max_verstappen,Red Bull Racing,4781D7,red_bull,Max,Verstappen,Max Verstappen,https://media.formula1.com/d_driver_fallback_image.png/content/dam/fom-website/drivers/M/MAXVER01_Max_Verstappen/maxver01.png.transform/1col/image.png,,2.0,,,0 days 00:01:30.028000,0 days 00:01:29.572000,0 days 00:01:29.340000,,,,,2025,18,Singapore Grand Prix,2025-10-05
81,O PIASTRI,PIA,piastri,McLaren,F47600,mclaren,Oscar,Piastri,Oscar Piastri,https://media.formula1.com/d_driver_fallback_image.png/content/dam/fom-website/drivers/O/OSCPIA01_Oscar_Piastri/oscpia01.png.transform/1col/image.png,,3.0,,,0 days 00:01:30.313000,0 days 00:01:29.813000,0 days 00:01:29.524000,,,,,2025,18,Singapore Grand Prix,2025-10-05
12,K ANTONELLI,ANT,antonelli,Mercedes,00D7B6,mercedes,Kimi,Antonelli,Kimi Antonelli,https://media.formula1.com/d_driver_fallback_image.png/content/dam/fom-website/drivers/A/ANDANT01_Andrea%20Kimi_Antonelli/andant01.png.transform/1col/image.png,,4.0,,,0 days 00:01:30.036000,0 days 00:01:29.649000,0 days 00:01:29.537000,,,,,2025,18,Singapore Grand Prix,2025-10-05
4,L NORRIS,NOR,norris,McLaren,F47600,mclaren,Lando,Norris,Lando Norris,https://media.formula1.com/d_driver_fallback_image.png/content/dam/fom-website/drivers/L/LANNOR01_Lando_Norris/lannor01.png.transform/1col/image.png,,5.0,,,0 days 00:01:29.932000,0 days 00:01:29.809000,0 days 00:01:29.586000,,,,,2025,18,Singapore Grand Prix,2025-10-05
44,L HAMILTON,HAM,hamilton,Ferrari,ED1131,ferrari,Lewis,Hamilton,Lewis Hamilton,https://media.formula1.com/d_driver_fallback_image.png/content/dam/fom-website/drivers/L/LEWHAM01_Lewis_Hamilton/lewham01.png.transform/1col/image.png,,6.0,,,0 days 00:01:29.765000,0 days 00:01:29.936000,0 days 00:01:29.688000,,,,,2025,18,Singapore Grand Prix,2025-10-05
16,C LECLERC,LEC,leclerc,Ferrari,ED1131,ferrari,Charles,Leclerc,Charles Leclerc,https://media.formula1.com/d_driver_fallback_image.png/content/dam/fom-website/drivers/C/CHALEC01_Charles_Leclerc/chalec01.png.transform/1col/image.png,,7.0,,,0 days 00:01:30.370000,0 days 00:01:29.914000,0 days 00:01:29.784000,,,,,2025,18,Singapore Grand Prix,2025-10-05
6,I HADJAR,HAD,hadjar,Racing Bulls,6C98FF,rb,Isack,Hadjar,Isack Hadjar,https://media.formula1.com/d_driver_fallback_image.png/content/dam/fom-website/drivers/I/ISAHAD01_Isack_Hadjar/isahad01.png.transform/1col/image.png,,8.0,,,0 days 00:01:30.214000,0 days 00:01:30.016000,0 days 00:01:29.846000,,,,,2025,18,Singapore Grand Prix,2025-10-05
87,O BEARMAN,BEA,bearman,Haas F1 Team,9C9FA2,haas,Oliver,Bearman,Oliver Bearman,https://media.formula1.com/d_driver_fallback_image.png/content/dam/fom-website/drivers/O/OLIBEA01_Oliver_Bearman/olibea01.png.transform/1col/image.png,,9.0,,,0 days 00:01:30.420000,0 days 00:01:30.076000,0 days 00:01:29.868000,,,,,2025,18,Singapore Grand Prix,2025-10-05
14,F ALONSO,ALO,alonso,Aston Martin,229971,aston_martin,Fernando,Alonso,Fernando Alonso,https://media.formula1.com/d_driver_fallback_image.png/content/dam/fom-website/drivers/F/FERALO01_Fernando_Alonso/feralo01.png.transform/1col/image.png,,10.0,,,0 days 00:01:30.745000,0 days 00:01:30.054000,0 days 00:01:29.955000,,,,,2025,18,Singapore Grand Prix,2025-10-05
27,N HULKENBERG,HUL,hulkenberg,Kick Sauber,01C00E,sauber,Nico,Hulkenberg,Nico Hulkenberg,https://media.formula1.com/d_driver_fallback_image.png/content/dam/fom-website/drivers/N/NICHUL01_Nico_Hulkenberg/nichul01.png.transform/1col/image.png,,11.0,,,0 days 00:01:30.715000,0 days 00:01:30.141000,,,,,,2025,18,Singapore Grand Prix,2025-10-05
30,L LAWSON,LAW,lawson,Racing Bulls,6C98FF,rb,Liam,Lawson,Liam Lawson,https://media.formula1.com/d_driver_fallback_image.png/content/dam/fom-website/drivers/L/LIALAW01_Liam_Lawson/lialaw01.png.transform/1col/image.png,,12.0,,,0 days 00:01:30.681000,0 days 00:01:30.320000,,,,,,2025,18,Singapore Grand Prix,2025-10-05
22,Y TSUNODA,TSU,tsunoda,Red Bull Racing,4781D7,red_bull,Yuki,Tsunoda,Yuki Tsunoda,https://media.formula1.com/d_driver_fallback_image.png/content/dam/fom-website/drivers/Y/YUKTSU01_Yuki_Tsunoda/yuktsu01.png.transform/1col/image.png,,13.0,,,0 days 00:01:30.574000,0 days 00:01:30.353000,,,,,,2025,18,Singapore Grand Prix,2025-10-05
5,G BORTOLETO,BOR,bortoleto,Kick Sauber,01C00E,sauber,Gabriel,Bortoleto,Gabriel Bortoleto,https://media.formula1.com/d_driver_fallback_image.png/content/dam/fom-website/drivers/G/GABBOR01_Gabriel_Bortoleto/gabbor01.png.transform/1col/image.png,,14.0,,,0 days 00:01:30.820000,,,,,,,2025,18,Singapore Grand Prix,2025-10-05
18,L STROLL,STR,stroll,Aston Martin,229971,aston_martin,Lance,Stroll,Lance Stroll,https://media.formula1.com/d_driver_fallback_image.png/content/dam/fom-website/drivers/L/LANSTR01_Lance_Stroll/lanstr01.png.transform/1col/image.png,,15.0,,,0 days 00:01:30.949000,,,,,,,2025,18,Singapore Grand Prix,2025-10-05
43,F COLAPINTO,COL,colapinto,Alpine,00A1E8,alpine,Franco,Colapinto,Franco Colapinto,None,,16.0,,,0 days 00:01:30.982000,,,,,,,2025,18,Singapore Grand Prix,2025-10-05
31,E OCON,OCO,ocon,Haas F1 Team,9C9FA2,haas,Esteban,Ocon,Esteban Ocon,https://media.formula1.com/d_driver_fallback_image.png/content/dam/fom-website/drivers/E/ESTOCO01_Esteban_Ocon/estoco01.png.transform/1col/image.png,,17.0,,,0 days 00:01:30.989000,,,,,,,2025,18,Singapore Grand Prix,2025-10-05
10,P GASLY,GAS,gasly,Alpine,00A1E8,alpine,Pierre,Gasly,Pierre Gasly,https://media.formula1.com/d_driver_fallback_image.png/content/dam/fom-website/drivers/P/PIEGAS01_Pierre_Gasly/piegas01.png.transform/1col/image.png,,18.0,,,0 days 00:01:31.261000,,,,,,,2025,18,Singapore Grand Prix,2025-10-05
23,A ALBON,ALB,albon,Williams,1868DB,williams,Alexander,Albon,Alexander Albon,https://media.formula1.com/d_driver_fallback_image.png/content/dam/fom-website/drivers/A/ALEALB01_Alexander_Albon/alealb01.png.transform/1col/image.png,,19.0,,,,,,,,,,2025,18,Singapore Grand Prix,2025-10-05
55,C SAINZ,SAI,sainz,Williams,1868DB,williams,Carlos,Sainz,Carlos Sainz,https://media.formula1.com/d_driver_fallback_image.png/content/dam/fom-website/drivers/C/CARSAI01_Carlos_Sainz/carsai01.png.transform/1col/image.png,,20.0,,,,,,,,,,2025,18,Singapore Grand Prix,2025-10-05
1,M VERSTAPPEN,VER,max_verstappen,Red Bull Racing,4781D7,red_bull,Max,Verstappen,Max Verstappen,https://media.formula1.com/d_driver_fallback_image.png/content/dam/fom-website/drivers/M/MAXVER01_Max_Verstappen/maxver01.png.transform/1col/image.png,,1.0,,,0 days 00:01:33.207000,0 days 00:01:32.701000,0 days 00:01:32.510000,,,,,2025,19,United States Grand Prix,2025-10-19
4,L NORRIS,NOR,norris,McLaren,F47600,mclaren,Lando,Norris,Lando Norris,https://media.formula1.com/d_driver_fallback_image.png/content/dam/fom-website/drivers/L/LANNOR01_Lando_Norris/lannor01.png.transform/1col/image.png,,2.0,,,0 days 00:01:33.843000,0 days 00:01:32.876000,0 days 00:01:32.801000,,,,,2025,19,United States Grand Prix,2025-10-19
16,C LECLERC,LEC,leclerc,Ferrari,ED1131,ferrari,Charles,Leclerc,Charles Leclerc,https://media.formula1.com/d_driver_fallback_image.png/content/dam/fom-website/drivers/C/CHALEC01_Charles_Leclerc/chalec01.png.transform/1col/image.png,,3.0,,,0 days 00:01:33.525000,0 days 00:01:32.869000,0 days 00:01:32.807000,,,,,2025,19,United States Grand Prix,2025-10-19
63,G RUSSELL,RUS,russell,Mercedes,00D7B6,mercedes,George,Russell,George Russell,https://media.formula1.com/d_driver_fallback_image.png/content/dam/fom-website/drivers/G/GEORUS01_George_Russell/georus01.png.transform/1col/image.png,,4.0,,,0 days 00:01:33.311000,0 days 00:01:33.058000,0 days 00:01:32.826000,,,,,2025,19,United States Grand Prix,2025-10-19
44,L HAMILTON,HAM,hamilton,Ferrari,ED1131,ferrari,Lewis,Hamilton,Lewis Hamilton,https://media.formula1.com/d_driver_fallback_image.png/content/dam/fom-website/drivers/L/LEWHAM01_Lewis_Hamilton/lewham01.png.transform/1col/image.png,,5.0,,,0 days 00:01:33.685000,0 days 00:01:32.914000,0 days 00:01:32.912000,,,,,2025,19,United States Grand Prix,2025-10-19
81,O PIASTRI,PIA,piastri,McLaren,F47600,mclaren,Oscar,Piastri,Oscar Piastri,https://media.formula1.com/d_driver_fallback_image.png/content/dam/fom-website/drivers/O/OSCPIA01_Oscar_Piastri/oscpia01.png.transform/1col/image.png,,6.0,,,0 days 00:01:33.746000,0 days 00:01:33.228000,0 days 00:01:33.084000,,,,,2025,19,United States Grand Prix,2025-10-19
12,K ANTONELLI,ANT,antonelli,Mercedes,00D7B6,mercedes,Kimi,Antonelli,Kimi Antonelli,https://media.formula1.com/d_driver_fallback_image.png/content/dam/fom-website/drivers/A/ANDANT01_Andrea%20Kimi_Antonelli/andant01.png.transform/1col/image.png,,7.0,,,0 days 00:01:33.501000,0 days 00:01:33.044000,0 days 00:01:33.114000,,,,,2025,19,United States Grand Prix,2025-10-19
87,O BEARMAN,BEA,bearman,Haas F1 Team,9C9FA2,haas,Oliver,Bearman,Oliver Bearman,https://media.formula1.com/d_driver_fallback_image.png/content/dam/fom-website/drivers/O/OLIBEA01_Oliver_Bearman/olibea01.png.transform/1col/image.png,,8.0,,,0 days 00:01:33.921000,0 days 00:01:33.238000,0 days 00:01:33.139000,,,,,2025,19,United States Grand Prix,2025-10-19
55,C SAINZ,SAI,sainz,Williams,1868DB,williams,Carlos,Sainz,Carlos Sainz,https://media.formula1.com/d_driver_fallback_image.png/content/dam/fom-website/drivers/C/CARSAI01_Carlos_Sainz/carsai01.png.transform/1col/image.png,,9.0,,,0 days 00:01:33.739000,0 days 00:01:33.124000,0 days 00:01:33.150000,,,,,2025,19,United States Grand Prix,2025-10-19
14,F ALONSO,ALO,alonso,Aston Martin,229971,aston_martin,Fernando,Alonso,Fernando Alonso,https://media.formula1.com/d_driver_fallback_image.png/content/dam/fom-website/drivers/F/FERALO01_Fernando_Alonso/feralo01.png.transform/1col/image.png,,10.0,,,0 days 00:01:33.741000,0 days 00:01:33.237000,0 days 00:01:33.160000,,,,,2025,19,United States Grand Prix,2025-10-19
27,N HULKENBERG,HUL,hulkenberg,Kick Sauber,01C00E,sauber,Nico,Hulkenberg,Nico Hulkenberg,https://media.formula1.com/d_driver_fallback_image.png/content/dam/fom-website/drivers/N/NICHUL01_Nico_Hulkenberg/nichul01.png.transform/1col/image.png,,11.0,,,0 days 00:01:33.551000,0 days 00:01:33.334000,,,,,,2025,19,United States Grand Prix,2025-10-19
30,L LAWSON,LAW,lawson,Racing Bulls,6C98FF,rb,Liam,Lawson,Liam Lawson,https://media.formula1.com/d_driver_fallback_image.png/content/dam/fom-website/drivers/L/LIALAW01_Liam_Lawson/lialaw01.png.transform/1col/image.png,,12.0,,,0 days 00:01:33.549000,0 days 00:01:33.360000,,,,,,2025,19,United States Grand Prix,2025-10-19
22,Y TSUNODA,TSU,tsunoda,Red Bull Racing,4781D7,red_bull,Yuki,Tsunoda,Yuki Tsunoda,https://media.formula1.com/d_driver_fallback_image.png/content/dam/fom-website/drivers/Y/YUKTSU01_Yuki_Tsunoda/yuktsu01.png.transform/1col/image.png,,13.0,,,0 days 00:01:33.935000,0 days 00:01:33.466000,,,,,,2025,19,United States Grand Prix,2025-10-19
10,P GASLY,GAS,gasly,Alpine,00A1E8,alpine,Pierre,Gasly,Pierre Gasly,https://media.formula1.com/d_driver_fallback_image.png/content/dam/fom-website/drivers/P/PIEGAS01_Pierre_Gasly/piegas01.png.transform/1col/image.png,,14.0,,,0 days 00:01:33.599000,0 days 00:01:33.651000,,,,,,2025,19,United States Grand Prix,2025-10-19
43,F COLAPINTO,COL,colapinto,Alpine,00A1E8,alpine,Franco,Colapinto,Franco Colapinto,None,,15.0,,,0 days 00:01:34.039000,0 days 00:01:34.044000,,,,,,2025,19,United States Grand Prix,2025-10-19
5,G BORTOLETO,BOR,bortoleto,Kick Sauber,01C00E,sauber,Gabriel,Bortoleto,Gabriel Bortoleto,https://media.formula1.com/d_driver_fallback_image.png/content/dam/fom-website/drivers/G/GABBOR01_Gabriel_Bortoleto/gabbor01.png.transform/1col/image.png,,16.0,,,0 days 00:01:34.125000,,,,,,,2025,19,United States Grand Prix,2025-10-19
31,E OCON,OCO,ocon,Haas F1 Team,9C9FA2,haas,Esteban,Ocon,Esteban Ocon,https://media.formula1.com/d_driver_fallback_image.png/content/dam/fom-website/drivers/E/ESTOCO01_Esteban_Ocon/estoco01.png.transform/1col/image.png,,17.0,,,0 days 00:01:34.136000,,,,,,,2025,19,United States Grand Prix,2025-10-19
18,L STROLL,STR,stroll,Aston Martin,229971,aston_martin,Lance,Stroll,Lance Stroll,https://media.formula1.com/d_driver_fallback_image.png/content/dam/fom-website/drivers/L/LANSTR01_Lance_Stroll/lanstr01.png.transform/1col/image.png,,18.0,,,0 days 00:01:34.540000,,,,,,,2025,19,United States Grand Prix,2025-10-19
23,A ALBON,ALB,albon,Williams,1868DB,williams,Alexander,Albon,Alexander Albon,https://media.formula1.com/d_driver_fallback_image.png/content/dam/fom-website/drivers/A/ALEALB01_Alexander_Albon/alealb01.png.transform/1col/image.png,,19.0,,,0 days 00:01:34.690000,,,,,,,2025,19,United States Grand Prix,2025-10-19
6,I HADJAR,HAD,hadjar,Racing Bulls,6C98FF,rb,Isack,Hadjar,Isack Hadjar,https://media.formula1.com/d_driver_fallback_image.png/content/dam/fom-website/drivers/I/ISAHAD01_Isack_Hadjar/isahad01.png.transform/1col/image.png,,20.0,,,,,,,,,,2025,19,United States Grand Prix,2025-10-19
4,L NORRIS,NOR,norris,McLaren,F47600,mclaren,Lando,Norris,Lando Norris,https://media.formula1.com/d_driver_fallback_image.png/content/dam/fom-website/drivers/L/LANNOR01_Lando_Norris/lannor01.png.transform/1col/image.png,,1.0,,,0 days 00:01:16.899000,0 days 00:01:16.252000,0 days 00:01:15.586000,,,,,2025,20,Mexico City Grand Prix,2025-10-26
16,C LECLERC,LEC,leclerc,Ferrari,ED1131,ferrari,Charles,Leclerc,Charles Leclerc,https://media.formula1.com/d_driver_fallback_image.png/content/dam/fom-website/drivers/C/CHALEC01_Charles_Leclerc/chalec01.png.transform/1col/image.png,,2.0,,,0 days 00:01:17.024000,0 days 00:01:16.658000,0 days 00:01:15.848000,,,,,2025,20,Mexico City Grand Prix,2025-10-26
44,L HAMILTON,HAM,hamilton,Ferrari,ED1131,ferrari,Lewis,Hamilton,Lewis Hamilton,https://media.formula1.com/d_driver_fallback_image.png/content/dam/fom-website/drivers/L/LEWHAM01_Lewis_Hamilton/lewham01.png.transform/1col/image.png,,3.0,,,0 days 00:01:16.736000,0 days 00:01:16.458000,0 days 00:01:15.938000,,,,,2025,20,Mexico City Grand Prix,2025-10-26
63,G RUSSELL,RUS,russell,Mercedes,00D7B6,mercedes,George,Russell,George Russell,https://media.formula1.com/d_driver_fallback_image.png/content/dam/fom-website/drivers/G/GEORUS01_George_Russell/georus01.png.transform/1col/image.png,,4.0,,,0 days 00:01:16.895000,0 days 00:01:16.537000,0 days 00:01:16.034000,,,,,2025,20,Mexico City Grand Prix,2025-10-26
1,M VERSTAPPEN,VER,max_verstappen,Red Bull Racing,4781D7,red_bull,Max,Verstappen,Max Verstappen,https://media.formula1.com/d_driver_fallback_image.png/content/dam/fom-website/drivers/M/MAXVER01_Max_Verstappen/maxver01.png.transform/1col/image.png,,5.0,,,0 days 00:01:17.076000,0 days 00:01:16.605000,0 days 00:01:16.070000,,,,,2025,20,Mexico City Grand Prix,2025-10-26
12,K ANTONELLI,ANT,antonelli,Mercedes,00D7B6,mercedes,Kimi,Antonelli,Kimi Antonelli,https://media.formula1.com/d_driver_fallback_image.png/content/dam/fom-website/drivers/A/ANDANT01_Andrea%20Kimi_Antonelli/andant01.png.transform/1col/image.png,,6.0,,,0 days 00:01:17.291000,0 days 00:01:16.773000,0 days 00:01:16.118000,,,,,2025,20,Mexico City Grand Prix,2025-10-26
55,C SAINZ,SAI,sainz,Williams,1868DB,williams,Carlos,Sainz,Carlos Sainz,https://media.formula1.com/d_driver_fallback_image.png/content/dam/fom-website/drivers/C/CARSAI01_Carlos_Sainz/carsai01.png.transform/1col/image.png,,7.0,,,0 days 00:01:17.171000,0 days 00:01:16.607000,0 days 00:01:16.172000,,,,,2025,20,Mexico City Grand Prix,2025-10-26
81,O PIASTRI,PIA,piastri,McLaren,F47600,mclaren,Oscar,Piastri,Oscar Piastri,https://media.formula1.com/d_driver_fallback_image.png/content/dam/fom-website/drivers/O/OSCPIA01_Oscar_Piastri/oscpia01.png.transform/1col/image.png,,8.0,,,0 days 00:01:17.158000,0 days 00:01:16.737000,0 days 00:01:16.174000,,,,,2025,20,Mexico City Grand Prix,2025-10-26
6,I HADJAR,HAD,hadjar,Racing Bulls,6C98FF,rb,Isack,Hadjar,Isack Hadjar,https://media.formula1.com/d_driver_fallback_image.png/content/dam/fom-website/drivers/I/ISAHAD01_Isack_Hadjar/isahad01.png.transform/1col/image.png,,9.0,,,0 days 00:01:16.733000,0 days 00:01:16.804000,0 days 00:01:16.252000,,,,,2025,20,Mexico City Grand Prix,2025-10-26
87,O BEARMAN,BEA,bearman,Haas F1 Team,9C9FA2,haas,Oliver,Bearman,Oliver Bearman,https://media.formula1.com/d_driver_fallback_image.png/content/dam/fom-website/drivers/O/OLIBEA01_Oliver_Bearman/olibea01.png.transform/1col/image.png,,10.0,,,0 days 00:01:17.040000,0 days 00:01:16.787000,0 days 00:01:16.460000,,,,,2025,20,Mexico City Grand Prix,2025-10-26
22,Y TSUNODA,TSU,tsunoda,Red Bull Racing,4781D7,red_bull,Yuki,Tsunoda,Yuki Tsunoda,https://media.formula1.com/d_driver_fallback_image.png/content/dam/fom-website/drivers/Y/YUKTSU01_Yuki_Tsunoda/yuktsu01.png.transform/1col/image.png,,11.0,,,0 days 00:01:17.234000,0 days 00:01:16.816000,,,,,,2025,20,Mexico City Grand Prix,2025-10-26
31,E OCON,OCO,ocon,Haas F1 Team,9C9FA2,haas,Esteban,Ocon,Esteban Ocon,https://media.formula1.com/d_driver_fallback_image.png/content/dam/fom-website/drivers/E/ESTOCO01_Esteban_Ocon/estoco01.png.transform/1col/image.png,,12.0,,,0 days 00:01:16.948000,0 days 00:01:16.837000,,,,,,2025,20,Mexico City Grand Prix,2025-10-26
27,N HULKENBERG,HUL,hulkenberg,Kick Sauber,01C00E,sauber,Nico,Hulkenberg,Nico Hulkenberg,https://media.formula1.com/d_driver_fallback_image.png/content/dam/fom-website/drivers/N/NICHUL01_Nico_Hulkenberg/nichul01.png.transform/1col/image.png,,13.0,,,0 days 00:01:17.251000,0 days 00:01:17.016000,,,,,,2025,20,Mexico City Grand Prix,2025-10-26
14,F ALONSO,ALO,alonso,Aston Martin,229971,aston_martin,Fernando,Alonso,Fernando Alonso,https://media.formula1.com/d_driver_fallback_image.png/content/dam/fom-website/drivers/F/FERALO01_Fernando_Alonso/feralo01.png.transform/1col/image.png,,14.0,,,0 days 00:01:17.232000,0 days 00:01:17.103000,,,,,,2025,20,Mexico City Grand Prix,2025-10-26
30,L LAWSON,LAW,lawson,Racing Bulls,6C98FF,rb,Liam,Lawson,Liam Lawson,https://media.formula1.com/d_driver_fallback_image.png/content/dam/fom-website/drivers/L/LIALAW01_Liam_Lawson/lialaw01.png.transform/1col/image.png,,15.0,,,0 days 00:01:16.961000,0 days 00:01:18.072000,,,,,,2025,20,Mexico City Grand Prix,2025-10-26
5,G BORTOLETO,BOR,bortoleto,Kick Sauber,01C00E,sauber,Gabriel,Bortoleto,Gabriel Bortoleto,https://media.formula1.com/d_driver_fallback_image.png/content/dam/fom-website/drivers/G/GABBOR01_Gabriel_Bortoleto/gabbor01.png.transform/1col/image.png,,16.0,,,0 days 00:01:17.412000,,,,,,,2025,20,Mexico City Grand Prix,2025-10-26
23,A ALBON,ALB,albon,Williams,1868DB,williams,Alexander,Albon,Alexander Albon,https://media.formula1.com/d_driver_fallback_image.png/content/dam/fom-website/drivers/A/ALEALB01_Alexander_Albon/alealb01.png.transform/1col/image.png,,17.0,,,0 days 00:01:17.490000,,,,,,,2025,20,Mexico City Grand Prix,2025-10-26
10,P GASLY,GAS,gasly,Alpine,00A1E8,alpine,Pierre,Gasly,Pierre Gasly,https://media.formula1.com/d_driver_fallback_image.png/content/dam/fom-website/drivers/P/PIEGAS01_Pierre_Gasly/piegas01.png.transform/1col/image.png,,18.0,,,0 days 00:01:17.546000,,,,,,,2025,20,Mexico City Grand Prix,2025-10-26
18,L STROLL,STR,stroll,Aston Martin,229971,aston_martin,Lance,Stroll,Lance Stroll,https://media.formula1.com/d_driver_fallback_image.png/content/dam/fom-website/drivers/L/LANSTR01_Lance_Stroll/lanstr01.png.transform/1col/image.png,,19.0,,,0 days 00:01:17.606000,,,,,,,2025,20,Mexico City Grand Prix,2025-10-26
43,F COLAPINTO,COL,colapinto,Alpine,00A1E8,alpine,Franco,Colapinto,Franco Colapinto,None,,20.0,,,0 days 00:01:17.670000,,,,,,,2025,20,Mexico City Grand Prix,2025-10-26
4,L NORRIS,NOR,norris,McLaren,F47600,mclaren,Lando,Norris,Lando Norris,https://media.formula1.com/d_driver_fallback_image.png/content/dam/fom-website/drivers/L/LANNOR01_Lando_Norris/lannor01.png.transform/1col/image.png,,1.0,,,0 days 00:01:09.656000,0 days 00:01:09.616000,0 days 00:01:09.511000,,,,,2025,21,São Paulo Grand Prix,2025-11-09
12,K ANTONELLI,ANT,antonelli,Mercedes,00D7B6,mercedes,Kimi,Antonelli,Kimi Antonelli,https://media.formula1.com/d_driver_fallback_image.png/content/dam/fom-website/drivers/A/ANDANT01_Andrea%20Kimi_Antonelli/andant01.png.transform/1col/image.png,,2.0,,,0 days 00:01:10.192000,0 days 00:01:09.774000,0 days 00:01:09.685000,,,,,2025,21,São Paulo Grand Prix,2025-11-09
16,C LECLERC,LEC,leclerc,Ferrari,ED1131,ferrari,Charles,Leclerc,Charles Leclerc,https://media.formula1.com/d_driver_fallback_image.png/content/dam/fom-website/drivers/C/CHALEC01_Charles_Leclerc/chalec01.png.transform/1col/image.png,,3.0,,,0 days 00:01:09.934000,0 days 00:01:09.801000,0 days 00:01:09.805000,,,,,2025,21,São Paulo Grand Prix,2025-11-09
81,O PIASTRI,PIA,piastri,McLaren,F47600,mclaren,Oscar,Piastri,Oscar Piastri,https://media.formula1.com/d_driver_fallback_image.png/content/dam/fom-website/drivers/O/OSCPIA01_Oscar_Piastri/oscpia01.png.transform/1col/image.png,,4.0,,,0 days 00:01:09.928000,0 days 00:01:09.835000,0 days 00:01:09.886000,,,,,2025,21,São Paulo Grand Prix,2025-11-09
6,I HADJAR,HAD,hadjar,Racing Bulls,6C98FF,rb,Isack,Hadjar,Isack Hadjar,https://media.formula1.com/d_driver_fallback_image.png/content/dam/fom-website/drivers/I/ISAHAD01_Isack_Hadjar/isahad01.png.transform/1col/image.png,,5.0,,,0 days 00:01:10.083000,0 days 00:01:09.970000,0 days 00:01:09.931000,,,,,2025,21,São Paulo Grand Prix,2025-11-09
63,G RUSSELL,RUS,russell,Mercedes,00D7B6,mercedes,George,Russell,George Russell,https://media.formula1.com/d_driver_fallback_image.png/content/dam/fom-website/drivers/G/GEORUS01_George_Russell/georus01.png.transform/1col/image.png,,6.0,,,0 days 00:01:09.935000,0 days 00:01:09.880000,0 days 00:01:09.942000,,,,,2025,21,São Paulo Grand Prix,2025-11-09
30,L LAWSON,LAW,lawson,Racing Bulls,6C98FF,rb,Liam,Lawson,Liam Lawson,https://media.formula1.com/d_driver_fallback_image.png/content/dam/fom-website/drivers/L/LIALAW01_Liam_Lawson/lialaw01.png.transform/1col/image.png,,7.0,,,0 days 00:01:10.108000,0 days 00:01:09.950000,0 days 00:01:09.962000,,,,,2025,21,São Paulo Grand Prix,2025-11-09
87,O BEARMAN,BEA,bearman,Haas F1 Team,9C9FA2,haas,Oliver,Bearman,Oliver Bearman,https://media.formula1.com/d_driver_fallback_image.png/content/dam/fom-website/drivers/O/OLIBEA01_Oliver_Bearman/olibea01.png.transform/1col/image.png,,8.0,,,0 days 00:01:09.891000,0 days 00:01:09.755000,0 days 00:01:09.977000,,,,,2025,21,São Paulo Grand Prix,2025-11-09
10,P GASLY,GAS,gasly,Alpine,00A1E8,alpine,Pierre,Gasly,Pierre Gasly,https://media.formula1.com/d_driver_fallback_image.png/content/dam/fom-website/drivers/P/PIEGAS01_Pierre_Gasly/piegas01.png.transform/1col/image.png,,9.0,,,0 days 00:01:09.885000,0 days 00:01:09.857000,0 days 00:01:10.002000,,,,,2025,21,São Paulo Grand Prix,2025-11-09
27,N HULKENBERG,HUL,hulkenberg,Kick Sauber,01C00E,sauber,Nico,Hulkenberg,Nico Hulkenberg,https://media.formula1.com/d_driver_fallback_image.png/content/dam/fom-website/drivers/N/NICHUL01_Nico_Hulkenberg/nichul01.png.transform/1col/image.png,,10.0,,,0 days 00:01:10.337000,0 days 00:01:09.985000,0 days 00:01:10.039000,,,,,2025,21,São Paulo Grand Prix,2025-11-09
14,F ALONSO,ALO,alonso,Aston Martin,229971,aston_martin,Fernando,Alonso,Fernando Alonso,https://media.formula1.com/d_driver_fallback_image.png/content/dam/fom-website/drivers/F/FERALO01_Fernando_Alonso/feralo01.png.transform/1col/image.png,,11.0,,,0 days 00:01:10.181000,0 days 00:01:10.001000,,,,,,2025,21,São Paulo Grand Prix,2025-11-09
23,A ALBON,ALB,albon,Williams,1868DB,williams,Alexander,Albon,Alexander Albon,https://media.formula1.com/d_driver_fallback_image.png/content/dam/fom-website/drivers/A/ALEALB01_Alexander_Albon/alealb01.png.transform/1col/image.png,,12.0,,,0 days 00:01:10.115000,0 days 00:01:10.053000,,,,,,2025,21,São Paulo Grand Prix,2025-11-09
44,L HAMILTON,HAM,hamilton,Ferrari,ED1131,ferrari,Lewis,Hamilton,Lewis Hamilton,https://media.formula1.com/d_driver_fallback_image.png/content/dam/fom-website/drivers/L/LEWHAM01_Lewis_Hamilton/lewham01.png.transform/1col/image.png,,13.0,,,0 days 00:01:10.016000,0 days 00:01:10.100000,,,,,,2025,21,São Paulo Grand Prix,2025-11-09
18,L STROLL,STR,stroll,Aston Martin,229971,aston_martin,Lance,Stroll,Lance Stroll,https://media.formula1.com/d_driver_fallback_image.png/content/dam/fom-website/drivers/L/LANSTR01_Lance_Stroll/lanstr01.png.transform/1col/image.png,,14.0,,,0 days 00:01:10.041000,0 days 00:01:10.161000,,,,,,2025,21,São Paulo Grand Prix,2025-11-09
55,C SAINZ,SAI,sainz,Williams,1868DB,williams,Carlos,Sainz,Carlos Sainz,https://media.formula1.com/d_driver_fallback_image.png/content/dam/fom-website/drivers/C/CARSAI01_Carlos_Sainz/carsai01.png.transform/1col/image.png,,15.0,,,0 days 00:01:10.184000,0 days 00:01:10.472000,,,,,,2025,21,São Paulo Grand Prix,2025-11-09
1,M VERSTAPPEN,VER,max_verstappen,Red Bull Racing,4781D7,red_bull,Max,Verstappen,Max Verstappen,https://media.formula1.com/d_driver_fallback_image.png/content/dam/fom-website/drivers/M/MAXVER01_Max_Verstappen/maxver01.png.transform/1col/image.png,,16.0,,,0 days 00:01:10.403000,,,,,,,2025,21,São Paulo Grand Prix,2025-11-09
31,E OCON,OCO,ocon,Haas F1 Team,9C9FA2,haas,Esteban,Ocon,Esteban Ocon,https://media.formula1.com/d_driver_fallback_image.png/content/dam/fom-website/drivers/E/ESTOCO01_Esteban_Ocon/estoco01.png.transform/1col/image.png,,17.0,,,0 days 00:01:10.438000,,,,,,,2025,21,São Paulo Grand Prix,2025-11-09
43,F COLAPINTO,COL,colapinto,Alpine,00A1E8,alpine,Franco,Colapinto,Franco Colapinto,None,,18.0,,,0 days 00:01:10.632000,,,,,,,2025,21,São Paulo Grand Prix,2025-11-09
22,Y TSUNODA,TSU,tsunoda,Red Bull Racing,4781D7,red_bull,Yuki,Tsunoda,Yuki Tsunoda,https://media.formula1.com/d_driver_fallback_image.png/content/dam/fom-website/drivers/Y/YUKTSU01_Yuki_Tsunoda/yuktsu01.png.transform/1col/image.png,,19.0,,,0 days 00:01:10.711000,,,,,,,2025,21,São Paulo Grand Prix,2025-11-09
5,G BORTOLETO,BOR,nan,Kick Sauber,01C00E,nan,Gabriel,Bortoleto,Gabriel Bortoleto,https://media.formula1.com/d_driver_fallback_image.png/content/dam/fom-website/drivers/G/GABBOR01_Gabriel_Bortoleto/gabbor01.png.transform/1col/image.png,,,,,,,,,,,,2025,21,São Paulo Grand Prix,2025-11-09
4,L NORRIS,NOR,norris,McLaren,F47600,mclaren,Lando,Norris,Lando Norris,https://media.formula1.com/d_driver_fallback_image.png/content/dam/fom-website/drivers/L/LANNOR01_Lando_Norris/lannor01.png.transform/1col/image.png,,1.0,,,0 days 00:01:55.473000,0 days 00:01:51.379000,0 days 00:01:47.934000,,,,,2025,22,Las Vegas Grand Prix,2025-11-22
1,M VERSTAPPEN,VER,max_verstappen,Red Bull Racing,4781D7,red_bull,Max,Verstappen,Max Verstappen,https://media.formula1.com/d_driver_fallback_image.png/content/dam/fom-website/drivers/M/MAXVER01_Max_Verstappen/maxver01.png.transform/1col/image.png,,2.0,,,0 days 00:01:53.458000,0 days 00:01:51.593000,0 days 00:01:48.257000,,,,,2025,22,Las Vegas Grand Prix,2025-11-22
55,C SAINZ,SAI,sainz,Williams,1868DB,williams,Carlos,Sainz,Carlos Sainz,https://media.formula1.com/d_driver_fallback_image.png/content/dam/fom-website/drivers/C/CARSAI01_Carlos_Sainz/carsai01.png.transform/1col/image.png,,3.0,,,0 days 00:01:54.873000,0 days 00:01:51.144000,0 days 00:01:48.296000,,,,,2025,22,Las Vegas Grand Prix,2025-11-22
63,G RUSSELL,RUS,russell,Mercedes,00D7B6,mercedes,George,Russell,George Russell,https://media.formula1.com/d_driver_fallback_image.png/content/dam/fom-website/drivers/G/GEORUS01_George_Russell/georus01.png.transform/1col/image.png,,4.0,,,0 days 00:01:53.144000,0 days 00:01:50.935000,0 days 00:01:48.803000,,,,,2025,22,Las Vegas Grand Prix,2025-11-22
81,O PIASTRI,PIA,piastri,McLaren,F47600,mclaren,Oscar,Piastri,Oscar Piastri,https://media.formula1.com/d_driver_fallback_image.png/content/dam/fom-website/drivers/O/OSCPIA01_Oscar_Piastri/oscpia01.png.transform/1col/image.png,,5.0,,,0 days 00:01:54.544000,0 days 00:01:52.126000,0 days 00:01:48.961000,,,,,2025,22,Las Vegas Grand Prix,2025-11-22
30,L LAWSON,LAW,lawson,Racing Bulls,6C98FF,rb,Liam,Lawson,Liam Lawson,https://media.formula1.com/d_driver_fallback_image.png/content/dam/fom-website/drivers/L/LIALAW01_Liam_Lawson/lialaw01.png.transform/1col/image.png,,6.0,,,0 days 00:01:54.828000,0 days 00:01:51.621000,0 days 00:01:49.062000,,,,,2025,22,Las Vegas Grand Prix,2025-11-22
14,F ALONSO,ALO,alonso,Aston Martin,229971,aston_martin,Fernando,Alonso,Fernando Alonso,https://media.formula1.com/d_driver_fallback_image.png/content/dam/fom-website/drivers/F/FERALO01_Fernando_Alonso/feralo01.png.transform/1col/image.png,,7.0,,,0 days 00:01:53.739000,0 days 00:01:51.865000,0 days 00:01:49.466000,,,,,2025,22,Las Vegas Grand Prix,2025-11-22
6,I HADJAR,HAD,hadjar,Racing Bulls,6C98FF,rb,Isack,Hadjar,Isack Hadjar,https://media.formula1.com/d_driver_fallback_image.png/content/dam/fom-website/drivers/I/ISAHAD01_Isack_Hadjar/isahad01.png.transform/1col/image.png,,8.0,,,0 days 00:01:55.613000,0 days 00:01:51.120000,0 days 00:01:49.554000,,,,,2025,22,Las Vegas Grand Prix,2025-11-22
16,C LECLERC,LEC,leclerc,Ferrari,ED1131,ferrari,Charles,Leclerc,Charles Leclerc,https://media.formula1.com/d_driver_fallback_image.png/content/dam/fom-website/drivers/C/CHALEC01_Charles_Leclerc/chalec01.png.transform/1col/image.png,,9.0,,,0 days 00:01:54.814000,0 days 00:01:51.952000,0 days 00:01:49.872000,,,,,2025,22,Las Vegas Grand Prix,2025-11-22
10,P GASLY,GAS,gasly,Alpine,00A1E8,alpine,Pierre,Gasly,Pierre Gasly,https://media.formula1.com/d_driver_fallback_image.png/content/dam/fom-website/drivers/P/PIEGAS01_Pierre_Gasly/piegas01.png.transform/1col/image.png,,10.0,,,0 days 00:01:54.432000,0 days 00:01:51.760000,0 days 00:01:51.540000,,,,,2025,22,Las Vegas Grand Prix,2025-11-22
27,N HULKENBERG,HUL,hulkenberg,Kick Sauber,01C00E,sauber,Nico,Hulkenberg,Nico Hulkenberg,https://media.formula1.com/d_driver_fallback_image.png/content/dam/fom-website/drivers/N/NICHUL01_Nico_Hulkenberg/nichul01.png.transform/1col/image.png,,11.0,,,0 days 00:01:54.555000,0 days 00:01:52.781000,,,,,,2025,22,Las Vegas Grand Prix,2025-11-22
18,L STROLL,STR,stroll,Aston Martin,229971,aston_martin,Lance,Stroll,Lance Stroll,https://media.formula1.com/d_driver_fallback_image.png/content/dam/fom-website/drivers/L/LANSTR01_Lance_Stroll/lanstr01.png.transform/1col/image.png,,12.0,,,0 days 00:01:54.416000,0 days 00:01:52.850000,,,,,,2025,22,Las Vegas Grand Prix,2025-11-22
31,E OCON,OCO,ocon,Haas F1 Team,9C9FA2,haas,Esteban,Ocon,Esteban Ocon,https://media.formula1.com/d_driver_fallback_image.png/content/dam/fom-website/drivers/E/ESTOCO01_Esteban_Ocon/estoco01.png.transform/1col/image.png,,13.0,,,0 days 00:01:54.635000,0 days 00:01:52.987000,,,,,,2025,22,Las Vegas Grand Prix,2025-11-22
87,O BEARMAN,BEA,bearman,Haas F1 Team,9C9FA2,haas,Oliver,Bearman,Oliver Bearman,https://media.formula1.com/d_driver_fallback_image.png/content/dam/fom-website/drivers/O/OLIBEA01_Oliver_Bearman/olibea01.png.transform/1col/image.png,,14.0,,,0 days 00:01:56.016000,0 days 00:01:53.094000,,,,,,2025,22,Las Vegas Grand Prix,2025-11-22
43,F COLAPINTO,COL,colapinto,Alpine,00A1E8,alpine,Franco,Colapinto,Franco Colapinto,None,,15.0,,,0 days 00:01:54.847000,0 days 00:01:53.683000,,,,,,2025,22,Las Vegas Grand Prix,2025-11-22
23,A ALBON,ALB,albon,Williams,1868DB,williams,Alexander,Albon,Alexander Albon,https://media.formula1.com/d_driver_fallback_image.png/content/dam/fom-website/drivers/A/ALEALB01_Alexander_Albon/alealb01.png.transform/1col/image.png,,16.0,,,0 days 00:01:56.220000,,,,,,,2025,22,Las Vegas Grand Prix,2025-11-22
12,K ANTONELLI,ANT,antonelli,Mercedes,00D7B6,mercedes,Kimi,Antonelli,Kimi Antonelli,https://media.formula1.com/d_driver_fallback_image.png/content/dam/fom-website/drivers/A/ANDANT01_Andrea%20Kimi_Antonelli/andant01.png.transform/1col/image.png,,17.0,,,0 days 00:01:56.314000,,,,,,,2025,22,Las Vegas Grand Prix,2025-11-22
5,G BORTOLETO,BOR,bortoleto,Kick Sauber,01C00E,sauber,Gabriel,Bortoleto,Gabriel Bortoleto,https://media.formula1.com/d_driver_fallback_image.png/content/dam/fom-website/drivers/G/GABBOR01_Gabriel_Bortoleto/gabbor01.png.transform/1col/image.png,,18.0,,,0 days 00:01:56.674000,,,,,,,2025,22,Las Vegas Grand Prix,2025-11-22
22,Y TSUNODA,TSU,tsunoda,Red Bull Racing,4781D7,red_bull,Yuki,Tsunoda,Yuki Tsunoda,https://media.formula1.com/d_driver_fallback_image.png/content/dam/fom-website/drivers/Y/YUKTSU01_Yuki_Tsunoda/yuktsu01.png.transform/1col/image.png,,19.0,,,0 days 00:01:56.798000,,,,,,,2025,22,Las Vegas Grand Prix,2025-11-22
44,L HAMILTON,HAM,hamilton,Ferrari,ED1131,ferrari,Lewis,Hamilton,Lewis Hamilton,https://media.formula1.com/d_driver_fallback_image.png/content/dam/fom-website/drivers/L/LEWHAM01_Lewis_Hamilton/lewham01.png.transform/1col/image.png,,20.0,,,0 days 00:01:57.115000,,,,,,,2025,22,Las Vegas Grand Prix,2025-11-22
81,O PIASTRI,PIA,piastri,McLaren,F47600,mclaren,Oscar,Piastri,Oscar Piastri,https://media.formula1.com/d_driver_fallback_image.png/content/dam/fom-website/drivers/O/OSCPIA01_Oscar_Piastri/oscpia01.png.transform/1col/image.png,,1.0,,,0 days 00:01:20.234000,0 days 00:01:19.650000,0 days 00:01:19.387000,,,,,2025,23,Qatar Grand Prix,2025-11-30
4,L NORRIS,NOR,norris,McLaren,F47600,mclaren,Lando,Norris,Lando Norris,https://media.formula1.com/d_driver_fallback_image.png/content/dam/fom-website/drivers/L/LANNOR01_Lando_Norris/lannor01.png.transform/1col/image.png,,2.0,,,0 days 00:01:20.157000,0 days 00:01:19.861000,0 days 00:01:19.495000,,,,,2025,23,Qatar Grand Prix,2025-11-30
1,M VERSTAPPEN,VER,max_verstappen,Red Bull Racing,4781D7,red_bull,Max,Verstappen,Max Verstappen,https://media.formula1.com/d_driver_fallback_image.png/content/dam/fom-website/drivers/M/MAXVER01_Max_Verstappen/maxver01.png.transform/1col/image.png,,3.0,,,0 days 00:01:20.472000,0 days 00:01:19.985000,0 days 00:01:19.651000,,,,,2025,23,Qatar Grand Prix,2025-11-30
63,G RUSSELL,RUS,russell,Mercedes,00D7B6,mercedes,George,Russell,George Russell,https://media.formula1.com/d_driver_fallback_image.png/content/dam/fom-website/drivers/G/GEORUS01_George_Russell/georus01.png.transform/1col/image.png,,4.0,,,0 days 00:01:20.074000,0 days 00:01:20.186000,0 days 00:01:19.662000,,,,,2025,23,Qatar Grand Prix,2025-11-30
12,K ANTONELLI,ANT,antonelli,Mercedes,00D7B6,mercedes,Kimi,Antonelli,Kimi Antonelli,https://media.formula1.com/d_driver_fallback_image.png/content/dam/fom-website/drivers/A/ANDANT01_Andrea%20Kimi_Antonelli/andant01.png.transform/1col/image.png,,5.0,,,0 days 00:01:20.576000,0 days 00:01:20.084000,0 days 00:01:19.846000,,,,,2025,23,Qatar Grand Prix,2025-11-30
6,I HADJAR,HAD,hadjar,Racing Bulls,6C98FF,rb,Isack,Hadjar,Isack Hadjar,https://media.formula1.com/d_driver_fallback_image.png/content/dam/fom-website/drivers/I/ISAHAD01_Isack_Hadjar/isahad01.png.transform/1col/image.png,,6.0,,,0 days 00:01:20.603000,0 days 00:01:20.350000,0 days 00:01:20.114000,,,,,2025,23,Qatar Grand Prix,2025-11-30
55,C SAINZ,SAI,sainz,Williams,1868DB,williams,Carlos,Sainz,Carlos Sainz,https://media.formula1.com/d_driver_fallback_image.png/content/dam/fom-website/drivers/C/CARSAI01_Carlos_Sainz/carsai01.png.transform/1col/image.png,,7.0,,,0 days 00:01:20.520000,0 days 00:01:20.251000,0 days 00:01:20.287000,,,,,2025,23,Qatar Grand Prix,2025-11-30
14,F ALONSO,ALO,alonso,Aston Martin,229971,aston_martin,Fernando,Alonso,Fernando Alonso,https://media.formula1.com/d_driver_fallback_image.png/content/dam/fom-website/drivers/F/FERALO01_Fernando_Alonso/feralo01.png.transform/1col/image.png,,8.0,,,0 days 00:01:20.598000,0 days 00:01:20.219000,0 days 00:01:20.418000,,,,,2025,23,Qatar Grand Prix,2025-11-30
10,P GASLY,GAS,gasly,Alpine,00A1E8,alpine,Pierre,Gasly,Pierre Gasly,https://media.formula1.com/d_driver_fallback_image.png/content/dam/fom-website/drivers/P/PIEGAS01_Pierre_Gasly/piegas01.png.transform/1col/image.png,,9.0,,,0 days 00:01:20.681000,0 days 00:01:20.324000,0 days 00:01:20.477000,,,,,2025,23,Qatar Grand Prix,2025-11-30
16,C LECLERC,LEC,leclerc,Ferrari,ED1131,ferrari,Charles,Leclerc,Charles Leclerc,https://media.formula1.com/d_driver_fallback_image.png/content/dam/fom-website/drivers/C/CHALEC01_Charles_Leclerc/chalec01.png.transform/1col/image.png,,10.0,,,0 days 00:01:20.564000,0 days 00:01:20.343000,0 days 00:01:20.561000,,,,,2025,23,Qatar Grand Prix,2025-11-30
27,N HULKENBERG,HUL,hulkenberg,Kick Sauber,01C00E,sauber,Nico,Hulkenberg,Nico Hulkenberg,https://media.formula1.com/d_driver_fallback_image.png/content/dam/fom-website/drivers/N/NICHUL01_Nico_Hulkenberg/nichul01.png.transform/1col/image.png,,11.0,,,0 days 00:01:20.630000,0 days 00:01:20.353000,,,,,,2025,23,Qatar Grand Prix,2025-11-30
30,L LAWSON,LAW,lawson,Racing Bulls,6C98FF,rb,Liam,Lawson,Liam Lawson,https://media.formula1.com/d_driver_fallback_image.png/content/dam/fom-website/drivers/L/LIALAW01_Liam_Lawson/lialaw01.png.transform/1col/image.png,,12.0,,,0 days 00:01:20.539000,0 days 00:01:20.433000,,,,,,2025,23,Qatar Grand Prix,2025-11-30
87,O BEARMAN,BEA,bearman,Haas F1 Team,9C9FA2,haas,Oliver,Bearman,Oliver Bearman,https://media.formula1.com/d_driver_fallback_image.png/content/dam/fom-website/drivers/O/OLIBEA01_Oliver_Bearman/olibea01.png.transform/1col/image.png,,13.0,,,0 days 00:01:20.548000,0 days 00:01:20.438000,,,,,,2025,23,Qatar Grand Prix,2025-11-30
5,G BORTOLETO,BOR,bortoleto,Kick Sauber,01C00E,sauber,Gabriel,Bortoleto,Gabriel Bortoleto,https://media.formula1.com/d_driver_fallback_image.png/content/dam/fom-website/drivers/G/GABBOR01_Gabriel_Bortoleto/gabbor01.png.transform/1col/image.png,,14.0,,,0 days 00:01:20.653000,0 days 00:01:20.534000,,,,,,2025,23,Qatar Grand Prix,2025-11-30
23,A ALBON,ALB,albon,Williams,1868DB,williams,Alexander,Albon,Alexander Albon,https://media.formula1.com/d_driver_fallback_image.png/content/dam/fom-website/drivers/A/ALEALB01_Alexander_Albon/alealb01.png.transform/1col/image.png,,15.0,,,0 days 00:01:20.629000,0 days 00:01:20.629000,,,,,,2025,23,Qatar Grand Prix,2025-11-30
22,Y TSUNODA,TSU,tsunoda,Red Bull Racing,4781D7,red_bull,Yuki,Tsunoda,Yuki Tsunoda,https://media.formula1.com/d_driver_fallback_image.png/content/dam/fom-website/drivers/Y/YUKTSU01_Yuki_Tsunoda/yuktsu01.png.transform/1col/image.png,,16.0,,,0 days 00:01:20.761000,,,,,,,2025,23,Qatar Grand Prix,2025-11-30
31,E OCON,OCO,ocon,Haas F1 Team,9C9FA2,haas,Esteban,Ocon,Esteban Ocon,https://media.formula1.com/d_driver_fallback_image.png/content/dam/fom-website/drivers/E/ESTOCO01_Esteban_Ocon/estoco01.png.transform/1col/image.png,,17.0,,,0 days 00:01:20.864000,,,,,,,2025,23,Qatar Grand Prix,2025-11-30
44,L HAMILTON,HAM,hamilton,Ferrari,ED1131,ferrari,Lewis,Hamilton,Lewis Hamilton,https://media.formula1.com/d_driver_fallback_image.png/content/dam/fom-website/drivers/L/LEWHAM01_Lewis_Hamilton/lewham01.png.transform/1col/image.png,,18.0,,,0 days 00:01:20.907000,,,,,,,2025,23,Qatar Grand Prix,2025-11-30
18,L STROLL,STR,stroll,Aston Martin,229971,aston_martin,Lance,Stroll,Lance Stroll,https://media.formula1.com/d_driver_fallback_image.png/content/dam/fom-website/drivers/L/LANSTR01_Lance_Stroll/lanstr01.png.transform/1col/image.png,,19.0,,,0 days 00:01:21.058000,,,,,,,2025,23,Qatar Grand Prix,2025-11-30
43,F COLAPINTO,COL,colapinto,Alpine,00A1E8,alpine,Franco,Colapinto,Franco Colapinto,None,,20.0,,,0 days 00:01:21.137000,,,,,,,2025,23,Qatar Grand Prix,2025-11-30
1,M VERSTAPPEN,VER,max_verstappen,Red Bull Racing,4781D7,red_bull,Max,Verstappen,Max Verstappen,https://media.formula1.com/d_driver_fallback_image.png/content/dam/fom-website/drivers/M/MAXVER01_Max_Verstappen/maxver01.png.transform/1col/image.png,,1.0,,,0 days 00:01:22.877000,0 days 00:01:22.752000,0 days 00:01:22.207000,,,,,2025,24,Abu Dhabi Grand Prix,2025-12-07
4,L NORRIS,NOR,norris,McLaren,F47600,mclaren,Lando,Norris,Lando Norris,https://media.formula1.com/d_driver_fallback_image.png/content/dam/fom-website/drivers/L/LANNOR01_Lando_Norris/lannor01.png.transform/1col/image.png,,2.0,,,0 days 00:01:23.178000,0 days 00:01:22.804000,0 days 00:01:22.408000,,,,,2025,24,Abu Dhabi Grand Prix,2025-12-07
81,O PIASTRI,PIA,piastri,McLaren,F47600,mclaren,Oscar,Piastri,Oscar Piastri,https://media.formula1.com/d_driver_fallback_image.png/content/dam/fom-website/drivers/O/OSCPIA01_Oscar_Piastri/oscpia01.png.transform/1col/image.png,,3.0,,,0 days 00:01:22.605000,0 days 00:01:23.021000,0 days 00:01:22.437000,,,,,2025,24,Abu Dhabi Grand Prix,2025-12-07
63,G RUSSELL,RUS,russell,Mercedes,00D7B6,mercedes,George,Russell,George Russell,https://media.formula1.com/d_driver_fallback_image.png/content/dam/fom-website/drivers/G/GEORUS01_George_Russell/georus01.png.transform/1col/image.png,,4.0,,,0 days 00:01:23.247000,0 days 00:01:22.730000,0 days 00:01:22.645000,,,,,2025,24,Abu Dhabi Grand Prix,2025-12-07
16,C LECLERC,LEC,leclerc,Ferrari,ED1131,ferrari,Charles,Leclerc,Charles Leclerc,https://media.formula1.com/d_driver_fallback_image.png/content/dam/fom-website/drivers/C/CHALEC01_Charles_Leclerc/chalec01.png.transform/1col/image.png,,5.0,,,0 days 00:01:23.163000,0 days 00:01:22.948000,0 days 00:01:22.730000,,,,,2025,24,Abu Dhabi Grand Prix,2025-12-07
14,F ALONSO,ALO,alonso,Aston Martin,229971,aston_martin,Fernando,Alonso,Fernando Alonso,https://media.formula1.com/d_driver_fallback_image.png/content/dam/fom-website/drivers/F/FERALO01_Fernando_Alonso/feralo01.png.transform/1col/image.png,,6.0,,,0 days 00:01:23.071000,0 days 00:01:22.861000,0 days 00:01:22.902000,,,,,2025,24,Abu Dhabi Grand Prix,2025-12-07
5,G BORTOLETO,BOR,bortoleto,Kick Sauber,01C00E,sauber,Gabriel,Bortoleto,Gabriel Bortoleto,https://media.formula1.com/d_driver_fallback_image.png/content/dam/fom-website/drivers/G/GABBOR01_Gabriel_Bortoleto/gabbor01.png.transform/1col/image.png,,7.0,,,0 days 00:01:23.374000,0 days 00:01:22.874000,0 days 00:01:22.904000,,,,,2025,24,Abu Dhabi Grand Prix,2025-12-07
31,E OCON,OCO,ocon,Haas F1 Team,9C9FA2,haas,Esteban,Ocon,Esteban Ocon,https://media.formula1.com/d_driver_fallback_image.png/content/dam/fom-website/drivers/E/ESTOCO01_Esteban_Ocon/estoco01.png.transform/1col/image.png,,8.0,,,0 days 00:01:23.334000,0 days 00:01:23.023000,0 days 00:01:22.913000,,,,,2025,24,Abu Dhabi Grand Prix,2025-12-07
6,I HADJAR,HAD,hadjar,Racing Bulls,6C98FF,rb,Isack,Hadjar,Isack Hadjar,https://media.formula1.com/d_driver_fallback_image.png/content/dam/fom-website/drivers/I/ISAHAD01_Isack_Hadjar/isahad01.png.transform/1col/image.png,,9.0,,,0 days 00:01:23.373000,0 days 00:01:22.997000,0 days 00:01:23.072000,,,,,2025,24,Abu Dhabi Grand Prix,2025-12-07
22,Y TSUNODA,TSU,tsunoda,Red Bull Racing,4781D7,red_bull,Yuki,Tsunoda,Yuki Tsunoda,https://media.formula1.com/d_driver_fallback_image.png/content/dam/fom-website/drivers/Y/YUKTSU01_Yuki_Tsunoda/yuktsu01.png.transform/1col/image.png,,10.0,,,0 days 00:01:23.386000,0 days 00:01:23.034000,,,,,,2025,24,Abu Dhabi Grand Prix,2025-12-07
87,O BEARMAN,BEA,bearman,Haas F1 Team,9C9FA2,haas,Oliver,Bearman,Oliver Bearman,https://media.formula1.com/d_driver_fallback_image.png/content/dam/fom-website/drivers/O/OLIBEA01_Oliver_Bearman/olibea01.png.transform/1col/image.png,,11.0,,,0 days 00:01:23.254000,0 days 00:01:23.041000,,,,,,2025,24,Abu Dhabi Grand Prix,2025-12-07
55,C SAINZ,SAI,sainz,Williams,1868DB,williams,Carlos,Sainz,Carlos Sainz,https://media.formula1.com/d_driver_fallback_image.png/content/dam/fom-website/drivers/C/CARSAI01_Carlos_Sainz/carsai01.png.transform/1col/image.png,,12.0,,,0 days 00:01:23.187000,0 days 00:01:23.042000,,,,,,2025,24,Abu Dhabi Grand Prix,2025-12-07
30,L LAWSON,LAW,lawson,Racing Bulls,6C98FF,rb,Liam,Lawson,Liam Lawson,https://media.formula1.com/d_driver_fallback_image.png/content/dam/fom-website/drivers/L/LIALAW01_Liam_Lawson/lialaw01.png.transform/1col/image.png,,13.0,,,0 days 00:01:23.265000,0 days 00:01:23.077000,,,,,,2025,24,Abu Dhabi Grand Prix,2025-12-07
12,K ANTONELLI,ANT,antonelli,Mercedes,00D7B6,mercedes,Kimi,Antonelli,Kimi Antonelli,https://media.formula1.com/d_driver_fallback_image.png/content/dam/fom-website/drivers/A/ANDANT01_Andrea%20Kimi_Antonelli/andant01.png.transform/1col/image.png,,14.0,,,0 days 00:01:22.894000,0 days 00:01:23.080000,,,,,,2025,24,Abu Dhabi Grand Prix,2025-12-07
18,L STROLL,STR,stroll,Aston Martin,229971,aston_martin,Lance,Stroll,Lance Stroll,https://media.formula1.com/d_driver_fallback_image.png/content/dam/fom-website/drivers/L/LANSTR01_Lance_Stroll/lanstr01.png.transform/1col/image.png,,15.0,,,0 days 00:01:23.316000,0 days 00:01:23.097000,,,,,,2025,24,Abu Dhabi Grand Prix,2025-12-07
44,L HAMILTON,HAM,hamilton,Ferrari,ED1131,ferrari,Lewis,Hamilton,Lewis Hamilton,https://media.formula1.com/d_driver_fallback_image.png/content/dam/fom-website/drivers/L/LEWHAM01_Lewis_Hamilton/lewham01.png.transform/1col/image.png,,16.0,,,0 days 00:01:23.394000,,,,,,,2025,24,Abu Dhabi Grand Prix,2025-12-07
23,A ALBON,ALB,albon,Williams,1868DB,williams,Alexander,Albon,Alexander Albon,https://media.formula1.com/d_driver_fallback_image.png/content/dam/fom-website/drivers/A/ALEALB01_Alexander_Albon/alealb01.png.transform/1col/image.png,,17.0,,,0 days 00:01:23.416000,,,,,,,2025,24,Abu Dhabi Grand Prix,2025-12-07
27,N HULKENBERG,HUL,hulkenberg,Kick Sauber,01C00E,sauber,Nico,Hulkenberg,Nico Hulkenberg,https://media.formula1.com/d_driver_fallback_image.png/content/dam/fom-website/drivers/N/NICHUL01_Nico_Hulkenberg/nichul01.png.transform/1col/image.png,,18.0,,,0 days 00:01:23.450000,,,,,,,2025,24,Abu Dhabi Grand Prix,2025-12-07
10,P GASLY,GAS,gasly,Alpine,00A1E8,alpine,Pierre,Gasly,Pierre Gasly,https://media.formula1.com/d_driver_fallback_image.png/content/dam/fom-website/drivers/P/PIEGAS01_Pierre_Gasly/piegas01.png.transform/1col/image.png,,19.0,,,0 days 00:01:23.468000,,,,,,,2025,24,Abu Dhabi Grand Prix,2025-12-07
43,F COLAPINTO,COL,colapinto,Alpine,00A1E8,alpine,Franco,Colapinto,Franco Colapinto,None,,20.0,,,0 days 00:01:23.890000,,,,,,,2025,24,Abu Dhabi Grand Prix,2025-12-07
